Date,Open,High,Low,Close,Volume,DatePart,Year,S1_Pivot_Simple,S2_Pivot_Simple,R1_Pivot_Simple,R2_Pivot_Simple,Day_High,Day_Low,Day_Open,Day_Close,PivotPoint,S1_Pivot_Fibonacci,S2_Pivot_Fibonacci,R1_Pivot_Fibonacci,R2_Pivot_Fibonacci,S3_Pivot_Fibonacci,R3_Pivot_Fibonacci,Order_Status,Order_Signal,Order_Price,Target,Stop_Loss,Hour,Minute
2019-03-06 09:15:00,2895.65,2903.75,2885.1,2896.0,14217,2019-03-06,2019,2834.716666666666,2773.783333333333,2936.866666666666,2978.083333333333,2917.15,2815.0,2835.05,2895.65,2875.933333333333,2836.912033333333,2812.8046333333327,2914.954633333333,2939.062033333333,2671.6333333333328,3080.233333333333,,,0.0,0.0,0.0,9,15
2019-03-06 09:20:00,2896.0,2897.75,2883.1,2888.0,9923,2019-03-06,2019,2834.716666666666,2773.783333333333,2936.866666666666,2978.083333333333,2917.15,2815.0,2835.05,2895.65,2875.933333333333,2836.912033333333,2812.8046333333327,2914.954633333333,2939.062033333333,2671.6333333333328,3080.233333333333,,,0.0,0.0,0.0,9,20
2019-03-06 09:25:00,2888.0,2888.0,2880.95,2885.95,7783,2019-03-06,2019,2834.716666666666,2773.783333333333,2936.866666666666,2978.083333333333,2917.15,2815.0,2835.05,2895.65,2875.933333333333,2836.912033333333,2812.8046333333327,2914.954633333333,2939.062033333333,2671.6333333333328,3080.233333333333,,,0.0,0.0,0.0,9,25
2019-03-06 09:30:00,2885.95,2887.05,2876.25,2877.2,6925,2019-03-06,2019,2834.716666666666,2773.783333333333,2936.866666666666,2978.083333333333,2917.15,2815.0,2835.05,2895.65,2875.933333333333,2836.912033333333,2812.8046333333327,2914.954633333333,2939.062033333333,2671.6333333333328,3080.233333333333,,,0.0,0.0,0.0,9,30
2019-03-06 09:35:00,2877.2,2879.7,2876.3,2878.6,4989,2019-03-06,2019,2834.716666666666,2773.783333333333,2936.866666666666,2978.083333333333,2917.15,2815.0,2835.05,2895.65,2875.933333333333,2836.912033333333,2812.8046333333327,2914.954633333333,2939.062033333333,2671.6333333333328,3080.233333333333,,,0.0,0.0,0.0,9,35
2019-03-06 09:40:00,2878.6,2881.5,2877.0,2881.2,4292,2019-03-06,2019,2834.716666666666,2773.783333333333,2936.866666666666,2978.083333333333,2917.15,2815.0,2835.05,2895.65,2875.933333333333,2836.912033333333,2812.8046333333327,2914.954633333333,2939.062033333333,2671.6333333333328,3080.233333333333,,,0.0,0.0,0.0,9,40
2019-03-06 09:45:00,2881.2,2890.0,2881.0,2888.4,7662,2019-03-06,2019,2834.716666666666,2773.783333333333,2936.866666666666,2978.083333333333,2917.15,2815.0,2835.05,2895.65,2875.933333333333,2836.912033333333,2812.8046333333327,2914.954633333333,2939.062033333333,2671.6333333333328,3080.233333333333,,,0.0,0.0,0.0,9,45
2019-03-06 09:50:00,2888.5,2893.0,2881.0,2889.95,10115,2019-03-06,2019,2834.716666666666,2773.783333333333,2936.866666666666,2978.083333333333,2917.15,2815.0,2835.05,2895.65,2875.933333333333,2836.912033333333,2812.8046333333327,2914.954633333333,2939.062033333333,2671.6333333333328,3080.233333333333,,,0.0,0.0,0.0,9,50
2019-03-06 09:55:00,2890.0,2899.9,2887.9,2899.9,8771,2019-03-06,2019,2834.716666666666,2773.783333333333,2936.866666666666,2978.083333333333,2917.15,2815.0,2835.05,2895.65,2875.933333333333,2836.912033333333,2812.8046333333327,2914.954633333333,2939.062033333333,2671.6333333333328,3080.233333333333,,,0.0,0.0,0.0,9,55
2019-03-06 10:00:00,2899.9,2903.0,2899.05,2900.8,10579,2019-03-06,2019,2834.716666666666,2773.783333333333,2936.866666666666,2978.083333333333,2917.15,2815.0,2835.05,2895.65,2875.933333333333,2836.912033333333,2812.8046333333327,2914.954633333333,2939.062033333333,2671.6333333333328,3080.233333333333,,,0.0,0.0,0.0,10,0
2019-03-06 10:05:00,2900.8,2913.9,2900.75,2906.75,13219,2019-03-06,2019,2834.716666666666,2773.783333333333,2936.866666666666,2978.083333333333,2917.15,2815.0,2835.05,2895.65,2875.933333333333,2836.912033333333,2812.8046333333327,2914.954633333333,2939.062033333333,2671.6333333333328,3080.233333333333,,,0.0,0.0,0.0,10,5
2019-03-06 10:10:00,2906.8,2911.95,2905.0,2910.0,6928,2019-03-06,2019,2834.716666666666,2773.783333333333,2936.866666666666,2978.083333333333,2917.15,2815.0,2835.05,2895.65,2875.933333333333,2836.912033333333,2812.8046333333327,2914.954633333333,2939.062033333333,2671.6333333333328,3080.233333333333,,,0.0,0.0,0.0,10,10
2019-03-06 10:15:00,2910.0,2910.95,2899.0,2899.0,7140,2019-03-06,2019,2834.716666666666,2773.783333333333,2936.866666666666,2978.083333333333,2917.15,2815.0,2835.05,2895.65,2875.933333333333,2836.912033333333,2812.8046333333327,2914.954633333333,2939.062033333333,2671.6333333333328,3080.233333333333,,,0.0,0.0,0.0,10,15
2019-03-06 10:20:00,2899.0,2900.0,2886.0,2887.75,8843,2019-03-06,2019,2834.716666666666,2773.783333333333,2936.866666666666,2978.083333333333,2917.15,2815.0,2835.05,2895.65,2875.933333333333,2836.912033333333,2812.8046333333327,2914.954633333333,2939.062033333333,2671.6333333333328,3080.233333333333,,,0.0,0.0,0.0,10,20
2019-03-06 10:25:00,2885.45,2895.5,2885.45,2895.35,5251,2019-03-06,2019,2834.716666666666,2773.783333333333,2936.866666666666,2978.083333333333,2917.15,2815.0,2835.05,2895.65,2875.933333333333,2836.912033333333,2812.8046333333327,2914.954633333333,2939.062033333333,2671.6333333333328,3080.233333333333,,,0.0,0.0,0.0,10,25
2019-03-06 10:30:00,2895.35,2895.35,2886.15,2888.0,2828,2019-03-06,2019,2834.716666666666,2773.783333333333,2936.866666666666,2978.083333333333,2917.15,2815.0,2835.05,2895.65,2875.933333333333,2836.912033333333,2812.8046333333327,2914.954633333333,2939.062033333333,2671.6333333333328,3080.233333333333,,,0.0,0.0,0.0,10,30
2019-03-06 10:35:00,2888.9,2894.85,2888.9,2892.95,3235,2019-03-06,2019,2834.716666666666,2773.783333333333,2936.866666666666,2978.083333333333,2917.15,2815.0,2835.05,2895.65,2875.933333333333,2836.912033333333,2812.8046333333327,2914.954633333333,2939.062033333333,2671.6333333333328,3080.233333333333,,,0.0,0.0,0.0,10,35
2019-03-06 10:40:00,2892.95,2899.95,2892.2,2899.0,3382,2019-03-06,2019,2834.716666666666,2773.783333333333,2936.866666666666,2978.083333333333,2917.15,2815.0,2835.05,2895.65,2875.933333333333,2836.912033333333,2812.8046333333327,2914.954633333333,2939.062033333333,2671.6333333333328,3080.233333333333,,,0.0,0.0,0.0,10,40
2019-03-06 10:45:00,2899.0,2900.0,2895.0,2896.1,3361,2019-03-06,2019,2834.716666666666,2773.783333333333,2936.866666666666,2978.083333333333,2917.15,2815.0,2835.05,2895.65,2875.933333333333,2836.912033333333,2812.8046333333327,2914.954633333333,2939.062033333333,2671.6333333333328,3080.233333333333,,,0.0,0.0,0.0,10,45
2019-03-06 10:50:00,2896.1,2898.7,2895.25,2898.7,703,2019-03-06,2019,2834.716666666666,2773.783333333333,2936.866666666666,2978.083333333333,2917.15,2815.0,2835.05,2895.65,2875.933333333333,2836.912033333333,2812.8046333333327,2914.954633333333,2939.062033333333,2671.6333333333328,3080.233333333333,,,0.0,0.0,0.0,10,50
2019-03-06 10:55:00,2898.7,2898.7,2896.2,2896.55,264,2019-03-06,2019,2834.716666666666,2773.783333333333,2936.866666666666,2978.083333333333,2917.15,2815.0,2835.05,2895.65,2875.933333333333,2836.912033333333,2812.8046333333327,2914.954633333333,2939.062033333333,2671.6333333333328,3080.233333333333,,,0.0,0.0,0.0,10,55
2019-03-06 11:00:00,2896.55,2897.15,2892.1,2892.3,2380,2019-03-06,2019,2834.716666666666,2773.783333333333,2936.866666666666,2978.083333333333,2917.15,2815.0,2835.05,2895.65,2875.933333333333,2836.912033333333,2812.8046333333327,2914.954633333333,2939.062033333333,2671.6333333333328,3080.233333333333,,,0.0,0.0,0.0,11,0
2019-03-06 11:05:00,2892.3,2893.9,2888.9,2890.55,1878,2019-03-06,2019,2834.716666666666,2773.783333333333,2936.866666666666,2978.083333333333,2917.15,2815.0,2835.05,2895.65,2875.933333333333,2836.912033333333,2812.8046333333327,2914.954633333333,2939.062033333333,2671.6333333333328,3080.233333333333,,,0.0,0.0,0.0,11,5
2019-03-06 11:10:00,2890.55,2893.55,2888.5,2893.45,2777,2019-03-06,2019,2834.716666666666,2773.783333333333,2936.866666666666,2978.083333333333,2917.15,2815.0,2835.05,2895.65,2875.933333333333,2836.912033333333,2812.8046333333327,2914.954633333333,2939.062033333333,2671.6333333333328,3080.233333333333,,,0.0,0.0,0.0,11,10
2019-03-06 11:15:00,2893.45,2893.45,2888.0,2889.05,83544,2019-03-06,2019,2834.716666666666,2773.783333333333,2936.866666666666,2978.083333333333,2917.15,2815.0,2835.05,2895.65,2875.933333333333,2836.912033333333,2812.8046333333327,2914.954633333333,2939.062033333333,2671.6333333333328,3080.233333333333,,,0.0,0.0,0.0,11,15
2019-03-06 11:20:00,2889.05,2892.95,2888.0,2891.65,2454,2019-03-06,2019,2834.716666666666,2773.783333333333,2936.866666666666,2978.083333333333,2917.15,2815.0,2835.05,2895.65,2875.933333333333,2836.912033333333,2812.8046333333327,2914.954633333333,2939.062033333333,2671.6333333333328,3080.233333333333,,,0.0,0.0,0.0,11,20
2019-03-06 11:25:00,2891.65,2891.8,2888.0,2890.25,2588,2019-03-06,2019,2834.716666666666,2773.783333333333,2936.866666666666,2978.083333333333,2917.15,2815.0,2835.05,2895.65,2875.933333333333,2836.912033333333,2812.8046333333327,2914.954633333333,2939.062033333333,2671.6333333333328,3080.233333333333,,,0.0,0.0,0.0,11,25
2019-03-06 11:30:00,2890.25,2899.5,2890.25,2899.4,6621,2019-03-06,2019,2834.716666666666,2773.783333333333,2936.866666666666,2978.083333333333,2917.15,2815.0,2835.05,2895.65,2875.933333333333,2836.912033333333,2812.8046333333327,2914.954633333333,2939.062033333333,2671.6333333333328,3080.233333333333,,,0.0,0.0,0.0,11,30
2019-03-06 11:35:00,2899.4,2900.65,2892.15,2892.5,205287,2019-03-06,2019,2834.716666666666,2773.783333333333,2936.866666666666,2978.083333333333,2917.15,2815.0,2835.05,2895.65,2875.933333333333,2836.912033333333,2812.8046333333327,2914.954633333333,2939.062033333333,2671.6333333333328,3080.233333333333,,,0.0,0.0,0.0,11,35
2019-03-06 11:40:00,2892.5,2893.0,2888.0,2890.95,5443,2019-03-06,2019,2834.716666666666,2773.783333333333,2936.866666666666,2978.083333333333,2917.15,2815.0,2835.05,2895.65,2875.933333333333,2836.912033333333,2812.8046333333327,2914.954633333333,2939.062033333333,2671.6333333333328,3080.233333333333,,,0.0,0.0,0.0,11,40
2019-03-06 11:45:00,2890.95,2890.95,2885.0,2887.95,4349,2019-03-06,2019,2834.716666666666,2773.783333333333,2936.866666666666,2978.083333333333,2917.15,2815.0,2835.05,2895.65,2875.933333333333,2836.912033333333,2812.8046333333327,2914.954633333333,2939.062033333333,2671.6333333333328,3080.233333333333,,,0.0,0.0,0.0,11,45
2019-03-06 11:50:00,2887.95,2890.2,2885.1,2890.2,3453,2019-03-06,2019,2834.716666666666,2773.783333333333,2936.866666666666,2978.083333333333,2917.15,2815.0,2835.05,2895.65,2875.933333333333,2836.912033333333,2812.8046333333327,2914.954633333333,2939.062033333333,2671.6333333333328,3080.233333333333,,,0.0,0.0,0.0,11,50
2019-03-06 11:55:00,2890.2,2892.5,2890.0,2890.1,1555,2019-03-06,2019,2834.716666666666,2773.783333333333,2936.866666666666,2978.083333333333,2917.15,2815.0,2835.05,2895.65,2875.933333333333,2836.912033333333,2812.8046333333327,2914.954633333333,2939.062033333333,2671.6333333333328,3080.233333333333,,,0.0,0.0,0.0,11,55
2019-03-06 12:00:00,2890.1,2890.1,2888.0,2888.35,797,2019-03-06,2019,2834.716666666666,2773.783333333333,2936.866666666666,2978.083333333333,2917.15,2815.0,2835.05,2895.65,2875.933333333333,2836.912033333333,2812.8046333333327,2914.954633333333,2939.062033333333,2671.6333333333328,3080.233333333333,,,0.0,0.0,0.0,12,0
2019-03-06 12:05:00,2888.35,2891.8,2888.35,2890.5,1242,2019-03-06,2019,2834.716666666666,2773.783333333333,2936.866666666666,2978.083333333333,2917.15,2815.0,2835.05,2895.65,2875.933333333333,2836.912033333333,2812.8046333333327,2914.954633333333,2939.062033333333,2671.6333333333328,3080.233333333333,,,0.0,0.0,0.0,12,5
2019-03-06 12:10:00,2890.5,2892.5,2889.0,2890.0,20008,2019-03-06,2019,2834.716666666666,2773.783333333333,2936.866666666666,2978.083333333333,2917.15,2815.0,2835.05,2895.65,2875.933333333333,2836.912033333333,2812.8046333333327,2914.954633333333,2939.062033333333,2671.6333333333328,3080.233333333333,,,0.0,0.0,0.0,12,10
2019-03-06 12:15:00,2890.0,2891.0,2888.3,2888.3,1768,2019-03-06,2019,2834.716666666666,2773.783333333333,2936.866666666666,2978.083333333333,2917.15,2815.0,2835.05,2895.65,2875.933333333333,2836.912033333333,2812.8046333333327,2914.954633333333,2939.062033333333,2671.6333333333328,3080.233333333333,,,0.0,0.0,0.0,12,15
2019-03-06 12:20:00,2888.4,2892.0,2888.4,2892.0,11322,2019-03-06,2019,2834.716666666666,2773.783333333333,2936.866666666666,2978.083333333333,2917.15,2815.0,2835.05,2895.65,2875.933333333333,2836.912033333333,2812.8046333333327,2914.954633333333,2939.062033333333,2671.6333333333328,3080.233333333333,,,0.0,0.0,0.0,12,20
2019-03-06 12:25:00,2892.0,2895.5,2891.3,2894.65,3409,2019-03-06,2019,2834.716666666666,2773.783333333333,2936.866666666666,2978.083333333333,2917.15,2815.0,2835.05,2895.65,2875.933333333333,2836.912033333333,2812.8046333333327,2914.954633333333,2939.062033333333,2671.6333333333328,3080.233333333333,,,0.0,0.0,0.0,12,25
2019-03-06 12:30:00,2894.65,2897.8,2893.25,2894.85,2449,2019-03-06,2019,2834.716666666666,2773.783333333333,2936.866666666666,2978.083333333333,2917.15,2815.0,2835.05,2895.65,2875.933333333333,2836.912033333333,2812.8046333333327,2914.954633333333,2939.062033333333,2671.6333333333328,3080.233333333333,,,0.0,0.0,0.0,12,30
2019-03-06 12:35:00,2894.85,2896.0,2893.0,2894.1,1106,2019-03-06,2019,2834.716666666666,2773.783333333333,2936.866666666666,2978.083333333333,2917.15,2815.0,2835.05,2895.65,2875.933333333333,2836.912033333333,2812.8046333333327,2914.954633333333,2939.062033333333,2671.6333333333328,3080.233333333333,,,0.0,0.0,0.0,12,35
2019-03-06 12:40:00,2893.55,2897.65,2893.0,2896.9,1307,2019-03-06,2019,2834.716666666666,2773.783333333333,2936.866666666666,2978.083333333333,2917.15,2815.0,2835.05,2895.65,2875.933333333333,2836.912033333333,2812.8046333333327,2914.954633333333,2939.062033333333,2671.6333333333328,3080.233333333333,,,0.0,0.0,0.0,12,40
2019-03-06 12:45:00,2896.9,2896.95,2895.3,2896.75,681,2019-03-06,2019,2834.716666666666,2773.783333333333,2936.866666666666,2978.083333333333,2917.15,2815.0,2835.05,2895.65,2875.933333333333,2836.912033333333,2812.8046333333327,2914.954633333333,2939.062033333333,2671.6333333333328,3080.233333333333,,,0.0,0.0,0.0,12,45
2019-03-06 12:50:00,2896.75,2903.0,2890.0,2892.0,5190,2019-03-06,2019,2834.716666666666,2773.783333333333,2936.866666666666,2978.083333333333,2917.15,2815.0,2835.05,2895.65,2875.933333333333,2836.912033333333,2812.8046333333327,2914.954633333333,2939.062033333333,2671.6333333333328,3080.233333333333,,,0.0,0.0,0.0,12,50
2019-03-06 12:55:00,2892.0,2892.9,2889.0,2889.9,1458,2019-03-06,2019,2834.716666666666,2773.783333333333,2936.866666666666,2978.083333333333,2917.15,2815.0,2835.05,2895.65,2875.933333333333,2836.912033333333,2812.8046333333327,2914.954633333333,2939.062033333333,2671.6333333333328,3080.233333333333,,,0.0,0.0,0.0,12,55
2019-03-06 13:00:00,2889.9,2891.75,2889.0,2891.5,3563,2019-03-06,2019,2834.716666666666,2773.783333333333,2936.866666666666,2978.083333333333,2917.15,2815.0,2835.05,2895.65,2875.933333333333,2836.912033333333,2812.8046333333327,2914.954633333333,2939.062033333333,2671.6333333333328,3080.233333333333,,,0.0,0.0,0.0,13,0
2019-03-06 13:05:00,2891.5,2894.5,2890.85,2893.95,648,2019-03-06,2019,2834.716666666666,2773.783333333333,2936.866666666666,2978.083333333333,2917.15,2815.0,2835.05,2895.65,2875.933333333333,2836.912033333333,2812.8046333333327,2914.954633333333,2939.062033333333,2671.6333333333328,3080.233333333333,,,0.0,0.0,0.0,13,5
2019-03-06 13:10:00,2893.7,2893.95,2889.0,2892.95,717,2019-03-06,2019,2834.716666666666,2773.783333333333,2936.866666666666,2978.083333333333,2917.15,2815.0,2835.05,2895.65,2875.933333333333,2836.912033333333,2812.8046333333327,2914.954633333333,2939.062033333333,2671.6333333333328,3080.233333333333,,,0.0,0.0,0.0,13,10
2019-03-06 13:15:00,2892.95,2892.95,2888.0,2889.05,4386,2019-03-06,2019,2834.716666666666,2773.783333333333,2936.866666666666,2978.083333333333,2917.15,2815.0,2835.05,2895.65,2875.933333333333,2836.912033333333,2812.8046333333327,2914.954633333333,2939.062033333333,2671.6333333333328,3080.233333333333,,,0.0,0.0,0.0,13,15
2019-03-06 13:20:00,2889.05,2890.9,2888.0,2890.9,5357,2019-03-06,2019,2834.716666666666,2773.783333333333,2936.866666666666,2978.083333333333,2917.15,2815.0,2835.05,2895.65,2875.933333333333,2836.912033333333,2812.8046333333327,2914.954633333333,2939.062033333333,2671.6333333333328,3080.233333333333,,,0.0,0.0,0.0,13,20
2019-03-06 13:25:00,2890.9,2891.0,2889.0,2889.05,1757,2019-03-06,2019,2834.716666666666,2773.783333333333,2936.866666666666,2978.083333333333,2917.15,2815.0,2835.05,2895.65,2875.933333333333,2836.912033333333,2812.8046333333327,2914.954633333333,2939.062033333333,2671.6333333333328,3080.233333333333,,,0.0,0.0,0.0,13,25
2019-03-06 13:30:00,2889.05,2892.8,2888.0,2891.1,2404,2019-03-06,2019,2834.716666666666,2773.783333333333,2936.866666666666,2978.083333333333,2917.15,2815.0,2835.05,2895.65,2875.933333333333,2836.912033333333,2812.8046333333327,2914.954633333333,2939.062033333333,2671.6333333333328,3080.233333333333,,,0.0,0.0,0.0,13,30
2019-03-06 13:35:00,2891.1,2892.35,2889.0,2891.65,691,2019-03-06,2019,2834.716666666666,2773.783333333333,2936.866666666666,2978.083333333333,2917.15,2815.0,2835.05,2895.65,2875.933333333333,2836.912033333333,2812.8046333333327,2914.954633333333,2939.062033333333,2671.6333333333328,3080.233333333333,,,0.0,0.0,0.0,13,35
2019-03-06 13:40:00,2891.65,2893.0,2889.45,2891.6,848,2019-03-06,2019,2834.716666666666,2773.783333333333,2936.866666666666,2978.083333333333,2917.15,2815.0,2835.05,2895.65,2875.933333333333,2836.912033333333,2812.8046333333327,2914.954633333333,2939.062033333333,2671.6333333333328,3080.233333333333,,,0.0,0.0,0.0,13,40
2019-03-06 13:45:00,2891.6,2894.0,2890.1,2893.55,834,2019-03-06,2019,2834.716666666666,2773.783333333333,2936.866666666666,2978.083333333333,2917.15,2815.0,2835.05,2895.65,2875.933333333333,2836.912033333333,2812.8046333333327,2914.954633333333,2939.062033333333,2671.6333333333328,3080.233333333333,,,0.0,0.0,0.0,13,45
2019-03-06 13:50:00,2893.55,2893.6,2890.0,2890.2,883,2019-03-06,2019,2834.716666666666,2773.783333333333,2936.866666666666,2978.083333333333,2917.15,2815.0,2835.05,2895.65,2875.933333333333,2836.912033333333,2812.8046333333327,2914.954633333333,2939.062033333333,2671.6333333333328,3080.233333333333,,,0.0,0.0,0.0,13,50
2019-03-06 13:55:00,2890.25,2897.8,2889.0,2895.3,3764,2019-03-06,2019,2834.716666666666,2773.783333333333,2936.866666666666,2978.083333333333,2917.15,2815.0,2835.05,2895.65,2875.933333333333,2836.912033333333,2812.8046333333327,2914.954633333333,2939.062033333333,2671.6333333333328,3080.233333333333,,,0.0,0.0,0.0,13,55
2019-03-06 14:00:00,2895.4,2898.8,2894.8,2895.85,3000,2019-03-06,2019,2834.716666666666,2773.783333333333,2936.866666666666,2978.083333333333,2917.15,2815.0,2835.05,2895.65,2875.933333333333,2836.912033333333,2812.8046333333327,2914.954633333333,2939.062033333333,2671.6333333333328,3080.233333333333,,,0.0,0.0,0.0,14,0
2019-03-06 14:05:00,2895.85,2897.6,2895.4,2897.6,2084,2019-03-06,2019,2834.716666666666,2773.783333333333,2936.866666666666,2978.083333333333,2917.15,2815.0,2835.05,2895.65,2875.933333333333,2836.912033333333,2812.8046333333327,2914.954633333333,2939.062033333333,2671.6333333333328,3080.233333333333,,,0.0,0.0,0.0,14,5
2019-03-06 14:10:00,2897.85,2898.0,2895.0,2898.0,1647,2019-03-06,2019,2834.716666666666,2773.783333333333,2936.866666666666,2978.083333333333,2917.15,2815.0,2835.05,2895.65,2875.933333333333,2836.912033333333,2812.8046333333327,2914.954633333333,2939.062033333333,2671.6333333333328,3080.233333333333,,,0.0,0.0,0.0,14,10
2019-03-06 14:15:00,2898.0,2899.0,2895.05,2896.85,2883,2019-03-06,2019,2834.716666666666,2773.783333333333,2936.866666666666,2978.083333333333,2917.15,2815.0,2835.05,2895.65,2875.933333333333,2836.912033333333,2812.8046333333327,2914.954633333333,2939.062033333333,2671.6333333333328,3080.233333333333,,,0.0,0.0,0.0,14,15
2019-03-06 14:20:00,2898.0,2899.0,2897.0,2898.5,1102,2019-03-06,2019,2834.716666666666,2773.783333333333,2936.866666666666,2978.083333333333,2917.15,2815.0,2835.05,2895.65,2875.933333333333,2836.912033333333,2812.8046333333327,2914.954633333333,2939.062033333333,2671.6333333333328,3080.233333333333,,,0.0,0.0,0.0,14,20
2019-03-06 14:25:00,2899.0,2899.0,2895.5,2898.85,1973,2019-03-06,2019,2834.716666666666,2773.783333333333,2936.866666666666,2978.083333333333,2917.15,2815.0,2835.05,2895.65,2875.933333333333,2836.912033333333,2812.8046333333327,2914.954633333333,2939.062033333333,2671.6333333333328,3080.233333333333,,,0.0,0.0,0.0,14,25
2019-03-06 14:30:00,2899.0,2899.0,2895.7,2897.15,1891,2019-03-06,2019,2834.716666666666,2773.783333333333,2936.866666666666,2978.083333333333,2917.15,2815.0,2835.05,2895.65,2875.933333333333,2836.912033333333,2812.8046333333327,2914.954633333333,2939.062033333333,2671.6333333333328,3080.233333333333,,,0.0,0.0,0.0,14,30
2019-03-06 14:35:00,2897.65,2897.65,2895.0,2895.35,1897,2019-03-06,2019,2834.716666666666,2773.783333333333,2936.866666666666,2978.083333333333,2917.15,2815.0,2835.05,2895.65,2875.933333333333,2836.912033333333,2812.8046333333327,2914.954633333333,2939.062033333333,2671.6333333333328,3080.233333333333,,,0.0,0.0,0.0,14,35
2019-03-06 14:40:00,2896.35,2901.0,2895.75,2901.0,3746,2019-03-06,2019,2834.716666666666,2773.783333333333,2936.866666666666,2978.083333333333,2917.15,2815.0,2835.05,2895.65,2875.933333333333,2836.912033333333,2812.8046333333327,2914.954633333333,2939.062033333333,2671.6333333333328,3080.233333333333,,,0.0,0.0,0.0,14,40
2019-03-06 14:45:00,2901.0,2910.0,2900.0,2907.25,12053,2019-03-06,2019,2834.716666666666,2773.783333333333,2936.866666666666,2978.083333333333,2917.15,2815.0,2835.05,2895.65,2875.933333333333,2836.912033333333,2812.8046333333327,2914.954633333333,2939.062033333333,2671.6333333333328,3080.233333333333,,,0.0,0.0,0.0,14,45
2019-03-06 14:50:00,2908.0,2909.05,2902.25,2909.0,6933,2019-03-06,2019,2834.716666666666,2773.783333333333,2936.866666666666,2978.083333333333,2917.15,2815.0,2835.05,2895.65,2875.933333333333,2836.912033333333,2812.8046333333327,2914.954633333333,2939.062033333333,2671.6333333333328,3080.233333333333,,,0.0,0.0,0.0,14,50
2019-03-06 14:55:00,2909.9,2924.9,2909.0,2917.0,31397,2019-03-06,2019,2834.716666666666,2773.783333333333,2936.866666666666,2978.083333333333,2917.15,2815.0,2835.05,2895.65,2875.933333333333,2836.912033333333,2812.8046333333327,2914.954633333333,2939.062033333333,2671.6333333333328,3080.233333333333,,,0.0,0.0,0.0,14,55
2019-03-06 15:00:00,2918.0,2933.0,2917.0,2932.55,28598,2019-03-06,2019,2834.716666666666,2773.783333333333,2936.866666666666,2978.083333333333,2917.15,2815.0,2835.05,2895.65,2875.933333333333,2836.912033333333,2812.8046333333327,2914.954633333333,2939.062033333333,2671.6333333333328,3080.233333333333,,,0.0,0.0,0.0,15,0
2019-03-06 15:05:00,2932.55,2942.0,2931.3,2940.95,30139,2019-03-06,2019,2834.716666666666,2773.783333333333,2936.866666666666,2978.083333333333,2917.15,2815.0,2835.05,2895.65,2875.933333333333,2836.912033333333,2812.8046333333327,2914.954633333333,2939.062033333333,2671.6333333333328,3080.233333333333,,,0.0,0.0,0.0,15,5
2019-03-06 15:10:00,2940.05,2941.8,2926.05,2929.5,17613,2019-03-06,2019,2834.716666666666,2773.783333333333,2936.866666666666,2978.083333333333,2917.15,2815.0,2835.05,2895.65,2875.933333333333,2836.912033333333,2812.8046333333327,2914.954633333333,2939.062033333333,2671.6333333333328,3080.233333333333,,,0.0,0.0,0.0,15,10
2019-03-06 15:15:00,2929.5,2929.7,2923.35,2929.25,13610,2019-03-06,2019,2834.716666666666,2773.783333333333,2936.866666666666,2978.083333333333,2917.15,2815.0,2835.05,2895.65,2875.933333333333,2836.912033333333,2812.8046333333327,2914.954633333333,2939.062033333333,2671.6333333333328,3080.233333333333,,,0.0,0.0,0.0,15,15
2019-03-06 15:20:00,2929.15,2932.0,2928.0,2930.0,11639,2019-03-06,2019,2834.716666666666,2773.783333333333,2936.866666666666,2978.083333333333,2917.15,2815.0,2835.05,2895.65,2875.933333333333,2836.912033333333,2812.8046333333327,2914.954633333333,2939.062033333333,2671.6333333333328,3080.233333333333,,,0.0,0.0,0.0,15,20
2019-03-06 15:25:00,2928.4,2928.4,2905.1,2910.0,35532,2019-03-06,2019,2834.716666666666,2773.783333333333,2936.866666666666,2978.083333333333,2917.15,2815.0,2835.05,2895.65,2875.933333333333,2836.912033333333,2812.8046333333327,2914.954633333333,2939.062033333333,2671.6333333333328,3080.233333333333,,,0.0,0.0,0.0,15,25
2019-03-07 09:15:00,2927.0,2927.0,2905.0,2909.25,10421,2019-03-07,2019,2876.833333333333,2843.6666666666665,2942.583333333333,2975.1666666666665,2942.0,2876.25,2895.65,2910.0,2909.4166666666665,2884.3001666666664,2868.7831666666666,2934.5331666666666,2950.0501666666664,2777.9166666666665,3040.9166666666665,,,0.0,0.0,0.0,9,15
2019-03-07 09:20:00,2909.25,2910.35,2902.3,2907.0,7649,2019-03-07,2019,2876.833333333333,2843.6666666666665,2942.583333333333,2975.1666666666665,2942.0,2876.25,2895.65,2910.0,2909.4166666666665,2884.3001666666664,2868.7831666666666,2934.5331666666666,2950.0501666666664,2777.9166666666665,3040.9166666666665,,,0.0,0.0,0.0,9,20
2019-03-07 09:25:00,2907.0,2913.2,2903.5,2907.0,11159,2019-03-07,2019,2876.833333333333,2843.6666666666665,2942.583333333333,2975.1666666666665,2942.0,2876.25,2895.65,2910.0,2909.4166666666665,2884.3001666666664,2868.7831666666666,2934.5331666666666,2950.0501666666664,2777.9166666666665,3040.9166666666665,,,0.0,0.0,0.0,9,25
2019-03-07 09:30:00,2907.0,2911.6,2904.0,2910.9,7429,2019-03-07,2019,2876.833333333333,2843.6666666666665,2942.583333333333,2975.1666666666665,2942.0,2876.25,2895.65,2910.0,2909.4166666666665,2884.3001666666664,2868.7831666666666,2934.5331666666666,2950.0501666666664,2777.9166666666665,3040.9166666666665,,,0.0,0.0,0.0,9,30
2019-03-07 09:35:00,2910.9,2910.9,2900.0,2902.5,12032,2019-03-07,2019,2876.833333333333,2843.6666666666665,2942.583333333333,2975.1666666666665,2942.0,2876.25,2895.65,2910.0,2909.4166666666665,2884.3001666666664,2868.7831666666666,2934.5331666666666,2950.0501666666664,2777.9166666666665,3040.9166666666665,,,0.0,0.0,0.0,9,35
2019-03-07 09:40:00,2902.5,2909.65,2901.25,2906.0,4759,2019-03-07,2019,2876.833333333333,2843.6666666666665,2942.583333333333,2975.1666666666665,2942.0,2876.25,2895.65,2910.0,2909.4166666666665,2884.3001666666664,2868.7831666666666,2934.5331666666666,2950.0501666666664,2777.9166666666665,3040.9166666666665,,,0.0,0.0,0.0,9,40
2019-03-07 09:45:00,2906.0,2919.0,2905.05,2918.3,14128,2019-03-07,2019,2876.833333333333,2843.6666666666665,2942.583333333333,2975.1666666666665,2942.0,2876.25,2895.65,2910.0,2909.4166666666665,2884.3001666666664,2868.7831666666666,2934.5331666666666,2950.0501666666664,2777.9166666666665,3040.9166666666665,,,0.0,0.0,0.0,9,45
2019-03-07 09:50:00,2918.3,2918.3,2910.55,2911.0,2656,2019-03-07,2019,2876.833333333333,2843.6666666666665,2942.583333333333,2975.1666666666665,2942.0,2876.25,2895.65,2910.0,2909.4166666666665,2884.3001666666664,2868.7831666666666,2934.5331666666666,2950.0501666666664,2777.9166666666665,3040.9166666666665,,,0.0,0.0,0.0,9,50
2019-03-07 09:55:00,2911.0,2915.1,2909.0,2910.1,7055,2019-03-07,2019,2876.833333333333,2843.6666666666665,2942.583333333333,2975.1666666666665,2942.0,2876.25,2895.65,2910.0,2909.4166666666665,2884.3001666666664,2868.7831666666666,2934.5331666666666,2950.0501666666664,2777.9166666666665,3040.9166666666665,,,0.0,0.0,0.0,9,55
2019-03-07 10:00:00,2910.1,2915.1,2910.1,2911.8,5460,2019-03-07,2019,2876.833333333333,2843.6666666666665,2942.583333333333,2975.1666666666665,2942.0,2876.25,2895.65,2910.0,2909.4166666666665,2884.3001666666664,2868.7831666666666,2934.5331666666666,2950.0501666666664,2777.9166666666665,3040.9166666666665,,,0.0,0.0,0.0,10,0
2019-03-07 10:05:00,2911.8,2911.8,2905.0,2905.05,7330,2019-03-07,2019,2876.833333333333,2843.6666666666665,2942.583333333333,2975.1666666666665,2942.0,2876.25,2895.65,2910.0,2909.4166666666665,2884.3001666666664,2868.7831666666666,2934.5331666666666,2950.0501666666664,2777.9166666666665,3040.9166666666665,,,0.0,0.0,0.0,10,5
2019-03-07 10:10:00,2905.05,2908.7,2905.0,2907.1,2866,2019-03-07,2019,2876.833333333333,2843.6666666666665,2942.583333333333,2975.1666666666665,2942.0,2876.25,2895.65,2910.0,2909.4166666666665,2884.3001666666664,2868.7831666666666,2934.5331666666666,2950.0501666666664,2777.9166666666665,3040.9166666666665,,,0.0,0.0,0.0,10,10
2019-03-07 10:15:00,2907.9,2913.0,2906.0,2911.7,2446,2019-03-07,2019,2876.833333333333,2843.6666666666665,2942.583333333333,2975.1666666666665,2942.0,2876.25,2895.65,2910.0,2909.4166666666665,2884.3001666666664,2868.7831666666666,2934.5331666666666,2950.0501666666664,2777.9166666666665,3040.9166666666665,,,0.0,0.0,0.0,10,15
2019-03-07 10:20:00,2912.0,2913.05,2911.0,2911.05,1367,2019-03-07,2019,2876.833333333333,2843.6666666666665,2942.583333333333,2975.1666666666665,2942.0,2876.25,2895.65,2910.0,2909.4166666666665,2884.3001666666664,2868.7831666666666,2934.5331666666666,2950.0501666666664,2777.9166666666665,3040.9166666666665,,,0.0,0.0,0.0,10,20
2019-03-07 10:25:00,2911.05,2911.05,2908.05,2909.15,791,2019-03-07,2019,2876.833333333333,2843.6666666666665,2942.583333333333,2975.1666666666665,2942.0,2876.25,2895.65,2910.0,2909.4166666666665,2884.3001666666664,2868.7831666666666,2934.5331666666666,2950.0501666666664,2777.9166666666665,3040.9166666666665,,,0.0,0.0,0.0,10,25
2019-03-07 10:30:00,2909.15,2916.3,2907.75,2914.1,5371,2019-03-07,2019,2876.833333333333,2843.6666666666665,2942.583333333333,2975.1666666666665,2942.0,2876.25,2895.65,2910.0,2909.4166666666665,2884.3001666666664,2868.7831666666666,2934.5331666666666,2950.0501666666664,2777.9166666666665,3040.9166666666665,,,0.0,0.0,0.0,10,30
2019-03-07 10:35:00,2916.0,2916.0,2905.25,2905.25,6838,2019-03-07,2019,2876.833333333333,2843.6666666666665,2942.583333333333,2975.1666666666665,2942.0,2876.25,2895.65,2910.0,2909.4166666666665,2884.3001666666664,2868.7831666666666,2934.5331666666666,2950.0501666666664,2777.9166666666665,3040.9166666666665,,,0.0,0.0,0.0,10,35
2019-03-07 10:40:00,2905.8,2910.4,2902.0,2910.4,6368,2019-03-07,2019,2876.833333333333,2843.6666666666665,2942.583333333333,2975.1666666666665,2942.0,2876.25,2895.65,2910.0,2909.4166666666665,2884.3001666666664,2868.7831666666666,2934.5331666666666,2950.0501666666664,2777.9166666666665,3040.9166666666665,,,0.0,0.0,0.0,10,40
2019-03-07 10:45:00,2910.4,2913.0,2910.2,2911.8,2699,2019-03-07,2019,2876.833333333333,2843.6666666666665,2942.583333333333,2975.1666666666665,2942.0,2876.25,2895.65,2910.0,2909.4166666666665,2884.3001666666664,2868.7831666666666,2934.5331666666666,2950.0501666666664,2777.9166666666665,3040.9166666666665,,,0.0,0.0,0.0,10,45
2019-03-07 10:50:00,2911.8,2913.0,2908.6,2908.6,2456,2019-03-07,2019,2876.833333333333,2843.6666666666665,2942.583333333333,2975.1666666666665,2942.0,2876.25,2895.65,2910.0,2909.4166666666665,2884.3001666666664,2868.7831666666666,2934.5331666666666,2950.0501666666664,2777.9166666666665,3040.9166666666665,,,0.0,0.0,0.0,10,50
2019-03-07 10:55:00,2908.6,2910.65,2905.55,2909.25,1719,2019-03-07,2019,2876.833333333333,2843.6666666666665,2942.583333333333,2975.1666666666665,2942.0,2876.25,2895.65,2910.0,2909.4166666666665,2884.3001666666664,2868.7831666666666,2934.5331666666666,2950.0501666666664,2777.9166666666665,3040.9166666666665,,,0.0,0.0,0.0,10,55
2019-03-07 11:00:00,2909.25,2911.0,2907.0,2907.0,979,2019-03-07,2019,2876.833333333333,2843.6666666666665,2942.583333333333,2975.1666666666665,2942.0,2876.25,2895.65,2910.0,2909.4166666666665,2884.3001666666664,2868.7831666666666,2934.5331666666666,2950.0501666666664,2777.9166666666665,3040.9166666666665,,,0.0,0.0,0.0,11,0
2019-03-07 11:05:00,2908.55,2908.55,2902.0,2902.75,10808,2019-03-07,2019,2876.833333333333,2843.6666666666665,2942.583333333333,2975.1666666666665,2942.0,2876.25,2895.65,2910.0,2909.4166666666665,2884.3001666666664,2868.7831666666666,2934.5331666666666,2950.0501666666664,2777.9166666666665,3040.9166666666665,,,0.0,0.0,0.0,11,5
2019-03-07 11:10:00,2903.75,2906.65,2901.1,2903.35,4027,2019-03-07,2019,2876.833333333333,2843.6666666666665,2942.583333333333,2975.1666666666665,2942.0,2876.25,2895.65,2910.0,2909.4166666666665,2884.3001666666664,2868.7831666666666,2934.5331666666666,2950.0501666666664,2777.9166666666665,3040.9166666666665,,,0.0,0.0,0.0,11,10
2019-03-07 11:15:00,2903.35,2907.15,2901.3,2902.65,1916,2019-03-07,2019,2876.833333333333,2843.6666666666665,2942.583333333333,2975.1666666666665,2942.0,2876.25,2895.65,2910.0,2909.4166666666665,2884.3001666666664,2868.7831666666666,2934.5331666666666,2950.0501666666664,2777.9166666666665,3040.9166666666665,,,0.0,0.0,0.0,11,15
2019-03-07 11:20:00,2902.65,2905.4,2902.0,2902.1,2359,2019-03-07,2019,2876.833333333333,2843.6666666666665,2942.583333333333,2975.1666666666665,2942.0,2876.25,2895.65,2910.0,2909.4166666666665,2884.3001666666664,2868.7831666666666,2934.5331666666666,2950.0501666666664,2777.9166666666665,3040.9166666666665,,,0.0,0.0,0.0,11,20
2019-03-07 11:25:00,2902.1,2905.0,2902.1,2902.35,2328,2019-03-07,2019,2876.833333333333,2843.6666666666665,2942.583333333333,2975.1666666666665,2942.0,2876.25,2895.65,2910.0,2909.4166666666665,2884.3001666666664,2868.7831666666666,2934.5331666666666,2950.0501666666664,2777.9166666666665,3040.9166666666665,,,0.0,0.0,0.0,11,25
2019-03-07 11:30:00,2902.3,2906.5,2902.3,2906.0,3654,2019-03-07,2019,2876.833333333333,2843.6666666666665,2942.583333333333,2975.1666666666665,2942.0,2876.25,2895.65,2910.0,2909.4166666666665,2884.3001666666664,2868.7831666666666,2934.5331666666666,2950.0501666666664,2777.9166666666665,3040.9166666666665,,,0.0,0.0,0.0,11,30
2019-03-07 11:35:00,2906.0,2908.5,2906.0,2907.35,3026,2019-03-07,2019,2876.833333333333,2843.6666666666665,2942.583333333333,2975.1666666666665,2942.0,2876.25,2895.65,2910.0,2909.4166666666665,2884.3001666666664,2868.7831666666666,2934.5331666666666,2950.0501666666664,2777.9166666666665,3040.9166666666665,,,0.0,0.0,0.0,11,35
2019-03-07 11:40:00,2907.5,2909.75,2906.0,2907.05,1409,2019-03-07,2019,2876.833333333333,2843.6666666666665,2942.583333333333,2975.1666666666665,2942.0,2876.25,2895.65,2910.0,2909.4166666666665,2884.3001666666664,2868.7831666666666,2934.5331666666666,2950.0501666666664,2777.9166666666665,3040.9166666666665,,,0.0,0.0,0.0,11,40
2019-03-07 11:45:00,2907.05,2909.0,2906.75,2908.6,1777,2019-03-07,2019,2876.833333333333,2843.6666666666665,2942.583333333333,2975.1666666666665,2942.0,2876.25,2895.65,2910.0,2909.4166666666665,2884.3001666666664,2868.7831666666666,2934.5331666666666,2950.0501666666664,2777.9166666666665,3040.9166666666665,,,0.0,0.0,0.0,11,45
2019-03-07 11:50:00,2908.6,2909.0,2907.0,2907.85,888,2019-03-07,2019,2876.833333333333,2843.6666666666665,2942.583333333333,2975.1666666666665,2942.0,2876.25,2895.65,2910.0,2909.4166666666665,2884.3001666666664,2868.7831666666666,2934.5331666666666,2950.0501666666664,2777.9166666666665,3040.9166666666665,,,0.0,0.0,0.0,11,50
2019-03-07 11:55:00,2907.8,2908.0,2906.0,2906.0,547,2019-03-07,2019,2876.833333333333,2843.6666666666665,2942.583333333333,2975.1666666666665,2942.0,2876.25,2895.65,2910.0,2909.4166666666665,2884.3001666666664,2868.7831666666666,2934.5331666666666,2950.0501666666664,2777.9166666666665,3040.9166666666665,,,0.0,0.0,0.0,11,55
2019-03-07 12:00:00,2906.0,2909.0,2906.0,2908.0,8611,2019-03-07,2019,2876.833333333333,2843.6666666666665,2942.583333333333,2975.1666666666665,2942.0,2876.25,2895.65,2910.0,2909.4166666666665,2884.3001666666664,2868.7831666666666,2934.5331666666666,2950.0501666666664,2777.9166666666665,3040.9166666666665,,,0.0,0.0,0.0,12,0
2019-03-07 12:05:00,2908.0,2908.95,2908.0,2908.0,1774,2019-03-07,2019,2876.833333333333,2843.6666666666665,2942.583333333333,2975.1666666666665,2942.0,2876.25,2895.65,2910.0,2909.4166666666665,2884.3001666666664,2868.7831666666666,2934.5331666666666,2950.0501666666664,2777.9166666666665,3040.9166666666665,,,0.0,0.0,0.0,12,5
2019-03-07 12:10:00,2908.0,2908.15,2908.0,2908.0,2767,2019-03-07,2019,2876.833333333333,2843.6666666666665,2942.583333333333,2975.1666666666665,2942.0,2876.25,2895.65,2910.0,2909.4166666666665,2884.3001666666664,2868.7831666666666,2934.5331666666666,2950.0501666666664,2777.9166666666665,3040.9166666666665,,,0.0,0.0,0.0,12,10
2019-03-07 12:15:00,2908.0,2908.15,2905.0,2905.0,1857,2019-03-07,2019,2876.833333333333,2843.6666666666665,2942.583333333333,2975.1666666666665,2942.0,2876.25,2895.65,2910.0,2909.4166666666665,2884.3001666666664,2868.7831666666666,2934.5331666666666,2950.0501666666664,2777.9166666666665,3040.9166666666665,,,0.0,0.0,0.0,12,15
2019-03-07 12:20:00,2905.0,2905.9,2903.0,2903.5,1212,2019-03-07,2019,2876.833333333333,2843.6666666666665,2942.583333333333,2975.1666666666665,2942.0,2876.25,2895.65,2910.0,2909.4166666666665,2884.3001666666664,2868.7831666666666,2934.5331666666666,2950.0501666666664,2777.9166666666665,3040.9166666666665,,,0.0,0.0,0.0,12,20
2019-03-07 12:25:00,2903.45,2906.0,2903.45,2903.65,2513,2019-03-07,2019,2876.833333333333,2843.6666666666665,2942.583333333333,2975.1666666666665,2942.0,2876.25,2895.65,2910.0,2909.4166666666665,2884.3001666666664,2868.7831666666666,2934.5331666666666,2950.0501666666664,2777.9166666666665,3040.9166666666665,,,0.0,0.0,0.0,12,25
2019-03-07 12:30:00,2903.7,2905.55,2903.55,2904.95,678,2019-03-07,2019,2876.833333333333,2843.6666666666665,2942.583333333333,2975.1666666666665,2942.0,2876.25,2895.65,2910.0,2909.4166666666665,2884.3001666666664,2868.7831666666666,2934.5331666666666,2950.0501666666664,2777.9166666666665,3040.9166666666665,,,0.0,0.0,0.0,12,30
2019-03-07 12:35:00,2905.0,2907.8,2902.9,2903.0,2180,2019-03-07,2019,2876.833333333333,2843.6666666666665,2942.583333333333,2975.1666666666665,2942.0,2876.25,2895.65,2910.0,2909.4166666666665,2884.3001666666664,2868.7831666666666,2934.5331666666666,2950.0501666666664,2777.9166666666665,3040.9166666666665,,,0.0,0.0,0.0,12,35
2019-03-07 12:40:00,2903.0,2904.2,2902.0,2904.0,2342,2019-03-07,2019,2876.833333333333,2843.6666666666665,2942.583333333333,2975.1666666666665,2942.0,2876.25,2895.65,2910.0,2909.4166666666665,2884.3001666666664,2868.7831666666666,2934.5331666666666,2950.0501666666664,2777.9166666666665,3040.9166666666665,,,0.0,0.0,0.0,12,40
2019-03-07 12:45:00,2904.0,2904.55,2901.6,2903.0,682,2019-03-07,2019,2876.833333333333,2843.6666666666665,2942.583333333333,2975.1666666666665,2942.0,2876.25,2895.65,2910.0,2909.4166666666665,2884.3001666666664,2868.7831666666666,2934.5331666666666,2950.0501666666664,2777.9166666666665,3040.9166666666665,,,0.0,0.0,0.0,12,45
2019-03-07 12:50:00,2903.0,2905.0,2902.0,2902.0,2036,2019-03-07,2019,2876.833333333333,2843.6666666666665,2942.583333333333,2975.1666666666665,2942.0,2876.25,2895.65,2910.0,2909.4166666666665,2884.3001666666664,2868.7831666666666,2934.5331666666666,2950.0501666666664,2777.9166666666665,3040.9166666666665,,,0.0,0.0,0.0,12,50
2019-03-07 12:55:00,2902.0,2906.85,2902.0,2903.0,2844,2019-03-07,2019,2876.833333333333,2843.6666666666665,2942.583333333333,2975.1666666666665,2942.0,2876.25,2895.65,2910.0,2909.4166666666665,2884.3001666666664,2868.7831666666666,2934.5331666666666,2950.0501666666664,2777.9166666666665,3040.9166666666665,,,0.0,0.0,0.0,12,55
2019-03-07 13:00:00,2903.35,2906.9,2903.05,2906.9,1184,2019-03-07,2019,2876.833333333333,2843.6666666666665,2942.583333333333,2975.1666666666665,2942.0,2876.25,2895.65,2910.0,2909.4166666666665,2884.3001666666664,2868.7831666666666,2934.5331666666666,2950.0501666666664,2777.9166666666665,3040.9166666666665,,,0.0,0.0,0.0,13,0
2019-03-07 13:05:00,2905.0,2912.0,2904.3,2912.0,5520,2019-03-07,2019,2876.833333333333,2843.6666666666665,2942.583333333333,2975.1666666666665,2942.0,2876.25,2895.65,2910.0,2909.4166666666665,2884.3001666666664,2868.7831666666666,2934.5331666666666,2950.0501666666664,2777.9166666666665,3040.9166666666665,,,0.0,0.0,0.0,13,5
2019-03-07 13:10:00,2911.0,2920.45,2911.0,2916.9,17747,2019-03-07,2019,2876.833333333333,2843.6666666666665,2942.583333333333,2975.1666666666665,2942.0,2876.25,2895.65,2910.0,2909.4166666666665,2884.3001666666664,2868.7831666666666,2934.5331666666666,2950.0501666666664,2777.9166666666665,3040.9166666666665,,,0.0,0.0,0.0,13,10
2019-03-07 13:15:00,2918.0,2923.5,2917.0,2923.0,10511,2019-03-07,2019,2876.833333333333,2843.6666666666665,2942.583333333333,2975.1666666666665,2942.0,2876.25,2895.65,2910.0,2909.4166666666665,2884.3001666666664,2868.7831666666666,2934.5331666666666,2950.0501666666664,2777.9166666666665,3040.9166666666665,,,0.0,0.0,0.0,13,15
2019-03-07 13:20:00,2922.05,2922.15,2916.0,2916.0,7913,2019-03-07,2019,2876.833333333333,2843.6666666666665,2942.583333333333,2975.1666666666665,2942.0,2876.25,2895.65,2910.0,2909.4166666666665,2884.3001666666664,2868.7831666666666,2934.5331666666666,2950.0501666666664,2777.9166666666665,3040.9166666666665,,,0.0,0.0,0.0,13,20
2019-03-07 13:25:00,2916.0,2919.95,2912.55,2918.85,12962,2019-03-07,2019,2876.833333333333,2843.6666666666665,2942.583333333333,2975.1666666666665,2942.0,2876.25,2895.65,2910.0,2909.4166666666665,2884.3001666666664,2868.7831666666666,2934.5331666666666,2950.0501666666664,2777.9166666666665,3040.9166666666665,,,0.0,0.0,0.0,13,25
2019-03-07 13:30:00,2918.85,2922.0,2918.85,2921.85,4249,2019-03-07,2019,2876.833333333333,2843.6666666666665,2942.583333333333,2975.1666666666665,2942.0,2876.25,2895.65,2910.0,2909.4166666666665,2884.3001666666664,2868.7831666666666,2934.5331666666666,2950.0501666666664,2777.9166666666665,3040.9166666666665,,,0.0,0.0,0.0,13,30
2019-03-07 13:35:00,2921.0,2922.45,2916.0,2918.95,7673,2019-03-07,2019,2876.833333333333,2843.6666666666665,2942.583333333333,2975.1666666666665,2942.0,2876.25,2895.65,2910.0,2909.4166666666665,2884.3001666666664,2868.7831666666666,2934.5331666666666,2950.0501666666664,2777.9166666666665,3040.9166666666665,,,0.0,0.0,0.0,13,35
2019-03-07 13:40:00,2918.0,2921.9,2918.0,2918.0,3660,2019-03-07,2019,2876.833333333333,2843.6666666666665,2942.583333333333,2975.1666666666665,2942.0,2876.25,2895.65,2910.0,2909.4166666666665,2884.3001666666664,2868.7831666666666,2934.5331666666666,2950.0501666666664,2777.9166666666665,3040.9166666666665,,,0.0,0.0,0.0,13,40
2019-03-07 13:45:00,2918.0,2921.9,2917.0,2921.25,3417,2019-03-07,2019,2876.833333333333,2843.6666666666665,2942.583333333333,2975.1666666666665,2942.0,2876.25,2895.65,2910.0,2909.4166666666665,2884.3001666666664,2868.7831666666666,2934.5331666666666,2950.0501666666664,2777.9166666666665,3040.9166666666665,,,0.0,0.0,0.0,13,45
2019-03-07 13:50:00,2919.7,2921.1,2918.0,2919.6,2406,2019-03-07,2019,2876.833333333333,2843.6666666666665,2942.583333333333,2975.1666666666665,2942.0,2876.25,2895.65,2910.0,2909.4166666666665,2884.3001666666664,2868.7831666666666,2934.5331666666666,2950.0501666666664,2777.9166666666665,3040.9166666666665,,,0.0,0.0,0.0,13,50
2019-03-07 13:55:00,2919.6,2921.9,2919.6,2920.0,1784,2019-03-07,2019,2876.833333333333,2843.6666666666665,2942.583333333333,2975.1666666666665,2942.0,2876.25,2895.65,2910.0,2909.4166666666665,2884.3001666666664,2868.7831666666666,2934.5331666666666,2950.0501666666664,2777.9166666666665,3040.9166666666665,,,0.0,0.0,0.0,13,55
2019-03-07 14:00:00,2920.0,2921.55,2919.0,2920.5,4175,2019-03-07,2019,2876.833333333333,2843.6666666666665,2942.583333333333,2975.1666666666665,2942.0,2876.25,2895.65,2910.0,2909.4166666666665,2884.3001666666664,2868.7831666666666,2934.5331666666666,2950.0501666666664,2777.9166666666665,3040.9166666666665,,,0.0,0.0,0.0,14,0
2019-03-07 14:05:00,2919.05,2921.5,2918.0,2920.95,1492,2019-03-07,2019,2876.833333333333,2843.6666666666665,2942.583333333333,2975.1666666666665,2942.0,2876.25,2895.65,2910.0,2909.4166666666665,2884.3001666666664,2868.7831666666666,2934.5331666666666,2950.0501666666664,2777.9166666666665,3040.9166666666665,,,0.0,0.0,0.0,14,5
2019-03-07 14:10:00,2919.15,2922.5,2919.1,2920.55,1667,2019-03-07,2019,2876.833333333333,2843.6666666666665,2942.583333333333,2975.1666666666665,2942.0,2876.25,2895.65,2910.0,2909.4166666666665,2884.3001666666664,2868.7831666666666,2934.5331666666666,2950.0501666666664,2777.9166666666665,3040.9166666666665,,,0.0,0.0,0.0,14,10
2019-03-07 14:15:00,2922.25,2922.5,2920.0,2922.45,2559,2019-03-07,2019,2876.833333333333,2843.6666666666665,2942.583333333333,2975.1666666666665,2942.0,2876.25,2895.65,2910.0,2909.4166666666665,2884.3001666666664,2868.7831666666666,2934.5331666666666,2950.0501666666664,2777.9166666666665,3040.9166666666665,,,0.0,0.0,0.0,14,15
2019-03-07 14:20:00,2922.45,2924.9,2920.0,2920.0,7177,2019-03-07,2019,2876.833333333333,2843.6666666666665,2942.583333333333,2975.1666666666665,2942.0,2876.25,2895.65,2910.0,2909.4166666666665,2884.3001666666664,2868.7831666666666,2934.5331666666666,2950.0501666666664,2777.9166666666665,3040.9166666666665,,,0.0,0.0,0.0,14,20
2019-03-07 14:25:00,2920.0,2921.0,2918.0,2918.1,5741,2019-03-07,2019,2876.833333333333,2843.6666666666665,2942.583333333333,2975.1666666666665,2942.0,2876.25,2895.65,2910.0,2909.4166666666665,2884.3001666666664,2868.7831666666666,2934.5331666666666,2950.0501666666664,2777.9166666666665,3040.9166666666665,,,0.0,0.0,0.0,14,25
2019-03-07 14:30:00,2918.1,2923.6,2918.1,2921.3,1800,2019-03-07,2019,2876.833333333333,2843.6666666666665,2942.583333333333,2975.1666666666665,2942.0,2876.25,2895.65,2910.0,2909.4166666666665,2884.3001666666664,2868.7831666666666,2934.5331666666666,2950.0501666666664,2777.9166666666665,3040.9166666666665,,,0.0,0.0,0.0,14,30
2019-03-07 14:35:00,2920.35,2922.0,2919.0,2919.0,2282,2019-03-07,2019,2876.833333333333,2843.6666666666665,2942.583333333333,2975.1666666666665,2942.0,2876.25,2895.65,2910.0,2909.4166666666665,2884.3001666666664,2868.7831666666666,2934.5331666666666,2950.0501666666664,2777.9166666666665,3040.9166666666665,,,0.0,0.0,0.0,14,35
2019-03-07 14:40:00,2920.25,2921.2,2918.0,2919.1,2026,2019-03-07,2019,2876.833333333333,2843.6666666666665,2942.583333333333,2975.1666666666665,2942.0,2876.25,2895.65,2910.0,2909.4166666666665,2884.3001666666664,2868.7831666666666,2934.5331666666666,2950.0501666666664,2777.9166666666665,3040.9166666666665,,,0.0,0.0,0.0,14,40
2019-03-07 14:45:00,2919.1,2920.5,2918.0,2918.0,3692,2019-03-07,2019,2876.833333333333,2843.6666666666665,2942.583333333333,2975.1666666666665,2942.0,2876.25,2895.65,2910.0,2909.4166666666665,2884.3001666666664,2868.7831666666666,2934.5331666666666,2950.0501666666664,2777.9166666666665,3040.9166666666665,,,0.0,0.0,0.0,14,45
2019-03-07 14:50:00,2918.0,2920.5,2917.0,2918.5,13710,2019-03-07,2019,2876.833333333333,2843.6666666666665,2942.583333333333,2975.1666666666665,2942.0,2876.25,2895.65,2910.0,2909.4166666666665,2884.3001666666664,2868.7831666666666,2934.5331666666666,2950.0501666666664,2777.9166666666665,3040.9166666666665,,,0.0,0.0,0.0,14,50
2019-03-07 14:55:00,2918.0,2920.0,2917.8,2918.0,2250,2019-03-07,2019,2876.833333333333,2843.6666666666665,2942.583333333333,2975.1666666666665,2942.0,2876.25,2895.65,2910.0,2909.4166666666665,2884.3001666666664,2868.7831666666666,2934.5331666666666,2950.0501666666664,2777.9166666666665,3040.9166666666665,,,0.0,0.0,0.0,14,55
2019-03-07 15:00:00,2919.65,2919.65,2916.0,2918.05,6927,2019-03-07,2019,2876.833333333333,2843.6666666666665,2942.583333333333,2975.1666666666665,2942.0,2876.25,2895.65,2910.0,2909.4166666666665,2884.3001666666664,2868.7831666666666,2934.5331666666666,2950.0501666666664,2777.9166666666665,3040.9166666666665,,,0.0,0.0,0.0,15,0
2019-03-07 15:05:00,2918.0,2920.5,2917.25,2918.0,11588,2019-03-07,2019,2876.833333333333,2843.6666666666665,2942.583333333333,2975.1666666666665,2942.0,2876.25,2895.65,2910.0,2909.4166666666665,2884.3001666666664,2868.7831666666666,2934.5331666666666,2950.0501666666664,2777.9166666666665,3040.9166666666665,,,0.0,0.0,0.0,15,5
2019-03-07 15:10:00,2918.05,2922.0,2918.0,2920.15,15575,2019-03-07,2019,2876.833333333333,2843.6666666666665,2942.583333333333,2975.1666666666665,2942.0,2876.25,2895.65,2910.0,2909.4166666666665,2884.3001666666664,2868.7831666666666,2934.5331666666666,2950.0501666666664,2777.9166666666665,3040.9166666666665,,,0.0,0.0,0.0,15,10
2019-03-07 15:15:00,2919.7,2922.0,2918.1,2920.0,17427,2019-03-07,2019,2876.833333333333,2843.6666666666665,2942.583333333333,2975.1666666666665,2942.0,2876.25,2895.65,2910.0,2909.4166666666665,2884.3001666666664,2868.7831666666666,2934.5331666666666,2950.0501666666664,2777.9166666666665,3040.9166666666665,,,0.0,0.0,0.0,15,15
2019-03-07 15:20:00,2920.0,2923.0,2919.75,2921.4,11831,2019-03-07,2019,2876.833333333333,2843.6666666666665,2942.583333333333,2975.1666666666665,2942.0,2876.25,2895.65,2910.0,2909.4166666666665,2884.3001666666664,2868.7831666666666,2934.5331666666666,2950.0501666666664,2777.9166666666665,3040.9166666666665,,,0.0,0.0,0.0,15,20
2019-03-07 15:25:00,2921.4,2924.0,2915.3,2919.5,14098,2019-03-07,2019,2876.833333333333,2843.6666666666665,2942.583333333333,2975.1666666666665,2942.0,2876.25,2895.65,2910.0,2909.4166666666665,2884.3001666666664,2868.7831666666666,2934.5331666666666,2950.0501666666664,2777.9166666666665,3040.9166666666665,,,0.0,0.0,0.0,15,25
2019-03-08 09:15:00,2910.0,2918.2,2901.15,2916.0,8920,2019-03-08,2019,2904.0,2888.5,2931.0,2942.5,2927.0,2900.0,2927.0,2919.5,2915.5,2905.186,2898.814,2925.814,2932.186,2861.5,2969.5,,,0.0,0.0,0.0,9,15
2019-03-08 09:20:00,2917.45,2917.75,2910.55,2912.8,5454,2019-03-08,2019,2904.0,2888.5,2931.0,2942.5,2927.0,2900.0,2927.0,2919.5,2915.5,2905.186,2898.814,2925.814,2932.186,2861.5,2969.5,,,0.0,0.0,0.0,9,20
2019-03-08 09:25:00,2912.8,2928.0,2911.8,2925.3,17104,2019-03-08,2019,2904.0,2888.5,2931.0,2942.5,2927.0,2900.0,2927.0,2919.5,2915.5,2905.186,2898.814,2925.814,2932.186,2861.5,2969.5,Entry,Buy,2925.3,2942.5,2901.15,9,25
2019-03-08 09:30:00,2924.95,2934.0,2923.4,2932.45,19044,2019-03-08,2019,2904.0,2888.5,2931.0,2942.5,2927.0,2900.0,2927.0,2919.5,2915.5,2905.186,2898.814,2925.814,2932.186,2861.5,2969.5,,,0.0,0.0,0.0,9,30
2019-03-08 09:35:00,2934.0,2942.25,2930.0,2936.0,30657,2019-03-08,2019,2904.0,2888.5,2931.0,2942.5,2927.0,2900.0,2927.0,2919.5,2915.5,2905.186,2898.814,2925.814,2932.186,2861.5,2969.5,,,0.0,0.0,0.0,9,35
2019-03-08 09:40:00,2936.6,2939.5,2932.0,2932.0,16773,2019-03-08,2019,2904.0,2888.5,2931.0,2942.5,2927.0,2900.0,2927.0,2919.5,2915.5,2905.186,2898.814,2925.814,2932.186,2861.5,2969.5,Exit,Sell,2937.0012,2920.5012,2942.25,9,40
2019-03-08 09:45:00,2933.0,2942.0,2929.8,2941.85,19564,2019-03-08,2019,2904.0,2888.5,2931.0,2942.5,2927.0,2900.0,2927.0,2919.5,2915.5,2905.186,2898.814,2925.814,2932.186,2861.5,2969.5,,,0.0,0.0,0.0,9,45
2019-03-08 09:50:00,2942.0,2944.75,2932.0,2933.0,22203,2019-03-08,2019,2904.0,2888.5,2931.0,2942.5,2927.0,2900.0,2927.0,2919.5,2915.5,2905.186,2898.814,2925.814,2932.186,2861.5,2969.5,Exit,Buy,2942.25,2978.75,2901.15,9,50
2019-03-08 09:55:00,2932.25,2934.7,2929.0,2930.75,21792,2019-03-08,2019,2904.0,2888.5,2931.0,2942.5,2927.0,2900.0,2927.0,2919.5,2915.5,2905.186,2898.814,2925.814,2932.186,2861.5,2969.5,,,0.0,0.0,0.0,9,55
2019-03-08 10:00:00,2931.9,2937.0,2930.0,2935.0,8600,2019-03-08,2019,2904.0,2888.5,2931.0,2942.5,2927.0,2900.0,2927.0,2919.5,2915.5,2905.186,2898.814,2925.814,2932.186,2861.5,2969.5,,,0.0,0.0,0.0,10,0
2019-03-08 10:05:00,2935.0,2943.0,2934.0,2939.8,19475,2019-03-08,2019,2904.0,2888.5,2931.0,2942.5,2927.0,2900.0,2927.0,2919.5,2915.5,2905.186,2898.814,2925.814,2932.186,2861.5,2969.5,,,0.0,0.0,0.0,10,5
2019-03-08 10:10:00,2939.8,2942.5,2938.25,2940.45,6802,2019-03-08,2019,2904.0,2888.5,2931.0,2942.5,2927.0,2900.0,2927.0,2919.5,2915.5,2905.186,2898.814,2925.814,2932.186,2861.5,2969.5,,,0.0,0.0,0.0,10,10
2019-03-08 10:15:00,2940.45,2941.7,2937.0,2940.15,8487,2019-03-08,2019,2904.0,2888.5,2931.0,2942.5,2927.0,2900.0,2927.0,2919.5,2915.5,2905.186,2898.814,2925.814,2932.186,2861.5,2969.5,,,0.0,0.0,0.0,10,15
2019-03-08 10:20:00,2941.4,2941.95,2936.85,2940.0,6969,2019-03-08,2019,2904.0,2888.5,2931.0,2942.5,2927.0,2900.0,2927.0,2919.5,2915.5,2905.186,2898.814,2925.814,2932.186,2861.5,2969.5,,,0.0,0.0,0.0,10,20
2019-03-08 10:25:00,2940.0,2940.0,2936.0,2936.0,4215,2019-03-08,2019,2904.0,2888.5,2931.0,2942.5,2927.0,2900.0,2927.0,2919.5,2915.5,2905.186,2898.814,2925.814,2932.186,2861.5,2969.5,,,0.0,0.0,0.0,10,25
2019-03-08 10:30:00,2936.1,2938.95,2932.55,2936.85,6206,2019-03-08,2019,2904.0,2888.5,2931.0,2942.5,2927.0,2900.0,2927.0,2919.5,2915.5,2905.186,2898.814,2925.814,2932.186,2861.5,2969.5,,,0.0,0.0,0.0,10,30
2019-03-08 10:35:00,2936.85,2937.95,2935.55,2936.6,1567,2019-03-08,2019,2904.0,2888.5,2931.0,2942.5,2927.0,2900.0,2927.0,2919.5,2915.5,2905.186,2898.814,2925.814,2932.186,2861.5,2969.5,,,0.0,0.0,0.0,10,35
2019-03-08 10:40:00,2936.6,2937.7,2933.0,2933.25,4610,2019-03-08,2019,2904.0,2888.5,2931.0,2942.5,2927.0,2900.0,2927.0,2919.5,2915.5,2905.186,2898.814,2925.814,2932.186,2861.5,2969.5,,,0.0,0.0,0.0,10,40
2019-03-08 10:45:00,2933.25,2936.6,2932.3,2934.7,1757,2019-03-08,2019,2904.0,2888.5,2931.0,2942.5,2927.0,2900.0,2927.0,2919.5,2915.5,2905.186,2898.814,2925.814,2932.186,2861.5,2969.5,,,0.0,0.0,0.0,10,45
2019-03-08 10:50:00,2934.7,2935.75,2933.0,2934.0,1973,2019-03-08,2019,2904.0,2888.5,2931.0,2942.5,2927.0,2900.0,2927.0,2919.5,2915.5,2905.186,2898.814,2925.814,2932.186,2861.5,2969.5,,,0.0,0.0,0.0,10,50
2019-03-08 10:55:00,2934.0,2935.4,2932.15,2935.0,3995,2019-03-08,2019,2904.0,2888.5,2931.0,2942.5,2927.0,2900.0,2927.0,2919.5,2915.5,2905.186,2898.814,2925.814,2932.186,2861.5,2969.5,,,0.0,0.0,0.0,10,55
2019-03-08 11:00:00,2935.0,2941.3,2935.0,2940.0,8121,2019-03-08,2019,2904.0,2888.5,2931.0,2942.5,2927.0,2900.0,2927.0,2919.5,2915.5,2905.186,2898.814,2925.814,2932.186,2861.5,2969.5,,,0.0,0.0,0.0,11,0
2019-03-08 11:05:00,2940.0,2941.45,2939.25,2940.1,11356,2019-03-08,2019,2904.0,2888.5,2931.0,2942.5,2927.0,2900.0,2927.0,2919.5,2915.5,2905.186,2898.814,2925.814,2932.186,2861.5,2969.5,,,0.0,0.0,0.0,11,5
2019-03-08 11:10:00,2940.1,2948.95,2940.0,2945.35,34891,2019-03-08,2019,2904.0,2888.5,2931.0,2942.5,2927.0,2900.0,2927.0,2919.5,2915.5,2905.186,2898.814,2925.814,2932.186,2861.5,2969.5,,,0.0,0.0,0.0,11,10
2019-03-08 11:15:00,2945.35,2945.35,2939.6,2941.0,9786,2019-03-08,2019,2904.0,2888.5,2931.0,2942.5,2927.0,2900.0,2927.0,2919.5,2915.5,2905.186,2898.814,2925.814,2932.186,2861.5,2969.5,,,0.0,0.0,0.0,11,15
2019-03-08 11:20:00,2940.6,2941.0,2938.65,2939.75,4672,2019-03-08,2019,2904.0,2888.5,2931.0,2942.5,2927.0,2900.0,2927.0,2919.5,2915.5,2905.186,2898.814,2925.814,2932.186,2861.5,2969.5,,,0.0,0.0,0.0,11,20
2019-03-08 11:25:00,2939.75,2945.6,2939.75,2945.0,9634,2019-03-08,2019,2904.0,2888.5,2931.0,2942.5,2927.0,2900.0,2927.0,2919.5,2915.5,2905.186,2898.814,2925.814,2932.186,2861.5,2969.5,,,0.0,0.0,0.0,11,25
2019-03-08 11:30:00,2945.0,2954.7,2944.0,2950.05,22979,2019-03-08,2019,2904.0,2888.5,2931.0,2942.5,2927.0,2900.0,2927.0,2919.5,2915.5,2905.186,2898.814,2925.814,2932.186,2861.5,2969.5,,,0.0,0.0,0.0,11,30
2019-03-08 11:35:00,2950.0,2954.9,2948.95,2951.25,15125,2019-03-08,2019,2904.0,2888.5,2931.0,2942.5,2927.0,2900.0,2927.0,2919.5,2915.5,2905.186,2898.814,2925.814,2932.186,2861.5,2969.5,,,0.0,0.0,0.0,11,35
2019-03-08 11:40:00,2951.25,2952.6,2950.0,2951.9,8793,2019-03-08,2019,2904.0,2888.5,2931.0,2942.5,2927.0,2900.0,2927.0,2919.5,2915.5,2905.186,2898.814,2925.814,2932.186,2861.5,2969.5,,,0.0,0.0,0.0,11,40
2019-03-08 11:45:00,2951.9,2952.5,2948.5,2950.0,7176,2019-03-08,2019,2904.0,2888.5,2931.0,2942.5,2927.0,2900.0,2927.0,2919.5,2915.5,2905.186,2898.814,2925.814,2932.186,2861.5,2969.5,,,0.0,0.0,0.0,11,45
2019-03-08 11:50:00,2950.0,2954.0,2950.0,2953.2,6269,2019-03-08,2019,2904.0,2888.5,2931.0,2942.5,2927.0,2900.0,2927.0,2919.5,2915.5,2905.186,2898.814,2925.814,2932.186,2861.5,2969.5,,,0.0,0.0,0.0,11,50
2019-03-08 11:55:00,2953.2,2956.5,2950.0,2954.0,15068,2019-03-08,2019,2904.0,2888.5,2931.0,2942.5,2927.0,2900.0,2927.0,2919.5,2915.5,2905.186,2898.814,2925.814,2932.186,2861.5,2969.5,,,0.0,0.0,0.0,11,55
2019-03-08 12:00:00,2954.0,2956.0,2950.0,2953.0,7166,2019-03-08,2019,2904.0,2888.5,2931.0,2942.5,2927.0,2900.0,2927.0,2919.5,2915.5,2905.186,2898.814,2925.814,2932.186,2861.5,2969.5,,,0.0,0.0,0.0,12,0
2019-03-08 12:05:00,2953.0,2953.1,2950.3,2951.55,3716,2019-03-08,2019,2904.0,2888.5,2931.0,2942.5,2927.0,2900.0,2927.0,2919.5,2915.5,2905.186,2898.814,2925.814,2932.186,2861.5,2969.5,,,0.0,0.0,0.0,12,5
2019-03-08 12:10:00,2951.55,2952.45,2945.5,2946.9,5957,2019-03-08,2019,2904.0,2888.5,2931.0,2942.5,2927.0,2900.0,2927.0,2919.5,2915.5,2905.186,2898.814,2925.814,2932.186,2861.5,2969.5,,,0.0,0.0,0.0,12,10
2019-03-08 12:15:00,2948.25,2953.1,2947.6,2948.95,6261,2019-03-08,2019,2904.0,2888.5,2931.0,2942.5,2927.0,2900.0,2927.0,2919.5,2915.5,2905.186,2898.814,2925.814,2932.186,2861.5,2969.5,,,0.0,0.0,0.0,12,15
2019-03-08 12:20:00,2949.75,2955.4,2947.6,2951.0,12995,2019-03-08,2019,2904.0,2888.5,2931.0,2942.5,2927.0,2900.0,2927.0,2919.5,2915.5,2905.186,2898.814,2925.814,2932.186,2861.5,2969.5,,,0.0,0.0,0.0,12,20
2019-03-08 12:25:00,2951.0,2954.0,2951.0,2951.3,2264,2019-03-08,2019,2904.0,2888.5,2931.0,2942.5,2927.0,2900.0,2927.0,2919.5,2915.5,2905.186,2898.814,2925.814,2932.186,2861.5,2969.5,,,0.0,0.0,0.0,12,25
2019-03-08 12:30:00,2952.0,2954.0,2951.0,2952.85,1533,2019-03-08,2019,2904.0,2888.5,2931.0,2942.5,2927.0,2900.0,2927.0,2919.5,2915.5,2905.186,2898.814,2925.814,2932.186,2861.5,2969.5,,,0.0,0.0,0.0,12,30
2019-03-08 12:35:00,2952.85,2952.9,2950.0,2950.0,6842,2019-03-08,2019,2904.0,2888.5,2931.0,2942.5,2927.0,2900.0,2927.0,2919.5,2915.5,2905.186,2898.814,2925.814,2932.186,2861.5,2969.5,,,0.0,0.0,0.0,12,35
2019-03-08 12:40:00,2950.0,2952.85,2949.05,2951.45,12792,2019-03-08,2019,2904.0,2888.5,2931.0,2942.5,2927.0,2900.0,2927.0,2919.5,2915.5,2905.186,2898.814,2925.814,2932.186,2861.5,2969.5,,,0.0,0.0,0.0,12,40
2019-03-08 12:45:00,2951.3,2952.0,2948.0,2951.05,9553,2019-03-08,2019,2904.0,2888.5,2931.0,2942.5,2927.0,2900.0,2927.0,2919.5,2915.5,2905.186,2898.814,2925.814,2932.186,2861.5,2969.5,,,0.0,0.0,0.0,12,45
2019-03-08 12:50:00,2951.05,2952.0,2950.0,2950.5,5336,2019-03-08,2019,2904.0,2888.5,2931.0,2942.5,2927.0,2900.0,2927.0,2919.5,2915.5,2905.186,2898.814,2925.814,2932.186,2861.5,2969.5,,,0.0,0.0,0.0,12,50
2019-03-08 12:55:00,2950.0,2950.5,2944.65,2947.05,7714,2019-03-08,2019,2904.0,2888.5,2931.0,2942.5,2927.0,2900.0,2927.0,2919.5,2915.5,2905.186,2898.814,2925.814,2932.186,2861.5,2969.5,,,0.0,0.0,0.0,12,55
2019-03-08 13:00:00,2947.95,2948.0,2941.05,2944.15,9019,2019-03-08,2019,2904.0,2888.5,2931.0,2942.5,2927.0,2900.0,2927.0,2919.5,2915.5,2905.186,2898.814,2925.814,2932.186,2861.5,2969.5,,,0.0,0.0,0.0,13,0
2019-03-08 13:05:00,2945.15,2947.0,2944.55,2945.0,2523,2019-03-08,2019,2904.0,2888.5,2931.0,2942.5,2927.0,2900.0,2927.0,2919.5,2915.5,2905.186,2898.814,2925.814,2932.186,2861.5,2969.5,,,0.0,0.0,0.0,13,5
2019-03-08 13:10:00,2945.0,2948.95,2944.0,2948.0,3965,2019-03-08,2019,2904.0,2888.5,2931.0,2942.5,2927.0,2900.0,2927.0,2919.5,2915.5,2905.186,2898.814,2925.814,2932.186,2861.5,2969.5,,,0.0,0.0,0.0,13,10
2019-03-08 13:15:00,2948.0,2950.0,2947.5,2948.0,2120,2019-03-08,2019,2904.0,2888.5,2931.0,2942.5,2927.0,2900.0,2927.0,2919.5,2915.5,2905.186,2898.814,2925.814,2932.186,2861.5,2969.5,,,0.0,0.0,0.0,13,15
2019-03-08 13:20:00,2948.0,2951.35,2948.0,2949.3,6873,2019-03-08,2019,2904.0,2888.5,2931.0,2942.5,2927.0,2900.0,2927.0,2919.5,2915.5,2905.186,2898.814,2925.814,2932.186,2861.5,2969.5,,,0.0,0.0,0.0,13,20
2019-03-08 13:25:00,2949.3,2950.9,2947.0,2947.05,1945,2019-03-08,2019,2904.0,2888.5,2931.0,2942.5,2927.0,2900.0,2927.0,2919.5,2915.5,2905.186,2898.814,2925.814,2932.186,2861.5,2969.5,,,0.0,0.0,0.0,13,25
2019-03-08 13:30:00,2947.05,2951.45,2947.0,2951.0,4420,2019-03-08,2019,2904.0,2888.5,2931.0,2942.5,2927.0,2900.0,2927.0,2919.5,2915.5,2905.186,2898.814,2925.814,2932.186,2861.5,2969.5,,,0.0,0.0,0.0,13,30
2019-03-08 13:35:00,2951.0,2951.5,2947.75,2951.5,2390,2019-03-08,2019,2904.0,2888.5,2931.0,2942.5,2927.0,2900.0,2927.0,2919.5,2915.5,2905.186,2898.814,2925.814,2932.186,2861.5,2969.5,,,0.0,0.0,0.0,13,35
2019-03-08 13:40:00,2951.5,2952.5,2950.5,2950.5,3272,2019-03-08,2019,2904.0,2888.5,2931.0,2942.5,2927.0,2900.0,2927.0,2919.5,2915.5,2905.186,2898.814,2925.814,2932.186,2861.5,2969.5,,,0.0,0.0,0.0,13,40
2019-03-08 13:45:00,2950.5,2952.9,2948.0,2951.5,2942,2019-03-08,2019,2904.0,2888.5,2931.0,2942.5,2927.0,2900.0,2927.0,2919.5,2915.5,2905.186,2898.814,2925.814,2932.186,2861.5,2969.5,,,0.0,0.0,0.0,13,45
2019-03-08 13:50:00,2951.5,2952.45,2950.0,2950.15,3374,2019-03-08,2019,2904.0,2888.5,2931.0,2942.5,2927.0,2900.0,2927.0,2919.5,2915.5,2905.186,2898.814,2925.814,2932.186,2861.5,2969.5,,,0.0,0.0,0.0,13,50
2019-03-08 13:55:00,2950.15,2952.5,2950.0,2952.4,2457,2019-03-08,2019,2904.0,2888.5,2931.0,2942.5,2927.0,2900.0,2927.0,2919.5,2915.5,2905.186,2898.814,2925.814,2932.186,2861.5,2969.5,,,0.0,0.0,0.0,13,55
2019-03-08 14:00:00,2952.4,2952.45,2950.3,2952.2,1694,2019-03-08,2019,2904.0,2888.5,2931.0,2942.5,2927.0,2900.0,2927.0,2919.5,2915.5,2905.186,2898.814,2925.814,2932.186,2861.5,2969.5,,,0.0,0.0,0.0,14,0
2019-03-08 14:05:00,2952.2,2960.0,2951.35,2958.4,25700,2019-03-08,2019,2904.0,2888.5,2931.0,2942.5,2927.0,2900.0,2927.0,2919.5,2915.5,2905.186,2898.814,2925.814,2932.186,2861.5,2969.5,,,0.0,0.0,0.0,14,5
2019-03-08 14:10:00,2958.4,2964.6,2955.2,2961.35,34677,2019-03-08,2019,2904.0,2888.5,2931.0,2942.5,2927.0,2900.0,2927.0,2919.5,2915.5,2905.186,2898.814,2925.814,2932.186,2861.5,2969.5,,,0.0,0.0,0.0,14,10
2019-03-08 14:15:00,2962.0,2963.0,2953.0,2956.0,20738,2019-03-08,2019,2904.0,2888.5,2931.0,2942.5,2927.0,2900.0,2927.0,2919.5,2915.5,2905.186,2898.814,2925.814,2932.186,2861.5,2969.5,Exit,Sell,2954.019,2930.205,2964.6,14,15
2019-03-08 14:20:00,2956.0,2958.0,2945.5,2947.75,23029,2019-03-08,2019,2904.0,2888.5,2931.0,2942.5,2927.0,2900.0,2927.0,2919.5,2915.5,2905.186,2898.814,2925.814,2932.186,2861.5,2969.5,,,0.0,0.0,0.0,14,20
2019-03-08 14:25:00,2948.2,2951.9,2945.15,2947.65,10068,2019-03-08,2019,2904.0,2888.5,2931.0,2942.5,2927.0,2900.0,2927.0,2919.5,2915.5,2905.186,2898.814,2925.814,2932.186,2861.5,2969.5,,,0.0,0.0,0.0,14,25
2019-03-08 14:30:00,2947.95,2953.6,2947.95,2949.3,6362,2019-03-08,2019,2904.0,2888.5,2931.0,2942.5,2927.0,2900.0,2927.0,2919.5,2915.5,2905.186,2898.814,2925.814,2932.186,2861.5,2969.5,,,0.0,0.0,0.0,14,30
2019-03-08 14:35:00,2952.0,2954.0,2950.05,2952.2,2948,2019-03-08,2019,2904.0,2888.5,2931.0,2942.5,2927.0,2900.0,2927.0,2919.5,2915.5,2905.186,2898.814,2925.814,2932.186,2861.5,2969.5,,,0.0,0.0,0.0,14,35
2019-03-08 14:40:00,2952.2,2953.6,2950.0,2951.6,4052,2019-03-08,2019,2904.0,2888.5,2931.0,2942.5,2927.0,2900.0,2927.0,2919.5,2915.5,2905.186,2898.814,2925.814,2932.186,2861.5,2969.5,,,0.0,0.0,0.0,14,40
2019-03-08 14:45:00,2951.6,2953.6,2950.55,2952.9,2672,2019-03-08,2019,2904.0,2888.5,2931.0,2942.5,2927.0,2900.0,2927.0,2919.5,2915.5,2905.186,2898.814,2925.814,2932.186,2861.5,2969.5,,,0.0,0.0,0.0,14,45
2019-03-08 14:50:00,2952.6,2953.0,2949.0,2949.0,6862,2019-03-08,2019,2904.0,2888.5,2931.0,2942.5,2927.0,2900.0,2927.0,2919.5,2915.5,2905.186,2898.814,2925.814,2932.186,2861.5,2969.5,,,0.0,0.0,0.0,14,50
2019-03-08 14:55:00,2950.0,2952.0,2948.0,2950.0,9490,2019-03-08,2019,2904.0,2888.5,2931.0,2942.5,2927.0,2900.0,2927.0,2919.5,2915.5,2905.186,2898.814,2925.814,2932.186,2861.5,2969.5,,,0.0,0.0,0.0,14,55
2019-03-08 15:00:00,2950.0,2953.0,2949.0,2951.9,9378,2019-03-08,2019,2904.0,2888.5,2931.0,2942.5,2927.0,2900.0,2927.0,2919.5,2915.5,2905.186,2898.814,2925.814,2932.186,2861.5,2969.5,,,0.0,0.0,0.0,15,0
2019-03-08 15:05:00,2952.0,2954.0,2951.0,2952.05,7805,2019-03-08,2019,2904.0,2888.5,2931.0,2942.5,2927.0,2900.0,2927.0,2919.5,2915.5,2905.186,2898.814,2925.814,2932.186,2861.5,2969.5,,,0.0,0.0,0.0,15,5
2019-03-08 15:10:00,2952.65,2955.0,2951.05,2952.9,16320,2019-03-08,2019,2904.0,2888.5,2931.0,2942.5,2927.0,2900.0,2927.0,2919.5,2915.5,2905.186,2898.814,2925.814,2932.186,2861.5,2969.5,,,0.0,0.0,0.0,15,10
2019-03-08 15:15:00,2951.5,2963.05,2951.1,2961.9,32738,2019-03-08,2019,2904.0,2888.5,2931.0,2942.5,2927.0,2900.0,2927.0,2919.5,2915.5,2905.186,2898.814,2925.814,2932.186,2861.5,2969.5,,,0.0,0.0,0.0,15,15
2019-03-08 15:20:00,2961.45,2961.9,2955.3,2958.0,8444,2019-03-08,2019,2904.0,2888.5,2931.0,2942.5,2927.0,2900.0,2927.0,2919.5,2915.5,2905.186,2898.814,2925.814,2932.186,2861.5,2969.5,Exit,Buy,2958.0,0.0,0.0,15,20
2019-03-08 15:25:00,2958.1,2962.0,2957.2,2962.0,13559,2019-03-08,2019,2904.0,2888.5,2931.0,2942.5,2927.0,2900.0,2927.0,2919.5,2915.5,2905.186,2898.814,2925.814,2932.186,2861.5,2969.5,,,0.0,0.0,0.0,15,25
2019-03-11 09:15:00,2970.0,2974.45,2938.35,2974.45,46302,2019-03-11,2019,2920.566666666667,2879.1333333333337,2984.016666666667,3006.0333333333333,2964.6,2901.15,2910.0,2962.0,2942.5833333333335,2918.3454333333334,2903.3712333333337,2966.8212333333336,2981.795433333333,2815.683333333334,3069.483333333333,,,0.0,0.0,0.0,9,15
2019-03-11 09:20:00,2974.6,2978.1,2969.0,2978.1,49108,2019-03-11,2019,2920.566666666667,2879.1333333333337,2984.016666666667,3006.0333333333333,2964.6,2901.15,2910.0,2962.0,2942.5833333333335,2918.3454333333334,2903.3712333333337,2966.8212333333336,2981.795433333333,2815.683333333334,3069.483333333333,Entry,Buy,2974.45,3002.383333333333,2938.35,9,20
2019-03-11 09:25:00,2977.15,2984.9,2977.15,2984.7,38345,2019-03-11,2019,2920.566666666667,2879.1333333333337,2984.016666666667,3006.0333333333333,2964.6,2901.15,2910.0,2962.0,2942.5833333333335,2918.3454333333334,2903.3712333333337,2966.8212333333336,2981.795433333333,2815.683333333334,3069.483333333333,,,0.0,0.0,0.0,9,25
2019-03-11 09:30:00,2984.7,2989.9,2980.0,2988.3,24909,2019-03-11,2019,2920.566666666667,2879.1333333333337,2984.016666666667,3006.0333333333333,2964.6,2901.15,2910.0,2962.0,2942.5833333333335,2918.3454333333334,2903.3712333333337,2966.8212333333336,2981.795433333333,2815.683333333334,3069.483333333333,,,0.0,0.0,0.0,9,30
2019-03-11 09:35:00,2989.65,2989.9,2981.65,2982.5,16610,2019-03-11,2019,2920.566666666667,2879.1333333333337,2984.016666666667,3006.0333333333333,2964.6,2901.15,2910.0,2962.0,2942.5833333333335,2918.3454333333334,2903.3712333333337,2966.8212333333336,2981.795433333333,2815.683333333334,3069.483333333333,Exit,Sell,2986.3478,2970.6690333333336,2989.9,9,35
2019-03-11 09:40:00,2983.75,2986.85,2982.05,2986.0,5800,2019-03-11,2019,2920.566666666667,2879.1333333333337,2984.016666666667,3006.0333333333333,2964.6,2901.15,2910.0,2962.0,2942.5833333333335,2918.3454333333334,2903.3712333333337,2966.8212333333336,2981.795433333333,2815.683333333334,3069.483333333333,,,0.0,0.0,0.0,9,40
2019-03-11 09:45:00,2985.95,2992.35,2980.65,2983.85,40345,2019-03-11,2019,2920.566666666667,2879.1333333333337,2984.016666666667,3006.0333333333333,2964.6,2901.15,2910.0,2962.0,2942.5833333333335,2918.3454333333334,2903.3712333333337,2966.8212333333336,2981.795433333333,2815.683333333334,3069.483333333333,Exit,Buy,2989.9,3012.0833333333335,2938.35,9,45
2019-03-11 09:50:00,2983.85,2988.0,2978.0,2978.4,25371,2019-03-11,2019,2920.566666666667,2879.1333333333337,2984.016666666667,3006.0333333333333,2964.6,2901.15,2910.0,2962.0,2942.5833333333335,2918.3454333333334,2903.3712333333337,2966.8212333333336,2981.795433333333,2815.683333333334,3069.483333333333,,,0.0,0.0,0.0,9,50
2019-03-11 09:55:00,2979.2,2983.7,2978.0,2981.65,6237,2019-03-11,2019,2920.566666666667,2879.1333333333337,2984.016666666667,3006.0333333333333,2964.6,2901.15,2910.0,2962.0,2942.5833333333335,2918.3454333333334,2903.3712333333337,2966.8212333333336,2981.795433333333,2815.683333333334,3069.483333333333,,,0.0,0.0,0.0,9,55
2019-03-11 10:00:00,2981.7,2983.2,2979.55,2979.55,10968,2019-03-11,2019,2920.566666666667,2879.1333333333337,2984.016666666667,3006.0333333333333,2964.6,2901.15,2910.0,2962.0,2942.5833333333335,2918.3454333333334,2903.3712333333337,2966.8212333333336,2981.795433333333,2815.683333333334,3069.483333333333,,,0.0,0.0,0.0,10,0
2019-03-11 10:05:00,2979.55,2982.85,2979.0,2981.0,6355,2019-03-11,2019,2920.566666666667,2879.1333333333337,2984.016666666667,3006.0333333333333,2964.6,2901.15,2910.0,2962.0,2942.5833333333335,2918.3454333333334,2903.3712333333337,2966.8212333333336,2981.795433333333,2815.683333333334,3069.483333333333,,,0.0,0.0,0.0,10,5
2019-03-11 10:10:00,2981.0,2984.0,2979.65,2981.25,9757,2019-03-11,2019,2920.566666666667,2879.1333333333337,2984.016666666667,3006.0333333333333,2964.6,2901.15,2910.0,2962.0,2942.5833333333335,2918.3454333333334,2903.3712333333337,2966.8212333333336,2981.795433333333,2815.683333333334,3069.483333333333,,,0.0,0.0,0.0,10,10
2019-03-11 10:15:00,2982.95,2984.0,2980.0,2980.0,7985,2019-03-11,2019,2920.566666666667,2879.1333333333337,2984.016666666667,3006.0333333333333,2964.6,2901.15,2910.0,2962.0,2942.5833333333335,2918.3454333333334,2903.3712333333337,2966.8212333333336,2981.795433333333,2815.683333333334,3069.483333333333,,,0.0,0.0,0.0,10,15
2019-03-11 10:20:00,2980.0,2985.0,2980.0,2985.0,4225,2019-03-11,2019,2920.566666666667,2879.1333333333337,2984.016666666667,3006.0333333333333,2964.6,2901.15,2910.0,2962.0,2942.5833333333335,2918.3454333333334,2903.3712333333337,2966.8212333333336,2981.795433333333,2815.683333333334,3069.483333333333,,,0.0,0.0,0.0,10,20
2019-03-11 10:25:00,2985.0,2985.0,2982.0,2983.1,1780,2019-03-11,2019,2920.566666666667,2879.1333333333337,2984.016666666667,3006.0333333333333,2964.6,2901.15,2910.0,2962.0,2942.5833333333335,2918.3454333333334,2903.3712333333337,2966.8212333333336,2981.795433333333,2815.683333333334,3069.483333333333,,,0.0,0.0,0.0,10,25
2019-03-11 10:30:00,2984.0,2984.45,2977.0,2978.1,18303,2019-03-11,2019,2920.566666666667,2879.1333333333337,2984.016666666667,3006.0333333333333,2964.6,2901.15,2910.0,2962.0,2942.5833333333335,2918.3454333333334,2903.3712333333337,2966.8212333333336,2981.795433333333,2815.683333333334,3069.483333333333,,,0.0,0.0,0.0,10,30
2019-03-11 10:35:00,2978.0,2981.0,2974.0,2980.0,89003,2019-03-11,2019,2920.566666666667,2879.1333333333337,2984.016666666667,3006.0333333333333,2964.6,2901.15,2910.0,2962.0,2942.5833333333335,2918.3454333333334,2903.3712333333337,2966.8212333333336,2981.795433333333,2815.683333333334,3069.483333333333,,,0.0,0.0,0.0,10,35
2019-03-11 10:40:00,2980.0,2982.55,2979.0,2980.05,11825,2019-03-11,2019,2920.566666666667,2879.1333333333337,2984.016666666667,3006.0333333333333,2964.6,2901.15,2910.0,2962.0,2942.5833333333335,2918.3454333333334,2903.3712333333337,2966.8212333333336,2981.795433333333,2815.683333333334,3069.483333333333,,,0.0,0.0,0.0,10,40
2019-03-11 10:45:00,2980.05,2983.0,2980.0,2981.55,3922,2019-03-11,2019,2920.566666666667,2879.1333333333337,2984.016666666667,3006.0333333333333,2964.6,2901.15,2910.0,2962.0,2942.5833333333335,2918.3454333333334,2903.3712333333337,2966.8212333333336,2981.795433333333,2815.683333333334,3069.483333333333,,,0.0,0.0,0.0,10,45
2019-03-11 10:50:00,2981.55,2982.0,2980.0,2982.0,4796,2019-03-11,2019,2920.566666666667,2879.1333333333337,2984.016666666667,3006.0333333333333,2964.6,2901.15,2910.0,2962.0,2942.5833333333335,2918.3454333333334,2903.3712333333337,2966.8212333333336,2981.795433333333,2815.683333333334,3069.483333333333,,,0.0,0.0,0.0,10,50
2019-03-11 10:55:00,2981.7,2982.35,2980.0,2980.5,5220,2019-03-11,2019,2920.566666666667,2879.1333333333337,2984.016666666667,3006.0333333333333,2964.6,2901.15,2910.0,2962.0,2942.5833333333335,2918.3454333333334,2903.3712333333337,2966.8212333333336,2981.795433333333,2815.683333333334,3069.483333333333,,,0.0,0.0,0.0,10,55
2019-03-11 11:00:00,2980.5,2982.0,2980.0,2981.95,3226,2019-03-11,2019,2920.566666666667,2879.1333333333337,2984.016666666667,3006.0333333333333,2964.6,2901.15,2910.0,2962.0,2942.5833333333335,2918.3454333333334,2903.3712333333337,2966.8212333333336,2981.795433333333,2815.683333333334,3069.483333333333,,,0.0,0.0,0.0,11,0
2019-03-11 11:05:00,2981.95,2983.4,2980.1,2981.55,7108,2019-03-11,2019,2920.566666666667,2879.1333333333337,2984.016666666667,3006.0333333333333,2964.6,2901.15,2910.0,2962.0,2942.5833333333335,2918.3454333333334,2903.3712333333337,2966.8212333333336,2981.795433333333,2815.683333333334,3069.483333333333,,,0.0,0.0,0.0,11,5
2019-03-11 11:10:00,2981.55,2984.5,2980.0,2980.1,6295,2019-03-11,2019,2920.566666666667,2879.1333333333337,2984.016666666667,3006.0333333333333,2964.6,2901.15,2910.0,2962.0,2942.5833333333335,2918.3454333333334,2903.3712333333337,2966.8212333333336,2981.795433333333,2815.683333333334,3069.483333333333,,,0.0,0.0,0.0,11,10
2019-03-11 11:15:00,2980.1,2987.9,2980.1,2985.35,18386,2019-03-11,2019,2920.566666666667,2879.1333333333337,2984.016666666667,3006.0333333333333,2964.6,2901.15,2910.0,2962.0,2942.5833333333335,2918.3454333333334,2903.3712333333337,2966.8212333333336,2981.795433333333,2815.683333333334,3069.483333333333,,,0.0,0.0,0.0,11,15
2019-03-11 11:20:00,2985.35,2986.95,2985.0,2986.5,6469,2019-03-11,2019,2920.566666666667,2879.1333333333337,2984.016666666667,3006.0333333333333,2964.6,2901.15,2910.0,2962.0,2942.5833333333335,2918.3454333333334,2903.3712333333337,2966.8212333333336,2981.795433333333,2815.683333333334,3069.483333333333,,,0.0,0.0,0.0,11,20
2019-03-11 11:25:00,2986.5,2987.9,2985.35,2985.9,4824,2019-03-11,2019,2920.566666666667,2879.1333333333337,2984.016666666667,3006.0333333333333,2964.6,2901.15,2910.0,2962.0,2942.5833333333335,2918.3454333333334,2903.3712333333337,2966.8212333333336,2981.795433333333,2815.683333333334,3069.483333333333,,,0.0,0.0,0.0,11,25
2019-03-11 11:30:00,2985.85,2986.5,2982.05,2983.35,8092,2019-03-11,2019,2920.566666666667,2879.1333333333337,2984.016666666667,3006.0333333333333,2964.6,2901.15,2910.0,2962.0,2942.5833333333335,2918.3454333333334,2903.3712333333337,2966.8212333333336,2981.795433333333,2815.683333333334,3069.483333333333,,,0.0,0.0,0.0,11,30
2019-03-11 11:35:00,2983.35,2985.0,2981.0,2982.0,2675,2019-03-11,2019,2920.566666666667,2879.1333333333337,2984.016666666667,3006.0333333333333,2964.6,2901.15,2910.0,2962.0,2942.5833333333335,2918.3454333333334,2903.3712333333337,2966.8212333333336,2981.795433333333,2815.683333333334,3069.483333333333,,,0.0,0.0,0.0,11,35
2019-03-11 11:40:00,2981.55,2983.35,2981.0,2981.5,3100,2019-03-11,2019,2920.566666666667,2879.1333333333337,2984.016666666667,3006.0333333333333,2964.6,2901.15,2910.0,2962.0,2942.5833333333335,2918.3454333333334,2903.3712333333337,2966.8212333333336,2981.795433333333,2815.683333333334,3069.483333333333,,,0.0,0.0,0.0,11,40
2019-03-11 11:45:00,2981.5,2982.9,2981.0,2982.9,2704,2019-03-11,2019,2920.566666666667,2879.1333333333337,2984.016666666667,3006.0333333333333,2964.6,2901.15,2910.0,2962.0,2942.5833333333335,2918.3454333333334,2903.3712333333337,2966.8212333333336,2981.795433333333,2815.683333333334,3069.483333333333,,,0.0,0.0,0.0,11,45
2019-03-11 11:50:00,2983.0,2987.9,2982.35,2987.0,19892,2019-03-11,2019,2920.566666666667,2879.1333333333337,2984.016666666667,3006.0333333333333,2964.6,2901.15,2910.0,2962.0,2942.5833333333335,2918.3454333333334,2903.3712333333337,2966.8212333333336,2981.795433333333,2815.683333333334,3069.483333333333,,,0.0,0.0,0.0,11,50
2019-03-11 11:55:00,2987.0,2989.95,2987.0,2988.2,15447,2019-03-11,2019,2920.566666666667,2879.1333333333337,2984.016666666667,3006.0333333333333,2964.6,2901.15,2910.0,2962.0,2942.5833333333335,2918.3454333333334,2903.3712333333337,2966.8212333333336,2981.795433333333,2815.683333333334,3069.483333333333,,,0.0,0.0,0.0,11,55
2019-03-11 12:00:00,2988.2,2990.0,2987.5,2988.35,11027,2019-03-11,2019,2920.566666666667,2879.1333333333337,2984.016666666667,3006.0333333333333,2964.6,2901.15,2910.0,2962.0,2942.5833333333335,2918.3454333333334,2903.3712333333337,2966.8212333333336,2981.795433333333,2815.683333333334,3069.483333333333,,,0.0,0.0,0.0,12,0
2019-03-11 12:05:00,2988.35,2990.0,2987.0,2988.55,18276,2019-03-11,2019,2920.566666666667,2879.1333333333337,2984.016666666667,3006.0333333333333,2964.6,2901.15,2910.0,2962.0,2942.5833333333335,2918.3454333333334,2903.3712333333337,2966.8212333333336,2981.795433333333,2815.683333333334,3069.483333333333,,,0.0,0.0,0.0,12,5
2019-03-11 12:10:00,2988.55,2990.0,2988.35,2989.05,4212,2019-03-11,2019,2920.566666666667,2879.1333333333337,2984.016666666667,3006.0333333333333,2964.6,2901.15,2910.0,2962.0,2942.5833333333335,2918.3454333333334,2903.3712333333337,2966.8212333333336,2981.795433333333,2815.683333333334,3069.483333333333,,,0.0,0.0,0.0,12,10
2019-03-11 12:15:00,2989.05,2989.35,2988.05,2988.6,4710,2019-03-11,2019,2920.566666666667,2879.1333333333337,2984.016666666667,3006.0333333333333,2964.6,2901.15,2910.0,2962.0,2942.5833333333335,2918.3454333333334,2903.3712333333337,2966.8212333333336,2981.795433333333,2815.683333333334,3069.483333333333,,,0.0,0.0,0.0,12,15
2019-03-11 12:20:00,2988.2,2988.9,2987.0,2987.0,6070,2019-03-11,2019,2920.566666666667,2879.1333333333337,2984.016666666667,3006.0333333333333,2964.6,2901.15,2910.0,2962.0,2942.5833333333335,2918.3454333333334,2903.3712333333337,2966.8212333333336,2981.795433333333,2815.683333333334,3069.483333333333,,,0.0,0.0,0.0,12,20
2019-03-11 12:25:00,2987.0,2995.35,2986.9,2995.0,31087,2019-03-11,2019,2920.566666666667,2879.1333333333337,2984.016666666667,3006.0333333333333,2964.6,2901.15,2910.0,2962.0,2942.5833333333335,2918.3454333333334,2903.3712333333337,2966.8212333333336,2981.795433333333,2815.683333333334,3069.483333333333,,,0.0,0.0,0.0,12,25
2019-03-11 12:30:00,2993.85,2997.9,2992.7,2993.3,10430,2019-03-11,2019,2920.566666666667,2879.1333333333337,2984.016666666667,3006.0333333333333,2964.6,2901.15,2910.0,2962.0,2942.5833333333335,2918.3454333333334,2903.3712333333337,2966.8212333333336,2981.795433333333,2815.683333333334,3069.483333333333,,,0.0,0.0,0.0,12,30
2019-03-11 12:35:00,2993.3,2998.0,2992.6,2997.6,9624,2019-03-11,2019,2920.566666666667,2879.1333333333337,2984.016666666667,3006.0333333333333,2964.6,2901.15,2910.0,2962.0,2942.5833333333335,2918.3454333333334,2903.3712333333337,2966.8212333333336,2981.795433333333,2815.683333333334,3069.483333333333,,,0.0,0.0,0.0,12,35
2019-03-11 12:40:00,2997.75,3001.95,2997.0,3000.2,178385,2019-03-11,2019,2920.566666666667,2879.1333333333337,2984.016666666667,3006.0333333333333,2964.6,2901.15,2910.0,2962.0,2942.5833333333335,2918.3454333333334,2903.3712333333337,2966.8212333333336,2981.795433333333,2815.683333333334,3069.483333333333,,,0.0,0.0,0.0,12,40
2019-03-11 12:45:00,3001.3,3002.0,2993.6,2998.1,14632,2019-03-11,2019,2920.566666666667,2879.1333333333337,2984.016666666667,3006.0333333333333,2964.6,2901.15,2910.0,2962.0,2942.5833333333335,2918.3454333333334,2903.3712333333337,2966.8212333333336,2981.795433333333,2815.683333333334,3069.483333333333,,,0.0,0.0,0.0,12,45
2019-03-11 12:50:00,2998.1,3000.0,2993.1,2995.0,10245,2019-03-11,2019,2920.566666666667,2879.1333333333337,2984.016666666667,3006.0333333333333,2964.6,2901.15,2910.0,2962.0,2942.5833333333335,2918.3454333333334,2903.3712333333337,2966.8212333333336,2981.795433333333,2815.683333333334,3069.483333333333,,,0.0,0.0,0.0,12,50
2019-03-11 12:55:00,2995.0,2995.95,2994.0,2995.15,5184,2019-03-11,2019,2920.566666666667,2879.1333333333337,2984.016666666667,3006.0333333333333,2964.6,2901.15,2910.0,2962.0,2942.5833333333335,2918.3454333333334,2903.3712333333337,2966.8212333333336,2981.795433333333,2815.683333333334,3069.483333333333,,,0.0,0.0,0.0,12,55
2019-03-11 13:00:00,2995.1,2996.45,2994.0,2995.0,6178,2019-03-11,2019,2920.566666666667,2879.1333333333337,2984.016666666667,3006.0333333333333,2964.6,2901.15,2910.0,2962.0,2942.5833333333335,2918.3454333333334,2903.3712333333337,2966.8212333333336,2981.795433333333,2815.683333333334,3069.483333333333,,,0.0,0.0,0.0,13,0
2019-03-11 13:05:00,2995.0,2996.95,2995.0,2996.0,2052,2019-03-11,2019,2920.566666666667,2879.1333333333337,2984.016666666667,3006.0333333333333,2964.6,2901.15,2910.0,2962.0,2942.5833333333335,2918.3454333333334,2903.3712333333337,2966.8212333333336,2981.795433333333,2815.683333333334,3069.483333333333,,,0.0,0.0,0.0,13,5
2019-03-11 13:10:00,2996.0,2999.0,2995.0,2998.95,5586,2019-03-11,2019,2920.566666666667,2879.1333333333337,2984.016666666667,3006.0333333333333,2964.6,2901.15,2910.0,2962.0,2942.5833333333335,2918.3454333333334,2903.3712333333337,2966.8212333333336,2981.795433333333,2815.683333333334,3069.483333333333,,,0.0,0.0,0.0,13,10
2019-03-11 13:15:00,2998.95,2999.0,2994.0,2994.65,3899,2019-03-11,2019,2920.566666666667,2879.1333333333337,2984.016666666667,3006.0333333333333,2964.6,2901.15,2910.0,2962.0,2942.5833333333335,2918.3454333333334,2903.3712333333337,2966.8212333333336,2981.795433333333,2815.683333333334,3069.483333333333,,,0.0,0.0,0.0,13,15
2019-03-11 13:20:00,2994.55,2996.25,2993.0,2995.35,5998,2019-03-11,2019,2920.566666666667,2879.1333333333337,2984.016666666667,3006.0333333333333,2964.6,2901.15,2910.0,2962.0,2942.5833333333335,2918.3454333333334,2903.3712333333337,2966.8212333333336,2981.795433333333,2815.683333333334,3069.483333333333,,,0.0,0.0,0.0,13,20
2019-03-11 13:25:00,2995.35,2996.5,2994.95,2996.0,7761,2019-03-11,2019,2920.566666666667,2879.1333333333337,2984.016666666667,3006.0333333333333,2964.6,2901.15,2910.0,2962.0,2942.5833333333335,2918.3454333333334,2903.3712333333337,2966.8212333333336,2981.795433333333,2815.683333333334,3069.483333333333,,,0.0,0.0,0.0,13,25
2019-03-11 13:30:00,2996.0,2996.5,2995.05,2996.0,4359,2019-03-11,2019,2920.566666666667,2879.1333333333337,2984.016666666667,3006.0333333333333,2964.6,2901.15,2910.0,2962.0,2942.5833333333335,2918.3454333333334,2903.3712333333337,2966.8212333333336,2981.795433333333,2815.683333333334,3069.483333333333,,,0.0,0.0,0.0,13,30
2019-03-11 13:35:00,2996.0,2998.95,2996.0,2997.65,5119,2019-03-11,2019,2920.566666666667,2879.1333333333337,2984.016666666667,3006.0333333333333,2964.6,2901.15,2910.0,2962.0,2942.5833333333335,2918.3454333333334,2903.3712333333337,2966.8212333333336,2981.795433333333,2815.683333333334,3069.483333333333,,,0.0,0.0,0.0,13,35
2019-03-11 13:40:00,2998.75,2999.0,2997.0,2999.0,5939,2019-03-11,2019,2920.566666666667,2879.1333333333337,2984.016666666667,3006.0333333333333,2964.6,2901.15,2910.0,2962.0,2942.5833333333335,2918.3454333333334,2903.3712333333337,2966.8212333333336,2981.795433333333,2815.683333333334,3069.483333333333,,,0.0,0.0,0.0,13,40
2019-03-11 13:45:00,2998.7,2999.0,2996.45,2998.0,14538,2019-03-11,2019,2920.566666666667,2879.1333333333337,2984.016666666667,3006.0333333333333,2964.6,2901.15,2910.0,2962.0,2942.5833333333335,2918.3454333333334,2903.3712333333337,2966.8212333333336,2981.795433333333,2815.683333333334,3069.483333333333,,,0.0,0.0,0.0,13,45
2019-03-11 13:50:00,2998.0,2998.85,2996.5,2997.0,6211,2019-03-11,2019,2920.566666666667,2879.1333333333337,2984.016666666667,3006.0333333333333,2964.6,2901.15,2910.0,2962.0,2942.5833333333335,2918.3454333333334,2903.3712333333337,2966.8212333333336,2981.795433333333,2815.683333333334,3069.483333333333,,,0.0,0.0,0.0,13,50
2019-03-11 13:55:00,2997.0,2998.5,2996.75,2997.7,8164,2019-03-11,2019,2920.566666666667,2879.1333333333337,2984.016666666667,3006.0333333333333,2964.6,2901.15,2910.0,2962.0,2942.5833333333335,2918.3454333333334,2903.3712333333337,2966.8212333333336,2981.795433333333,2815.683333333334,3069.483333333333,,,0.0,0.0,0.0,13,55
2019-03-11 14:00:00,2997.85,2999.0,2996.0,2998.55,8153,2019-03-11,2019,2920.566666666667,2879.1333333333337,2984.016666666667,3006.0333333333333,2964.6,2901.15,2910.0,2962.0,2942.5833333333335,2918.3454333333334,2903.3712333333337,2966.8212333333336,2981.795433333333,2815.683333333334,3069.483333333333,,,0.0,0.0,0.0,14,0
2019-03-11 14:05:00,2998.0,2998.55,2996.0,2998.45,15919,2019-03-11,2019,2920.566666666667,2879.1333333333337,2984.016666666667,3006.0333333333333,2964.6,2901.15,2910.0,2962.0,2942.5833333333335,2918.3454333333334,2903.3712333333337,2966.8212333333336,2981.795433333333,2815.683333333334,3069.483333333333,,,0.0,0.0,0.0,14,5
2019-03-11 14:10:00,2998.45,2998.45,2996.5,2997.05,6445,2019-03-11,2019,2920.566666666667,2879.1333333333337,2984.016666666667,3006.0333333333333,2964.6,2901.15,2910.0,2962.0,2942.5833333333335,2918.3454333333334,2903.3712333333337,2966.8212333333336,2981.795433333333,2815.683333333334,3069.483333333333,,,0.0,0.0,0.0,14,10
2019-03-11 14:15:00,2997.05,3000.5,2996.9,3000.5,12636,2019-03-11,2019,2920.566666666667,2879.1333333333337,2984.016666666667,3006.0333333333333,2964.6,2901.15,2910.0,2962.0,2942.5833333333335,2918.3454333333334,2903.3712333333337,2966.8212333333336,2981.795433333333,2815.683333333334,3069.483333333333,,,0.0,0.0,0.0,14,15
2019-03-11 14:20:00,3000.55,3001.5,2999.0,2999.9,8034,2019-03-11,2019,2920.566666666667,2879.1333333333337,2984.016666666667,3006.0333333333333,2964.6,2901.15,2910.0,2962.0,2942.5833333333335,2918.3454333333334,2903.3712333333337,2966.8212333333336,2981.795433333333,2815.683333333334,3069.483333333333,,,0.0,0.0,0.0,14,20
2019-03-11 14:25:00,2999.9,3009.0,2999.75,3007.5,19757,2019-03-11,2019,2920.566666666667,2879.1333333333337,2984.016666666667,3006.0333333333333,2964.6,2901.15,2910.0,2962.0,2942.5833333333335,2918.3454333333334,2903.3712333333337,2966.8212333333336,2981.795433333333,2815.683333333334,3069.483333333333,,,0.0,0.0,0.0,14,25
2019-03-11 14:30:00,3007.0,3007.95,3000.0,3001.7,16423,2019-03-11,2019,2920.566666666667,2879.1333333333337,2984.016666666667,3006.0333333333333,2964.6,2901.15,2910.0,2962.0,2942.5833333333335,2918.3454333333334,2903.3712333333337,2966.8212333333336,2981.795433333333,2815.683333333334,3069.483333333333,Exit,Sell,3001.8596000000002,2984.1762666666673,3009.0,14,30
2019-03-11 14:35:00,3001.7,3004.0,3001.45,3002.95,6563,2019-03-11,2019,2920.566666666667,2879.1333333333337,2984.016666666667,3006.0333333333333,2964.6,2901.15,2910.0,2962.0,2942.5833333333335,2918.3454333333334,2903.3712333333337,2966.8212333333336,2981.795433333333,2815.683333333334,3069.483333333333,,,0.0,0.0,0.0,14,35
2019-03-11 14:40:00,3003.0,3006.9,3000.35,3003.6,5488,2019-03-11,2019,2920.566666666667,2879.1333333333337,2984.016666666667,3006.0333333333333,2964.6,2901.15,2910.0,2962.0,2942.5833333333335,2918.3454333333334,2903.3712333333337,2966.8212333333336,2981.795433333333,2815.683333333334,3069.483333333333,,,0.0,0.0,0.0,14,40
2019-03-11 14:45:00,3005.5,3012.0,3003.8,3007.6,15059,2019-03-11,2019,2920.566666666667,2879.1333333333337,2984.016666666667,3006.0333333333333,2964.6,2901.15,2910.0,2962.0,2942.5833333333335,2918.3454333333334,2903.3712333333337,2966.8212333333336,2981.795433333333,2815.683333333334,3069.483333333333,Exit,Buy,3009.0,3070.883333333333,2938.35,14,45
2019-03-11 14:50:00,3007.6,3008.0,3003.35,3004.0,8554,2019-03-11,2019,2920.566666666667,2879.1333333333337,2984.016666666667,3006.0333333333333,2964.6,2901.15,2910.0,2962.0,2942.5833333333335,2918.3454333333334,2903.3712333333337,2966.8212333333336,2981.795433333333,2815.683333333334,3069.483333333333,,,0.0,0.0,0.0,14,50
2019-03-11 14:55:00,3004.0,3004.05,3002.0,3002.9,6148,2019-03-11,2019,2920.566666666667,2879.1333333333337,2984.016666666667,3006.0333333333333,2964.6,2901.15,2910.0,2962.0,2942.5833333333335,2918.3454333333334,2903.3712333333337,2966.8212333333336,2981.795433333333,2815.683333333334,3069.483333333333,,,0.0,0.0,0.0,14,55
2019-03-11 15:00:00,3002.9,3005.0,3000.05,3000.4,10488,2019-03-11,2019,2920.566666666667,2879.1333333333337,2984.016666666667,3006.0333333333333,2964.6,2901.15,2910.0,2962.0,2942.5833333333335,2918.3454333333334,2903.3712333333337,2966.8212333333336,2981.795433333333,2815.683333333334,3069.483333333333,,,0.0,0.0,0.0,15,0
2019-03-11 15:05:00,3000.95,3002.2,2999.0,2999.4,23253,2019-03-11,2019,2920.566666666667,2879.1333333333337,2984.016666666667,3006.0333333333333,2964.6,2901.15,2910.0,2962.0,2942.5833333333335,2918.3454333333334,2903.3712333333337,2966.8212333333336,2981.795433333333,2815.683333333334,3069.483333333333,,,0.0,0.0,0.0,15,5
2019-03-11 15:10:00,2999.0,3002.65,2998.75,3001.75,20109,2019-03-11,2019,2920.566666666667,2879.1333333333337,2984.016666666667,3006.0333333333333,2964.6,2901.15,2910.0,2962.0,2942.5833333333335,2918.3454333333334,2903.3712333333337,2966.8212333333336,2981.795433333333,2815.683333333334,3069.483333333333,,,0.0,0.0,0.0,15,10
2019-03-11 15:15:00,3001.65,3003.85,2999.75,3001.2,24692,2019-03-11,2019,2920.566666666667,2879.1333333333337,2984.016666666667,3006.0333333333333,2964.6,2901.15,2910.0,2962.0,2942.5833333333335,2918.3454333333334,2903.3712333333337,2966.8212333333336,2981.795433333333,2815.683333333334,3069.483333333333,,,0.0,0.0,0.0,15,15
2019-03-11 15:20:00,3002.55,3002.55,2999.45,3000.15,21632,2019-03-11,2019,2920.566666666667,2879.1333333333337,2984.016666666667,3006.0333333333333,2964.6,2901.15,2910.0,2962.0,2942.5833333333335,2918.3454333333334,2903.3712333333337,2966.8212333333336,2981.795433333333,2815.683333333334,3069.483333333333,Exit,Sell,3000.15,0.0,0.0,15,20
2019-03-11 15:25:00,3000.15,3001.7,2998.25,3000.0,10359,2019-03-11,2019,2920.566666666667,2879.1333333333337,2984.016666666667,3006.0333333333333,2964.6,2901.15,2910.0,2962.0,2942.5833333333335,2918.3454333333334,2903.3712333333337,2966.8212333333336,2981.795433333333,2815.683333333334,3069.483333333333,,,0.0,0.0,0.0,15,25
2019-03-12 09:15:00,3012.0,3020.0,3002.0,3017.0,45403,2019-03-12,2019,2954.9000000000005,2909.8,3028.5500000000006,3057.1000000000004,3012.0,2938.35,2970.0,3000.0,2983.4500000000003,2955.3157,2937.9343000000003,3011.5843000000004,3028.9657,2836.15,3130.7500000000005,,,0.0,0.0,0.0,9,15
2019-03-12 09:20:00,3019.15,3019.4,3011.0,3014.6,12655,2019-03-12,2019,2954.9000000000005,2909.8,3028.5500000000006,3057.1000000000004,3012.0,2938.35,2970.0,3000.0,2983.4500000000003,2955.3157,2937.9343000000003,3011.5843000000004,3028.9657,2836.15,3130.7500000000005,,,0.0,0.0,0.0,9,20
2019-03-12 09:25:00,3014.6,3015.85,3008.0,3009.0,11569,2019-03-12,2019,2954.9000000000005,2909.8,3028.5500000000006,3057.1000000000004,3012.0,2938.35,2970.0,3000.0,2983.4500000000003,2955.3157,2937.9343000000003,3011.5843000000004,3028.9657,2836.15,3130.7500000000005,,,0.0,0.0,0.0,9,25
2019-03-12 09:30:00,3009.0,3011.4,3002.0,3006.3,14207,2019-03-12,2019,2954.9000000000005,2909.8,3028.5500000000006,3057.1000000000004,3012.0,2938.35,2970.0,3000.0,2983.4500000000003,2955.3157,2937.9343000000003,3011.5843000000004,3028.9657,2836.15,3130.7500000000005,,,0.0,0.0,0.0,9,30
2019-03-12 09:35:00,3006.3,3012.9,3005.0,3011.9,4997,2019-03-12,2019,2954.9000000000005,2909.8,3028.5500000000006,3057.1000000000004,3012.0,2938.35,2970.0,3000.0,2983.4500000000003,2955.3157,2937.9343000000003,3011.5843000000004,3028.9657,2836.15,3130.7500000000005,,,0.0,0.0,0.0,9,35
2019-03-12 09:40:00,3011.9,3014.1,3008.0,3008.05,4714,2019-03-12,2019,2954.9000000000005,2909.8,3028.5500000000006,3057.1000000000004,3012.0,2938.35,2970.0,3000.0,2983.4500000000003,2955.3157,2937.9343000000003,3011.5843000000004,3028.9657,2836.15,3130.7500000000005,,,0.0,0.0,0.0,9,40
2019-03-12 09:45:00,3008.55,3010.0,3003.2,3006.65,6898,2019-03-12,2019,2954.9000000000005,2909.8,3028.5500000000006,3057.1000000000004,3012.0,2938.35,2970.0,3000.0,2983.4500000000003,2955.3157,2937.9343000000003,3011.5843000000004,3028.9657,2836.15,3130.7500000000005,,,0.0,0.0,0.0,9,45
2019-03-12 09:50:00,3006.65,3008.0,2990.5,2995.0,15219,2019-03-12,2019,2954.9000000000005,2909.8,3028.5500000000006,3057.1000000000004,3012.0,2938.35,2970.0,3000.0,2983.4500000000003,2955.3157,2937.9343000000003,3011.5843000000004,3028.9657,2836.15,3130.7500000000005,Entry,Sell,3002.0,2962.3157,3020.0,9,50
2019-03-12 09:55:00,2994.35,2995.25,2992.0,2995.0,24314,2019-03-12,2019,2954.9000000000005,2909.8,3028.5500000000006,3057.1000000000004,3012.0,2938.35,2970.0,3000.0,2983.4500000000003,2955.3157,2937.9343000000003,3011.5843000000004,3028.9657,2836.15,3130.7500000000005,,,0.0,0.0,0.0,9,55
2019-03-12 10:00:00,2995.0,3000.0,2994.0,2994.1,6329,2019-03-12,2019,2954.9000000000005,2909.8,3028.5500000000006,3057.1000000000004,3012.0,2938.35,2970.0,3000.0,2983.4500000000003,2955.3157,2937.9343000000003,3011.5843000000004,3028.9657,2836.15,3130.7500000000005,,,0.0,0.0,0.0,10,0
2019-03-12 10:05:00,2994.1,2995.55,2991.5,2995.05,5719,2019-03-12,2019,2954.9000000000005,2909.8,3028.5500000000006,3057.1000000000004,3012.0,2938.35,2970.0,3000.0,2983.4500000000003,2955.3157,2937.9343000000003,3011.5843000000004,3028.9657,2836.15,3130.7500000000005,,,0.0,0.0,0.0,10,5
2019-03-12 10:10:00,2995.15,2995.4,2986.0,2988.0,12003,2019-03-12,2019,2954.9000000000005,2909.8,3028.5500000000006,3057.1000000000004,3012.0,2938.35,2970.0,3000.0,2983.4500000000003,2955.3157,2937.9343000000003,3011.5843000000004,3028.9657,2836.15,3130.7500000000005,,,0.0,0.0,0.0,10,10
2019-03-12 10:15:00,2988.1,2990.0,2982.05,2983.55,13015,2019-03-12,2019,2954.9000000000005,2909.8,3028.5500000000006,3057.1000000000004,3012.0,2938.35,2970.0,3000.0,2983.4500000000003,2955.3157,2937.9343000000003,3011.5843000000004,3028.9657,2836.15,3130.7500000000005,Exit,Buy,2989.992,3018.0263000000004,2986.0,10,15
2019-03-12 10:20:00,2983.55,2989.0,2981.35,2987.8,6140,2019-03-12,2019,2954.9000000000005,2909.8,3028.5500000000006,3057.1000000000004,3012.0,2938.35,2970.0,3000.0,2983.4500000000003,2955.3157,2937.9343000000003,3011.5843000000004,3028.9657,2836.15,3130.7500000000005,Exit,Sell,2986.0,2953.5157,3020.0,10,20
2019-03-12 10:25:00,2987.75,2989.85,2987.05,2987.95,5809,2019-03-12,2019,2954.9000000000005,2909.8,3028.5500000000006,3057.1000000000004,3012.0,2938.35,2970.0,3000.0,2983.4500000000003,2955.3157,2937.9343000000003,3011.5843000000004,3028.9657,2836.15,3130.7500000000005,,,0.0,0.0,0.0,10,25
2019-03-12 10:30:00,2987.95,2988.0,2983.25,2987.5,3984,2019-03-12,2019,2954.9000000000005,2909.8,3028.5500000000006,3057.1000000000004,3012.0,2938.35,2970.0,3000.0,2983.4500000000003,2955.3157,2937.9343000000003,3011.5843000000004,3028.9657,2836.15,3130.7500000000005,,,0.0,0.0,0.0,10,30
2019-03-12 10:35:00,2987.5,2988.0,2985.0,2987.9,4323,2019-03-12,2019,2954.9000000000005,2909.8,3028.5500000000006,3057.1000000000004,3012.0,2938.35,2970.0,3000.0,2983.4500000000003,2955.3157,2937.9343000000003,3011.5843000000004,3028.9657,2836.15,3130.7500000000005,,,0.0,0.0,0.0,10,35
2019-03-12 10:40:00,2987.9,2994.0,2987.85,2992.95,6882,2019-03-12,2019,2954.9000000000005,2909.8,3028.5500000000006,3057.1000000000004,3012.0,2938.35,2970.0,3000.0,2983.4500000000003,2955.3157,2937.9343000000003,3011.5843000000004,3028.9657,2836.15,3130.7500000000005,,,0.0,0.0,0.0,10,40
2019-03-12 10:45:00,2992.95,2997.95,2992.0,2992.0,5773,2019-03-12,2019,2954.9000000000005,2909.8,3028.5500000000006,3057.1000000000004,3012.0,2938.35,2970.0,3000.0,2983.4500000000003,2955.3157,2937.9343000000003,3011.5843000000004,3028.9657,2836.15,3130.7500000000005,,,0.0,0.0,0.0,10,45
2019-03-12 10:50:00,2992.0,2992.4,2988.1,2991.5,4479,2019-03-12,2019,2954.9000000000005,2909.8,3028.5500000000006,3057.1000000000004,3012.0,2938.35,2970.0,3000.0,2983.4500000000003,2955.3157,2937.9343000000003,3011.5843000000004,3028.9657,2836.15,3130.7500000000005,,,0.0,0.0,0.0,10,50
2019-03-12 10:55:00,2992.4,2996.3,2991.05,2993.25,3646,2019-03-12,2019,2954.9000000000005,2909.8,3028.5500000000006,3057.1000000000004,3012.0,2938.35,2970.0,3000.0,2983.4500000000003,2955.3157,2937.9343000000003,3011.5843000000004,3028.9657,2836.15,3130.7500000000005,,,0.0,0.0,0.0,10,55
2019-03-12 11:00:00,2993.25,2995.0,2990.1,2992.3,2591,2019-03-12,2019,2954.9000000000005,2909.8,3028.5500000000006,3057.1000000000004,3012.0,2938.35,2970.0,3000.0,2983.4500000000003,2955.3157,2937.9343000000003,3011.5843000000004,3028.9657,2836.15,3130.7500000000005,,,0.0,0.0,0.0,11,0
2019-03-12 11:05:00,2992.0,2994.25,2990.05,2991.15,2560,2019-03-12,2019,2954.9000000000005,2909.8,3028.5500000000006,3057.1000000000004,3012.0,2938.35,2970.0,3000.0,2983.4500000000003,2955.3157,2937.9343000000003,3011.5843000000004,3028.9657,2836.15,3130.7500000000005,,,0.0,0.0,0.0,11,5
2019-03-12 11:10:00,2991.15,2995.0,2990.75,2993.6,7314,2019-03-12,2019,2954.9000000000005,2909.8,3028.5500000000006,3057.1000000000004,3012.0,2938.35,2970.0,3000.0,2983.4500000000003,2955.3157,2937.9343000000003,3011.5843000000004,3028.9657,2836.15,3130.7500000000005,,,0.0,0.0,0.0,11,10
2019-03-12 11:15:00,2992.15,2996.5,2992.15,2994.95,8017,2019-03-12,2019,2954.9000000000005,2909.8,3028.5500000000006,3057.1000000000004,3012.0,2938.35,2970.0,3000.0,2983.4500000000003,2955.3157,2937.9343000000003,3011.5843000000004,3028.9657,2836.15,3130.7500000000005,,,0.0,0.0,0.0,11,15
2019-03-12 11:20:00,2994.95,2994.95,2992.0,2993.0,1676,2019-03-12,2019,2954.9000000000005,2909.8,3028.5500000000006,3057.1000000000004,3012.0,2938.35,2970.0,3000.0,2983.4500000000003,2955.3157,2937.9343000000003,3011.5843000000004,3028.9657,2836.15,3130.7500000000005,,,0.0,0.0,0.0,11,20
2019-03-12 11:25:00,2993.0,2994.1,2992.0,2994.0,2463,2019-03-12,2019,2954.9000000000005,2909.8,3028.5500000000006,3057.1000000000004,3012.0,2938.35,2970.0,3000.0,2983.4500000000003,2955.3157,2937.9343000000003,3011.5843000000004,3028.9657,2836.15,3130.7500000000005,,,0.0,0.0,0.0,11,25
2019-03-12 11:30:00,2994.0,2996.0,2994.0,2994.1,2879,2019-03-12,2019,2954.9000000000005,2909.8,3028.5500000000006,3057.1000000000004,3012.0,2938.35,2970.0,3000.0,2983.4500000000003,2955.3157,2937.9343000000003,3011.5843000000004,3028.9657,2836.15,3130.7500000000005,,,0.0,0.0,0.0,11,30
2019-03-12 11:35:00,2994.2,2995.5,2994.0,2995.2,2565,2019-03-12,2019,2954.9000000000005,2909.8,3028.5500000000006,3057.1000000000004,3012.0,2938.35,2970.0,3000.0,2983.4500000000003,2955.3157,2937.9343000000003,3011.5843000000004,3028.9657,2836.15,3130.7500000000005,,,0.0,0.0,0.0,11,35
2019-03-12 11:40:00,2995.2,2995.2,2993.0,2994.0,1081,2019-03-12,2019,2954.9000000000005,2909.8,3028.5500000000006,3057.1000000000004,3012.0,2938.35,2970.0,3000.0,2983.4500000000003,2955.3157,2937.9343000000003,3011.5843000000004,3028.9657,2836.15,3130.7500000000005,,,0.0,0.0,0.0,11,40
2019-03-12 11:45:00,2994.0,2998.0,2993.0,2997.5,8232,2019-03-12,2019,2954.9000000000005,2909.8,3028.5500000000006,3057.1000000000004,3012.0,2938.35,2970.0,3000.0,2983.4500000000003,2955.3157,2937.9343000000003,3011.5843000000004,3028.9657,2836.15,3130.7500000000005,,,0.0,0.0,0.0,11,45
2019-03-12 11:50:00,2996.75,2998.0,2996.75,2996.9,4994,2019-03-12,2019,2954.9000000000005,2909.8,3028.5500000000006,3057.1000000000004,3012.0,2938.35,2970.0,3000.0,2983.4500000000003,2955.3157,2937.9343000000003,3011.5843000000004,3028.9657,2836.15,3130.7500000000005,,,0.0,0.0,0.0,11,50
2019-03-12 11:55:00,2996.9,2997.95,2996.35,2997.0,2856,2019-03-12,2019,2954.9000000000005,2909.8,3028.5500000000006,3057.1000000000004,3012.0,2938.35,2970.0,3000.0,2983.4500000000003,2955.3157,2937.9343000000003,3011.5843000000004,3028.9657,2836.15,3130.7500000000005,,,0.0,0.0,0.0,11,55
2019-03-12 12:00:00,2997.0,2997.5,2997.0,2997.0,2039,2019-03-12,2019,2954.9000000000005,2909.8,3028.5500000000006,3057.1000000000004,3012.0,2938.35,2970.0,3000.0,2983.4500000000003,2955.3157,2937.9343000000003,3011.5843000000004,3028.9657,2836.15,3130.7500000000005,,,0.0,0.0,0.0,12,0
2019-03-12 12:05:00,2997.0,2998.4,2997.0,2998.3,4793,2019-03-12,2019,2954.9000000000005,2909.8,3028.5500000000006,3057.1000000000004,3012.0,2938.35,2970.0,3000.0,2983.4500000000003,2955.3157,2937.9343000000003,3011.5843000000004,3028.9657,2836.15,3130.7500000000005,,,0.0,0.0,0.0,12,5
2019-03-12 12:10:00,2998.3,2998.4,2997.0,2997.0,1820,2019-03-12,2019,2954.9000000000005,2909.8,3028.5500000000006,3057.1000000000004,3012.0,2938.35,2970.0,3000.0,2983.4500000000003,2955.3157,2937.9343000000003,3011.5843000000004,3028.9657,2836.15,3130.7500000000005,,,0.0,0.0,0.0,12,10
2019-03-12 12:15:00,2997.0,2997.45,2994.0,2994.0,3959,2019-03-12,2019,2954.9000000000005,2909.8,3028.5500000000006,3057.1000000000004,3012.0,2938.35,2970.0,3000.0,2983.4500000000003,2955.3157,2937.9343000000003,3011.5843000000004,3028.9657,2836.15,3130.7500000000005,,,0.0,0.0,0.0,12,15
2019-03-12 12:20:00,2995.0,2998.0,2994.0,2998.0,3629,2019-03-12,2019,2954.9000000000005,2909.8,3028.5500000000006,3057.1000000000004,3012.0,2938.35,2970.0,3000.0,2983.4500000000003,2955.3157,2937.9343000000003,3011.5843000000004,3028.9657,2836.15,3130.7500000000005,,,0.0,0.0,0.0,12,20
2019-03-12 12:25:00,2997.65,2998.0,2997.0,2997.95,4350,2019-03-12,2019,2954.9000000000005,2909.8,3028.5500000000006,3057.1000000000004,3012.0,2938.35,2970.0,3000.0,2983.4500000000003,2955.3157,2937.9343000000003,3011.5843000000004,3028.9657,2836.15,3130.7500000000005,,,0.0,0.0,0.0,12,25
2019-03-12 12:30:00,2997.95,2998.85,2997.0,2997.2,3580,2019-03-12,2019,2954.9000000000005,2909.8,3028.5500000000006,3057.1000000000004,3012.0,2938.35,2970.0,3000.0,2983.4500000000003,2955.3157,2937.9343000000003,3011.5843000000004,3028.9657,2836.15,3130.7500000000005,,,0.0,0.0,0.0,12,30
2019-03-12 12:35:00,2997.2,3004.8,2997.2,3003.75,11016,2019-03-12,2019,2954.9000000000005,2909.8,3028.5500000000006,3057.1000000000004,3012.0,2938.35,2970.0,3000.0,2983.4500000000003,2955.3157,2937.9343000000003,3011.5843000000004,3028.9657,2836.15,3130.7500000000005,,,0.0,0.0,0.0,12,35
2019-03-12 12:40:00,3003.5,3005.0,3002.35,3003.05,6769,2019-03-12,2019,2954.9000000000005,2909.8,3028.5500000000006,3057.1000000000004,3012.0,2938.35,2970.0,3000.0,2983.4500000000003,2955.3157,2937.9343000000003,3011.5843000000004,3028.9657,2836.15,3130.7500000000005,,,0.0,0.0,0.0,12,40
2019-03-12 12:45:00,3003.05,3004.5,3003.0,3003.5,8285,2019-03-12,2019,2954.9000000000005,2909.8,3028.5500000000006,3057.1000000000004,3012.0,2938.35,2970.0,3000.0,2983.4500000000003,2955.3157,2937.9343000000003,3011.5843000000004,3028.9657,2836.15,3130.7500000000005,,,0.0,0.0,0.0,12,45
2019-03-12 12:50:00,3003.5,3005.0,3003.0,3003.35,3351,2019-03-12,2019,2954.9000000000005,2909.8,3028.5500000000006,3057.1000000000004,3012.0,2938.35,2970.0,3000.0,2983.4500000000003,2955.3157,2937.9343000000003,3011.5843000000004,3028.9657,2836.15,3130.7500000000005,,,0.0,0.0,0.0,12,50
2019-03-12 12:55:00,3003.35,3007.95,3003.35,3004.0,6889,2019-03-12,2019,2954.9000000000005,2909.8,3028.5500000000006,3057.1000000000004,3012.0,2938.35,2970.0,3000.0,2983.4500000000003,2955.3157,2937.9343000000003,3011.5843000000004,3028.9657,2836.15,3130.7500000000005,,,0.0,0.0,0.0,12,55
2019-03-12 13:00:00,3004.2,3004.7,3003.0,3004.0,2248,2019-03-12,2019,2954.9000000000005,2909.8,3028.5500000000006,3057.1000000000004,3012.0,2938.35,2970.0,3000.0,2983.4500000000003,2955.3157,2937.9343000000003,3011.5843000000004,3028.9657,2836.15,3130.7500000000005,,,0.0,0.0,0.0,13,0
2019-03-12 13:05:00,3004.0,3004.0,2991.65,2996.0,10462,2019-03-12,2019,2954.9000000000005,2909.8,3028.5500000000006,3057.1000000000004,3012.0,2938.35,2970.0,3000.0,2983.4500000000003,2955.3157,2937.9343000000003,3011.5843000000004,3028.9657,2836.15,3130.7500000000005,,,0.0,0.0,0.0,13,5
2019-03-12 13:10:00,2996.05,2998.9,2995.0,2997.0,3383,2019-03-12,2019,2954.9000000000005,2909.8,3028.5500000000006,3057.1000000000004,3012.0,2938.35,2970.0,3000.0,2983.4500000000003,2955.3157,2937.9343000000003,3011.5843000000004,3028.9657,2836.15,3130.7500000000005,,,0.0,0.0,0.0,13,10
2019-03-12 13:15:00,2997.0,2998.9,2996.0,2997.0,5150,2019-03-12,2019,2954.9000000000005,2909.8,3028.5500000000006,3057.1000000000004,3012.0,2938.35,2970.0,3000.0,2983.4500000000003,2955.3157,2937.9343000000003,3011.5843000000004,3028.9657,2836.15,3130.7500000000005,,,0.0,0.0,0.0,13,15
2019-03-12 13:20:00,2997.0,2998.15,2996.3,2996.85,7322,2019-03-12,2019,2954.9000000000005,2909.8,3028.5500000000006,3057.1000000000004,3012.0,2938.35,2970.0,3000.0,2983.4500000000003,2955.3157,2937.9343000000003,3011.5843000000004,3028.9657,2836.15,3130.7500000000005,,,0.0,0.0,0.0,13,20
2019-03-12 13:25:00,2996.85,3000.8,2996.85,2999.95,996,2019-03-12,2019,2954.9000000000005,2909.8,3028.5500000000006,3057.1000000000004,3012.0,2938.35,2970.0,3000.0,2983.4500000000003,2955.3157,2937.9343000000003,3011.5843000000004,3028.9657,2836.15,3130.7500000000005,,,0.0,0.0,0.0,13,25
2019-03-12 13:30:00,2999.95,3003.0,2999.95,3002.0,1768,2019-03-12,2019,2954.9000000000005,2909.8,3028.5500000000006,3057.1000000000004,3012.0,2938.35,2970.0,3000.0,2983.4500000000003,2955.3157,2937.9343000000003,3011.5843000000004,3028.9657,2836.15,3130.7500000000005,,,0.0,0.0,0.0,13,30
2019-03-12 13:35:00,3001.0,3002.0,2999.0,3000.0,1226,2019-03-12,2019,2954.9000000000005,2909.8,3028.5500000000006,3057.1000000000004,3012.0,2938.35,2970.0,3000.0,2983.4500000000003,2955.3157,2937.9343000000003,3011.5843000000004,3028.9657,2836.15,3130.7500000000005,,,0.0,0.0,0.0,13,35
2019-03-12 13:40:00,3000.0,3001.0,2997.0,2997.75,2300,2019-03-12,2019,2954.9000000000005,2909.8,3028.5500000000006,3057.1000000000004,3012.0,2938.35,2970.0,3000.0,2983.4500000000003,2955.3157,2937.9343000000003,3011.5843000000004,3028.9657,2836.15,3130.7500000000005,,,0.0,0.0,0.0,13,40
2019-03-12 13:45:00,2997.75,3001.0,2997.75,2998.3,1334,2019-03-12,2019,2954.9000000000005,2909.8,3028.5500000000006,3057.1000000000004,3012.0,2938.35,2970.0,3000.0,2983.4500000000003,2955.3157,2937.9343000000003,3011.5843000000004,3028.9657,2836.15,3130.7500000000005,,,0.0,0.0,0.0,13,45
2019-03-12 13:50:00,2998.3,2999.45,2997.0,2997.05,1888,2019-03-12,2019,2954.9000000000005,2909.8,3028.5500000000006,3057.1000000000004,3012.0,2938.35,2970.0,3000.0,2983.4500000000003,2955.3157,2937.9343000000003,3011.5843000000004,3028.9657,2836.15,3130.7500000000005,,,0.0,0.0,0.0,13,50
2019-03-12 13:55:00,2997.05,2997.05,2995.0,2995.0,3400,2019-03-12,2019,2954.9000000000005,2909.8,3028.5500000000006,3057.1000000000004,3012.0,2938.35,2970.0,3000.0,2983.4500000000003,2955.3157,2937.9343000000003,3011.5843000000004,3028.9657,2836.15,3130.7500000000005,,,0.0,0.0,0.0,13,55
2019-03-12 14:00:00,2995.0,2996.75,2995.0,2996.5,703,2019-03-12,2019,2954.9000000000005,2909.8,3028.5500000000006,3057.1000000000004,3012.0,2938.35,2970.0,3000.0,2983.4500000000003,2955.3157,2937.9343000000003,3011.5843000000004,3028.9657,2836.15,3130.7500000000005,,,0.0,0.0,0.0,14,0
2019-03-12 14:05:00,2996.5,3001.0,2996.0,2999.8,2541,2019-03-12,2019,2954.9000000000005,2909.8,3028.5500000000006,3057.1000000000004,3012.0,2938.35,2970.0,3000.0,2983.4500000000003,2955.3157,2937.9343000000003,3011.5843000000004,3028.9657,2836.15,3130.7500000000005,,,0.0,0.0,0.0,14,5
2019-03-12 14:10:00,2999.8,3002.0,2997.75,3002.0,2412,2019-03-12,2019,2954.9000000000005,2909.8,3028.5500000000006,3057.1000000000004,3012.0,2938.35,2970.0,3000.0,2983.4500000000003,2955.3157,2937.9343000000003,3011.5843000000004,3028.9657,2836.15,3130.7500000000005,,,0.0,0.0,0.0,14,10
2019-03-12 14:15:00,3002.0,3003.0,2999.0,2999.05,1987,2019-03-12,2019,2954.9000000000005,2909.8,3028.5500000000006,3057.1000000000004,3012.0,2938.35,2970.0,3000.0,2983.4500000000003,2955.3157,2937.9343000000003,3011.5843000000004,3028.9657,2836.15,3130.7500000000005,,,0.0,0.0,0.0,14,15
2019-03-12 14:20:00,3000.0,3003.0,3000.0,3000.45,1894,2019-03-12,2019,2954.9000000000005,2909.8,3028.5500000000006,3057.1000000000004,3012.0,2938.35,2970.0,3000.0,2983.4500000000003,2955.3157,2937.9343000000003,3011.5843000000004,3028.9657,2836.15,3130.7500000000005,,,0.0,0.0,0.0,14,20
2019-03-12 14:25:00,3001.0,3002.5,2999.1,3002.45,1923,2019-03-12,2019,2954.9000000000005,2909.8,3028.5500000000006,3057.1000000000004,3012.0,2938.35,2970.0,3000.0,2983.4500000000003,2955.3157,2937.9343000000003,3011.5843000000004,3028.9657,2836.15,3130.7500000000005,,,0.0,0.0,0.0,14,25
2019-03-12 14:30:00,3002.5,3002.6,3002.0,3002.0,2670,2019-03-12,2019,2954.9000000000005,2909.8,3028.5500000000006,3057.1000000000004,3012.0,2938.35,2970.0,3000.0,2983.4500000000003,2955.3157,2937.9343000000003,3011.5843000000004,3028.9657,2836.15,3130.7500000000005,,,0.0,0.0,0.0,14,30
2019-03-12 14:35:00,3002.5,3004.5,3002.0,3004.35,5461,2019-03-12,2019,2954.9000000000005,2909.8,3028.5500000000006,3057.1000000000004,3012.0,2938.35,2970.0,3000.0,2983.4500000000003,2955.3157,2937.9343000000003,3011.5843000000004,3028.9657,2836.15,3130.7500000000005,,,0.0,0.0,0.0,14,35
2019-03-12 14:40:00,3004.35,3004.5,3002.5,3002.5,3071,2019-03-12,2019,2954.9000000000005,2909.8,3028.5500000000006,3057.1000000000004,3012.0,2938.35,2970.0,3000.0,2983.4500000000003,2955.3157,2937.9343000000003,3011.5843000000004,3028.9657,2836.15,3130.7500000000005,,,0.0,0.0,0.0,14,40
2019-03-12 14:45:00,3002.45,3003.9,2999.75,2999.75,6877,2019-03-12,2019,2954.9000000000005,2909.8,3028.5500000000006,3057.1000000000004,3012.0,2938.35,2970.0,3000.0,2983.4500000000003,2955.3157,2937.9343000000003,3011.5843000000004,3028.9657,2836.15,3130.7500000000005,,,0.0,0.0,0.0,14,45
2019-03-12 14:50:00,3000.0,3001.6,2995.0,2999.0,4836,2019-03-12,2019,2954.9000000000005,2909.8,3028.5500000000006,3057.1000000000004,3012.0,2938.35,2970.0,3000.0,2983.4500000000003,2955.3157,2937.9343000000003,3011.5843000000004,3028.9657,2836.15,3130.7500000000005,,,0.0,0.0,0.0,14,50
2019-03-12 14:55:00,3000.0,3001.25,2999.0,2999.3,2049,2019-03-12,2019,2954.9000000000005,2909.8,3028.5500000000006,3057.1000000000004,3012.0,2938.35,2970.0,3000.0,2983.4500000000003,2955.3157,2937.9343000000003,3011.5843000000004,3028.9657,2836.15,3130.7500000000005,,,0.0,0.0,0.0,14,55
2019-03-12 15:00:00,3001.0,3002.5,2999.0,3000.0,7634,2019-03-12,2019,2954.9000000000005,2909.8,3028.5500000000006,3057.1000000000004,3012.0,2938.35,2970.0,3000.0,2983.4500000000003,2955.3157,2937.9343000000003,3011.5843000000004,3028.9657,2836.15,3130.7500000000005,,,0.0,0.0,0.0,15,0
2019-03-12 15:05:00,3000.95,3001.85,3000.0,3000.3,7950,2019-03-12,2019,2954.9000000000005,2909.8,3028.5500000000006,3057.1000000000004,3012.0,2938.35,2970.0,3000.0,2983.4500000000003,2955.3157,2937.9343000000003,3011.5843000000004,3028.9657,2836.15,3130.7500000000005,,,0.0,0.0,0.0,15,5
2019-03-12 15:10:00,3000.35,3001.8,2998.2,2998.45,13279,2019-03-12,2019,2954.9000000000005,2909.8,3028.5500000000006,3057.1000000000004,3012.0,2938.35,2970.0,3000.0,2983.4500000000003,2955.3157,2937.9343000000003,3011.5843000000004,3028.9657,2836.15,3130.7500000000005,,,0.0,0.0,0.0,15,10
2019-03-12 15:15:00,2998.95,2999.0,2991.15,2994.05,24553,2019-03-12,2019,2954.9000000000005,2909.8,3028.5500000000006,3057.1000000000004,3012.0,2938.35,2970.0,3000.0,2983.4500000000003,2955.3157,2937.9343000000003,3011.5843000000004,3028.9657,2836.15,3130.7500000000005,,,0.0,0.0,0.0,15,15
2019-03-12 15:20:00,2994.05,3001.85,2992.15,2995.3,26005,2019-03-12,2019,2954.9000000000005,2909.8,3028.5500000000006,3057.1000000000004,3012.0,2938.35,2970.0,3000.0,2983.4500000000003,2955.3157,2937.9343000000003,3011.5843000000004,3028.9657,2836.15,3130.7500000000005,Exit,Buy,2995.3,0.0,0.0,15,20
2019-03-12 15:25:00,2995.3,2999.0,2993.1,2997.0,18565,2019-03-12,2019,2954.9000000000005,2909.8,3028.5500000000006,3057.1000000000004,3012.0,2938.35,2970.0,3000.0,2983.4500000000003,2955.3157,2937.9343000000003,3011.5843000000004,3028.9657,2836.15,3130.7500000000005,,,0.0,0.0,0.0,15,25
2019-03-13 09:15:00,3002.0,3014.0,2997.6,3002.85,22547,2019-03-13,2019,2978.9000000000005,2960.8,3017.5500000000006,3038.1000000000004,3020.0,2981.35,3012.0,2997.0,2999.4500000000003,2984.6857000000005,2975.5643,3014.2143,3023.3357000000005,2922.15,3076.7500000000005,,,0.0,0.0,0.0,9,15
2019-03-13 09:20:00,3002.85,3013.45,3002.0,3013.45,14241,2019-03-13,2019,2978.9000000000005,2960.8,3017.5500000000006,3038.1000000000004,3020.0,2981.35,3012.0,2997.0,2999.4500000000003,2984.6857000000005,2975.5643,3014.2143,3023.3357000000005,2922.15,3076.7500000000005,,,0.0,0.0,0.0,9,20
2019-03-13 09:25:00,3013.5,3018.15,3003.3,3012.4,21335,2019-03-13,2019,2978.9000000000005,2960.8,3017.5500000000006,3038.1000000000004,3020.0,2981.35,3012.0,2997.0,2999.4500000000003,2984.6857000000005,2975.5643,3014.2143,3023.3357000000005,2922.15,3076.7500000000005,,,0.0,0.0,0.0,9,25
2019-03-13 09:30:00,3012.3,3018.0,3010.0,3015.75,7290,2019-03-13,2019,2978.9000000000005,2960.8,3017.5500000000006,3038.1000000000004,3020.0,2981.35,3012.0,2997.0,2999.4500000000003,2984.6857000000005,2975.5643,3014.2143,3023.3357000000005,2922.15,3076.7500000000005,,,0.0,0.0,0.0,9,30
2019-03-13 09:35:00,3015.75,3015.75,3008.4,3009.8,7095,2019-03-13,2019,2978.9000000000005,2960.8,3017.5500000000006,3038.1000000000004,3020.0,2981.35,3012.0,2997.0,2999.4500000000003,2984.6857000000005,2975.5643,3014.2143,3023.3357000000005,2922.15,3076.7500000000005,,,0.0,0.0,0.0,9,35
2019-03-13 09:40:00,3009.8,3013.5,3007.25,3008.45,4064,2019-03-13,2019,2978.9000000000005,2960.8,3017.5500000000006,3038.1000000000004,3020.0,2981.35,3012.0,2997.0,2999.4500000000003,2984.6857000000005,2975.5643,3014.2143,3023.3357000000005,2922.15,3076.7500000000005,,,0.0,0.0,0.0,9,40
2019-03-13 09:45:00,3008.45,3016.0,3008.0,3011.35,11513,2019-03-13,2019,2978.9000000000005,2960.8,3017.5500000000006,3038.1000000000004,3020.0,2981.35,3012.0,2997.0,2999.4500000000003,2984.6857000000005,2975.5643,3014.2143,3023.3357000000005,2922.15,3076.7500000000005,,,0.0,0.0,0.0,9,45
2019-03-13 09:50:00,3011.35,3019.5,3010.4,3016.45,9554,2019-03-13,2019,2978.9000000000005,2960.8,3017.5500000000006,3038.1000000000004,3020.0,2981.35,3012.0,2997.0,2999.4500000000003,2984.6857000000005,2975.5643,3014.2143,3023.3357000000005,2922.15,3076.7500000000005,,,0.0,0.0,0.0,9,50
2019-03-13 09:55:00,3017.5,3019.25,3012.0,3018.8,7275,2019-03-13,2019,2978.9000000000005,2960.8,3017.5500000000006,3038.1000000000004,3020.0,2981.35,3012.0,2997.0,2999.4500000000003,2984.6857000000005,2975.5643,3014.2143,3023.3357000000005,2922.15,3076.7500000000005,,,0.0,0.0,0.0,9,55
2019-03-13 10:00:00,3018.15,3028.0,3016.05,3024.5,21359,2019-03-13,2019,2978.9000000000005,2960.8,3017.5500000000006,3038.1000000000004,3020.0,2981.35,3012.0,2997.0,2999.4500000000003,2984.6857000000005,2975.5643,3014.2143,3023.3357000000005,2922.15,3076.7500000000005,Entry,Buy,3024.5,3076.7500000000005,2997.6,10,0
2019-03-13 10:05:00,3024.5,3024.5,3020.15,3021.05,8142,2019-03-13,2019,2978.9000000000005,2960.8,3017.5500000000006,3038.1000000000004,3020.0,2981.35,3012.0,2997.0,2999.4500000000003,2984.6857000000005,2975.5643,3014.2143,3023.3357000000005,2922.15,3076.7500000000005,,,0.0,0.0,0.0,10,5
2019-03-13 10:10:00,3020.3,3021.25,3015.4,3015.75,4659,2019-03-13,2019,2978.9000000000005,2960.8,3017.5500000000006,3038.1000000000004,3020.0,2981.35,3012.0,2997.0,2999.4500000000003,2984.6857000000005,2975.5643,3014.2143,3023.3357000000005,2922.15,3076.7500000000005,,,0.0,0.0,0.0,10,10
2019-03-13 10:15:00,3014.0,3014.5,3011.2,3014.0,5042,2019-03-13,2019,2978.9000000000005,2960.8,3017.5500000000006,3038.1000000000004,3020.0,2981.35,3012.0,2997.0,2999.4500000000003,2984.6857000000005,2975.5643,3014.2143,3023.3357000000005,2922.15,3076.7500000000005,,,0.0,0.0,0.0,10,15
2019-03-13 10:20:00,3014.0,3016.5,3011.6,3012.95,6669,2019-03-13,2019,2978.9000000000005,2960.8,3017.5500000000006,3038.1000000000004,3020.0,2981.35,3012.0,2997.0,2999.4500000000003,2984.6857000000005,2975.5643,3014.2143,3023.3357000000005,2922.15,3076.7500000000005,,,0.0,0.0,0.0,10,20
2019-03-13 10:25:00,3013.85,3013.85,3010.0,3010.8,5147,2019-03-13,2019,2978.9000000000005,2960.8,3017.5500000000006,3038.1000000000004,3020.0,2981.35,3012.0,2997.0,2999.4500000000003,2984.6857000000005,2975.5643,3014.2143,3023.3357000000005,2922.15,3076.7500000000005,,,0.0,0.0,0.0,10,25
2019-03-13 10:30:00,3010.8,3016.6,3005.3,3013.0,14194,2019-03-13,2019,2978.9000000000005,2960.8,3017.5500000000006,3038.1000000000004,3020.0,2981.35,3012.0,2997.0,2999.4500000000003,2984.6857000000005,2975.5643,3014.2143,3023.3357000000005,2922.15,3076.7500000000005,,,0.0,0.0,0.0,10,30
2019-03-13 10:35:00,3013.0,3016.0,3012.45,3012.85,2479,2019-03-13,2019,2978.9000000000005,2960.8,3017.5500000000006,3038.1000000000004,3020.0,2981.35,3012.0,2997.0,2999.4500000000003,2984.6857000000005,2975.5643,3014.2143,3023.3357000000005,2922.15,3076.7500000000005,,,0.0,0.0,0.0,10,35
2019-03-13 10:40:00,3012.85,3018.0,3012.85,3016.0,1417,2019-03-13,2019,2978.9000000000005,2960.8,3017.5500000000006,3038.1000000000004,3020.0,2981.35,3012.0,2997.0,2999.4500000000003,2984.6857000000005,2975.5643,3014.2143,3023.3357000000005,2922.15,3076.7500000000005,,,0.0,0.0,0.0,10,40
2019-03-13 10:45:00,3015.45,3021.0,3015.25,3021.0,8970,2019-03-13,2019,2978.9000000000005,2960.8,3017.5500000000006,3038.1000000000004,3020.0,2981.35,3012.0,2997.0,2999.4500000000003,2984.6857000000005,2975.5643,3014.2143,3023.3357000000005,2922.15,3076.7500000000005,,,0.0,0.0,0.0,10,45
2019-03-13 10:50:00,3021.0,3023.0,3018.75,3021.35,3441,2019-03-13,2019,2978.9000000000005,2960.8,3017.5500000000006,3038.1000000000004,3020.0,2981.35,3012.0,2997.0,2999.4500000000003,2984.6857000000005,2975.5643,3014.2143,3023.3357000000005,2922.15,3076.7500000000005,,,0.0,0.0,0.0,10,50
2019-03-13 10:55:00,3021.95,3022.0,3017.85,3021.0,6730,2019-03-13,2019,2978.9000000000005,2960.8,3017.5500000000006,3038.1000000000004,3020.0,2981.35,3012.0,2997.0,2999.4500000000003,2984.6857000000005,2975.5643,3014.2143,3023.3357000000005,2922.15,3076.7500000000005,,,0.0,0.0,0.0,10,55
2019-03-13 11:00:00,3021.0,3024.0,3019.0,3024.0,6774,2019-03-13,2019,2978.9000000000005,2960.8,3017.5500000000006,3038.1000000000004,3020.0,2981.35,3012.0,2997.0,2999.4500000000003,2984.6857000000005,2975.5643,3014.2143,3023.3357000000005,2922.15,3076.7500000000005,,,0.0,0.0,0.0,11,0
2019-03-13 11:05:00,3024.15,3034.0,3022.45,3030.0,23929,2019-03-13,2019,2978.9000000000005,2960.8,3017.5500000000006,3038.1000000000004,3020.0,2981.35,3012.0,2997.0,2999.4500000000003,2984.6857000000005,2975.5643,3014.2143,3023.3357000000005,2922.15,3076.7500000000005,,,0.0,0.0,0.0,11,5
2019-03-13 11:10:00,3030.5,3032.9,3029.1,3031.4,6333,2019-03-13,2019,2978.9000000000005,2960.8,3017.5500000000006,3038.1000000000004,3020.0,2981.35,3012.0,2997.0,2999.4500000000003,2984.6857000000005,2975.5643,3014.2143,3023.3357000000005,2922.15,3076.7500000000005,,,0.0,0.0,0.0,11,10
2019-03-13 11:15:00,3031.8,3037.35,3031.4,3034.05,16646,2019-03-13,2019,2978.9000000000005,2960.8,3017.5500000000006,3038.1000000000004,3020.0,2981.35,3012.0,2997.0,2999.4500000000003,2984.6857000000005,2975.5643,3014.2143,3023.3357000000005,2922.15,3076.7500000000005,,,0.0,0.0,0.0,11,15
2019-03-13 11:20:00,3035.0,3035.0,3026.05,3029.5,9506,2019-03-13,2019,2978.9000000000005,2960.8,3017.5500000000006,3038.1000000000004,3020.0,2981.35,3012.0,2997.0,2999.4500000000003,2984.6857000000005,2975.5643,3014.2143,3023.3357000000005,2922.15,3076.7500000000005,,,0.0,0.0,0.0,11,20
2019-03-13 11:25:00,3029.5,3032.0,3029.0,3030.3,2848,2019-03-13,2019,2978.9000000000005,2960.8,3017.5500000000006,3038.1000000000004,3020.0,2981.35,3012.0,2997.0,2999.4500000000003,2984.6857000000005,2975.5643,3014.2143,3023.3357000000005,2922.15,3076.7500000000005,,,0.0,0.0,0.0,11,25
2019-03-13 11:30:00,3030.9,3034.3,3030.0,3034.0,2642,2019-03-13,2019,2978.9000000000005,2960.8,3017.5500000000006,3038.1000000000004,3020.0,2981.35,3012.0,2997.0,2999.4500000000003,2984.6857000000005,2975.5643,3014.2143,3023.3357000000005,2922.15,3076.7500000000005,,,0.0,0.0,0.0,11,30
2019-03-13 11:35:00,3034.25,3038.5,3030.5,3030.5,8564,2019-03-13,2019,2978.9000000000005,2960.8,3017.5500000000006,3038.1000000000004,3020.0,2981.35,3012.0,2997.0,2999.4500000000003,2984.6857000000005,2975.5643,3014.2143,3023.3357000000005,2922.15,3076.7500000000005,,,0.0,0.0,0.0,11,35
2019-03-13 11:40:00,3031.0,3031.0,3028.0,3029.45,4743,2019-03-13,2019,2978.9000000000005,2960.8,3017.5500000000006,3038.1000000000004,3020.0,2981.35,3012.0,2997.0,2999.4500000000003,2984.6857000000005,2975.5643,3014.2143,3023.3357000000005,2922.15,3076.7500000000005,,,0.0,0.0,0.0,11,40
2019-03-13 11:45:00,3029.45,3029.45,3022.0,3025.75,11793,2019-03-13,2019,2978.9000000000005,2960.8,3017.5500000000006,3038.1000000000004,3020.0,2981.35,3012.0,2997.0,2999.4500000000003,2984.6857000000005,2975.5643,3014.2143,3023.3357000000005,2922.15,3076.7500000000005,,,0.0,0.0,0.0,11,45
2019-03-13 11:50:00,3026.7,3030.1,3025.0,3029.6,3533,2019-03-13,2019,2978.9000000000005,2960.8,3017.5500000000006,3038.1000000000004,3020.0,2981.35,3012.0,2997.0,2999.4500000000003,2984.6857000000005,2975.5643,3014.2143,3023.3357000000005,2922.15,3076.7500000000005,,,0.0,0.0,0.0,11,50
2019-03-13 11:55:00,3029.9,3031.85,3028.9,3029.25,5850,2019-03-13,2019,2978.9000000000005,2960.8,3017.5500000000006,3038.1000000000004,3020.0,2981.35,3012.0,2997.0,2999.4500000000003,2984.6857000000005,2975.5643,3014.2143,3023.3357000000005,2922.15,3076.7500000000005,,,0.0,0.0,0.0,11,55
2019-03-13 12:00:00,3029.5,3031.7,3028.3,3029.0,3560,2019-03-13,2019,2978.9000000000005,2960.8,3017.5500000000006,3038.1000000000004,3020.0,2981.35,3012.0,2997.0,2999.4500000000003,2984.6857000000005,2975.5643,3014.2143,3023.3357000000005,2922.15,3076.7500000000005,,,0.0,0.0,0.0,12,0
2019-03-13 12:05:00,3029.0,3032.65,3028.0,3032.3,5103,2019-03-13,2019,2978.9000000000005,2960.8,3017.5500000000006,3038.1000000000004,3020.0,2981.35,3012.0,2997.0,2999.4500000000003,2984.6857000000005,2975.5643,3014.2143,3023.3357000000005,2922.15,3076.7500000000005,,,0.0,0.0,0.0,12,5
2019-03-13 12:10:00,3032.3,3032.6,3029.6,3031.5,9620,2019-03-13,2019,2978.9000000000005,2960.8,3017.5500000000006,3038.1000000000004,3020.0,2981.35,3012.0,2997.0,2999.4500000000003,2984.6857000000005,2975.5643,3014.2143,3023.3357000000005,2922.15,3076.7500000000005,,,0.0,0.0,0.0,12,10
2019-03-13 12:15:00,3031.5,3032.0,3031.0,3031.9,3627,2019-03-13,2019,2978.9000000000005,2960.8,3017.5500000000006,3038.1000000000004,3020.0,2981.35,3012.0,2997.0,2999.4500000000003,2984.6857000000005,2975.5643,3014.2143,3023.3357000000005,2922.15,3076.7500000000005,,,0.0,0.0,0.0,12,15
2019-03-13 12:20:00,3032.75,3035.4,3032.0,3034.65,5703,2019-03-13,2019,2978.9000000000005,2960.8,3017.5500000000006,3038.1000000000004,3020.0,2981.35,3012.0,2997.0,2999.4500000000003,2984.6857000000005,2975.5643,3014.2143,3023.3357000000005,2922.15,3076.7500000000005,,,0.0,0.0,0.0,12,20
2019-03-13 12:25:00,3034.65,3034.9,3030.6,3030.6,2543,2019-03-13,2019,2978.9000000000005,2960.8,3017.5500000000006,3038.1000000000004,3020.0,2981.35,3012.0,2997.0,2999.4500000000003,2984.6857000000005,2975.5643,3014.2143,3023.3357000000005,2922.15,3076.7500000000005,,,0.0,0.0,0.0,12,25
2019-03-13 12:30:00,3030.6,3032.75,3030.6,3031.1,1039,2019-03-13,2019,2978.9000000000005,2960.8,3017.5500000000006,3038.1000000000004,3020.0,2981.35,3012.0,2997.0,2999.4500000000003,2984.6857000000005,2975.5643,3014.2143,3023.3357000000005,2922.15,3076.7500000000005,,,0.0,0.0,0.0,12,30
2019-03-13 12:35:00,3031.1,3032.0,3031.0,3031.1,2591,2019-03-13,2019,2978.9000000000005,2960.8,3017.5500000000006,3038.1000000000004,3020.0,2981.35,3012.0,2997.0,2999.4500000000003,2984.6857000000005,2975.5643,3014.2143,3023.3357000000005,2922.15,3076.7500000000005,,,0.0,0.0,0.0,12,35
2019-03-13 12:40:00,3031.1,3033.0,3031.0,3032.55,650,2019-03-13,2019,2978.9000000000005,2960.8,3017.5500000000006,3038.1000000000004,3020.0,2981.35,3012.0,2997.0,2999.4500000000003,2984.6857000000005,2975.5643,3014.2143,3023.3357000000005,2922.15,3076.7500000000005,,,0.0,0.0,0.0,12,40
2019-03-13 12:45:00,3032.55,3032.9,3031.5,3032.9,1112,2019-03-13,2019,2978.9000000000005,2960.8,3017.5500000000006,3038.1000000000004,3020.0,2981.35,3012.0,2997.0,2999.4500000000003,2984.6857000000005,2975.5643,3014.2143,3023.3357000000005,2922.15,3076.7500000000005,,,0.0,0.0,0.0,12,45
2019-03-13 12:50:00,3032.9,3033.9,3031.0,3031.05,3502,2019-03-13,2019,2978.9000000000005,2960.8,3017.5500000000006,3038.1000000000004,3020.0,2981.35,3012.0,2997.0,2999.4500000000003,2984.6857000000005,2975.5643,3014.2143,3023.3357000000005,2922.15,3076.7500000000005,,,0.0,0.0,0.0,12,50
2019-03-13 12:55:00,3031.0,3032.0,3031.0,3031.05,1163,2019-03-13,2019,2978.9000000000005,2960.8,3017.5500000000006,3038.1000000000004,3020.0,2981.35,3012.0,2997.0,2999.4500000000003,2984.6857000000005,2975.5643,3014.2143,3023.3357000000005,2922.15,3076.7500000000005,,,0.0,0.0,0.0,12,55
2019-03-13 13:00:00,3031.05,3032.85,3031.0,3031.0,1276,2019-03-13,2019,2978.9000000000005,2960.8,3017.5500000000006,3038.1000000000004,3020.0,2981.35,3012.0,2997.0,2999.4500000000003,2984.6857000000005,2975.5643,3014.2143,3023.3357000000005,2922.15,3076.7500000000005,,,0.0,0.0,0.0,13,0
2019-03-13 13:05:00,3031.0,3034.0,3031.0,3032.05,2916,2019-03-13,2019,2978.9000000000005,2960.8,3017.5500000000006,3038.1000000000004,3020.0,2981.35,3012.0,2997.0,2999.4500000000003,2984.6857000000005,2975.5643,3014.2143,3023.3357000000005,2922.15,3076.7500000000005,,,0.0,0.0,0.0,13,5
2019-03-13 13:10:00,3032.05,3034.0,3031.75,3033.15,1466,2019-03-13,2019,2978.9000000000005,2960.8,3017.5500000000006,3038.1000000000004,3020.0,2981.35,3012.0,2997.0,2999.4500000000003,2984.6857000000005,2975.5643,3014.2143,3023.3357000000005,2922.15,3076.7500000000005,,,0.0,0.0,0.0,13,10
2019-03-13 13:15:00,3033.15,3033.15,3031.0,3031.0,2589,2019-03-13,2019,2978.9000000000005,2960.8,3017.5500000000006,3038.1000000000004,3020.0,2981.35,3012.0,2997.0,2999.4500000000003,2984.6857000000005,2975.5643,3014.2143,3023.3357000000005,2922.15,3076.7500000000005,,,0.0,0.0,0.0,13,15
2019-03-13 13:20:00,3031.0,3032.0,3031.0,3031.0,3990,2019-03-13,2019,2978.9000000000005,2960.8,3017.5500000000006,3038.1000000000004,3020.0,2981.35,3012.0,2997.0,2999.4500000000003,2984.6857000000005,2975.5643,3014.2143,3023.3357000000005,2922.15,3076.7500000000005,,,0.0,0.0,0.0,13,20
2019-03-13 13:25:00,3031.0,3033.0,3031.0,3032.0,884,2019-03-13,2019,2978.9000000000005,2960.8,3017.5500000000006,3038.1000000000004,3020.0,2981.35,3012.0,2997.0,2999.4500000000003,2984.6857000000005,2975.5643,3014.2143,3023.3357000000005,2922.15,3076.7500000000005,,,0.0,0.0,0.0,13,25
2019-03-13 13:30:00,3032.0,3035.0,3031.3,3033.15,4084,2019-03-13,2019,2978.9000000000005,2960.8,3017.5500000000006,3038.1000000000004,3020.0,2981.35,3012.0,2997.0,2999.4500000000003,2984.6857000000005,2975.5643,3014.2143,3023.3357000000005,2922.15,3076.7500000000005,,,0.0,0.0,0.0,13,30
2019-03-13 13:35:00,3033.6,3047.2,3033.05,3045.0,14465,2019-03-13,2019,2978.9000000000005,2960.8,3017.5500000000006,3038.1000000000004,3020.0,2981.35,3012.0,2997.0,2999.4500000000003,2984.6857000000005,2975.5643,3014.2143,3023.3357000000005,2922.15,3076.7500000000005,,,0.0,0.0,0.0,13,35
2019-03-13 13:40:00,3045.0,3045.95,3041.0,3043.95,9237,2019-03-13,2019,2978.9000000000005,2960.8,3017.5500000000006,3038.1000000000004,3020.0,2981.35,3012.0,2997.0,2999.4500000000003,2984.6857000000005,2975.5643,3014.2143,3023.3357000000005,2922.15,3076.7500000000005,,,0.0,0.0,0.0,13,40
2019-03-13 13:45:00,3043.95,3043.95,3035.0,3041.0,6982,2019-03-13,2019,2978.9000000000005,2960.8,3017.5500000000006,3038.1000000000004,3020.0,2981.35,3012.0,2997.0,2999.4500000000003,2984.6857000000005,2975.5643,3014.2143,3023.3357000000005,2922.15,3076.7500000000005,Exit,Sell,3036.598,3018.9337000000005,3047.2,13,45
2019-03-13 13:50:00,3041.0,3041.2,3033.0,3035.3,4006,2019-03-13,2019,2978.9000000000005,2960.8,3017.5500000000006,3038.1000000000004,3020.0,2981.35,3012.0,2997.0,2999.4500000000003,2984.6857000000005,2975.5643,3014.2143,3023.3357000000005,2922.15,3076.7500000000005,,,0.0,0.0,0.0,13,50
2019-03-13 13:55:00,3035.3,3037.0,3032.0,3034.05,3414,2019-03-13,2019,2978.9000000000005,2960.8,3017.5500000000006,3038.1000000000004,3020.0,2981.35,3012.0,2997.0,2999.4500000000003,2984.6857000000005,2975.5643,3014.2143,3023.3357000000005,2922.15,3076.7500000000005,,,0.0,0.0,0.0,13,55
2019-03-13 14:00:00,3034.05,3034.45,3031.0,3032.6,5595,2019-03-13,2019,2978.9000000000005,2960.8,3017.5500000000006,3038.1000000000004,3020.0,2981.35,3012.0,2997.0,2999.4500000000003,2984.6857000000005,2975.5643,3014.2143,3023.3357000000005,2922.15,3076.7500000000005,,,0.0,0.0,0.0,14,0
2019-03-13 14:05:00,3032.0,3033.25,3026.0,3028.1,10265,2019-03-13,2019,2978.9000000000005,2960.8,3017.5500000000006,3038.1000000000004,3020.0,2981.35,3012.0,2997.0,2999.4500000000003,2984.6857000000005,2975.5643,3014.2143,3023.3357000000005,2922.15,3076.7500000000005,,,0.0,0.0,0.0,14,5
2019-03-13 14:10:00,3028.5,3029.5,3020.0,3021.9,10869,2019-03-13,2019,2978.9000000000005,2960.8,3017.5500000000006,3038.1000000000004,3020.0,2981.35,3012.0,2997.0,2999.4500000000003,2984.6857000000005,2975.5643,3014.2143,3023.3357000000005,2922.15,3076.7500000000005,,,0.0,0.0,0.0,14,10
2019-03-13 14:15:00,3020.05,3028.8,3020.0,3024.3,14709,2019-03-13,2019,2978.9000000000005,2960.8,3017.5500000000006,3038.1000000000004,3020.0,2981.35,3012.0,2997.0,2999.4500000000003,2984.6857000000005,2975.5643,3014.2143,3023.3357000000005,2922.15,3076.7500000000005,Exit,Buy,3024.451608,3076.901608,2997.6,14,15
2019-03-13 14:20:00,3024.3,3024.3,3020.0,3022.0,5112,2019-03-13,2019,2978.9000000000005,2960.8,3017.5500000000006,3038.1000000000004,3020.0,2981.35,3012.0,2997.0,2999.4500000000003,2984.6857000000005,2975.5643,3014.2143,3023.3357000000005,2922.15,3076.7500000000005,,,0.0,0.0,0.0,14,20
2019-03-13 14:25:00,3022.0,3022.7,3009.8,3009.8,13550,2019-03-13,2019,2978.9000000000005,2960.8,3017.5500000000006,3038.1000000000004,3020.0,2981.35,3012.0,2997.0,2999.4500000000003,2984.6857000000005,2975.5643,3014.2143,3023.3357000000005,2922.15,3076.7500000000005,,,0.0,0.0,0.0,14,25
2019-03-13 14:30:00,3009.8,3020.0,3009.8,3018.6,3129,2019-03-13,2019,2978.9000000000005,2960.8,3017.5500000000006,3038.1000000000004,3020.0,2981.35,3012.0,2997.0,2999.4500000000003,2984.6857000000005,2975.5643,3014.2143,3023.3357000000005,2922.15,3076.7500000000005,,,0.0,0.0,0.0,14,30
2019-03-13 14:35:00,3019.0,3021.1,3016.0,3016.55,2360,2019-03-13,2019,2978.9000000000005,2960.8,3017.5500000000006,3038.1000000000004,3020.0,2981.35,3012.0,2997.0,2999.4500000000003,2984.6857000000005,2975.5643,3014.2143,3023.3357000000005,2922.15,3076.7500000000005,,,0.0,0.0,0.0,14,35
2019-03-13 14:40:00,3016.55,3018.3,3016.0,3017.1,1477,2019-03-13,2019,2978.9000000000005,2960.8,3017.5500000000006,3038.1000000000004,3020.0,2981.35,3012.0,2997.0,2999.4500000000003,2984.6857000000005,2975.5643,3014.2143,3023.3357000000005,2922.15,3076.7500000000005,,,0.0,0.0,0.0,14,40
2019-03-13 14:45:00,3017.1,3031.95,3017.1,3027.35,6247,2019-03-13,2019,2978.9000000000005,2960.8,3017.5500000000006,3038.1000000000004,3020.0,2981.35,3012.0,2997.0,2999.4500000000003,2984.6857000000005,2975.5643,3014.2143,3023.3357000000005,2922.15,3076.7500000000005,,,0.0,0.0,0.0,14,45
2019-03-13 14:50:00,3027.35,3027.35,3022.15,3022.3,2044,2019-03-13,2019,2978.9000000000005,2960.8,3017.5500000000006,3038.1000000000004,3020.0,2981.35,3012.0,2997.0,2999.4500000000003,2984.6857000000005,2975.5643,3014.2143,3023.3357000000005,2922.15,3076.7500000000005,,,0.0,0.0,0.0,14,50
2019-03-13 14:55:00,3022.3,3027.4,3022.0,3025.0,6791,2019-03-13,2019,2978.9000000000005,2960.8,3017.5500000000006,3038.1000000000004,3020.0,2981.35,3012.0,2997.0,2999.4500000000003,2984.6857000000005,2975.5643,3014.2143,3023.3357000000005,2922.15,3076.7500000000005,,,0.0,0.0,0.0,14,55
2019-03-13 15:00:00,3024.95,3025.35,3022.0,3023.25,5887,2019-03-13,2019,2978.9000000000005,2960.8,3017.5500000000006,3038.1000000000004,3020.0,2981.35,3012.0,2997.0,2999.4500000000003,2984.6857000000005,2975.5643,3014.2143,3023.3357000000005,2922.15,3076.7500000000005,,,0.0,0.0,0.0,15,0
2019-03-13 15:05:00,3024.0,3025.0,3015.0,3016.1,14042,2019-03-13,2019,2978.9000000000005,2960.8,3017.5500000000006,3038.1000000000004,3020.0,2981.35,3012.0,2997.0,2999.4500000000003,2984.6857000000005,2975.5643,3014.2143,3023.3357000000005,2922.15,3076.7500000000005,,,0.0,0.0,0.0,15,5
2019-03-13 15:10:00,3015.8,3015.85,3001.05,3002.2,19294,2019-03-13,2019,2978.9000000000005,2960.8,3017.5500000000006,3038.1000000000004,3020.0,2981.35,3012.0,2997.0,2999.4500000000003,2984.6857000000005,2975.5643,3014.2143,3023.3357000000005,2922.15,3076.7500000000005,,,0.0,0.0,0.0,15,10
2019-03-13 15:15:00,3003.5,3004.95,2990.0,3004.0,21891,2019-03-13,2019,2978.9000000000005,2960.8,3017.5500000000006,3038.1000000000004,3020.0,2981.35,3012.0,2997.0,2999.4500000000003,2984.6857000000005,2975.5643,3014.2143,3023.3357000000005,2922.15,3076.7500000000005,Exit,Sell,2997.6,2978.2857000000004,3047.2,15,15
2019-03-13 15:20:00,3003.85,3016.7,3001.0,3007.35,21182,2019-03-13,2019,2978.9000000000005,2960.8,3017.5500000000006,3038.1000000000004,3020.0,2981.35,3012.0,2997.0,2999.4500000000003,2984.6857000000005,2975.5643,3014.2143,3023.3357000000005,2922.15,3076.7500000000005,Exit,Buy,3007.35,0.0,0.0,15,20
2019-03-13 15:25:00,3007.95,3023.0,3006.45,3010.0,8597,2019-03-13,2019,2978.9000000000005,2960.8,3017.5500000000006,3038.1000000000004,3020.0,2981.35,3012.0,2997.0,2999.4500000000003,2984.6857000000005,2975.5643,3014.2143,3023.3357000000005,2922.15,3076.7500000000005,,,0.0,0.0,0.0,15,25
2019-03-14 09:15:00,3012.0,3015.0,2990.0,2991.0,22386,2019-03-14,2019,2984.2666666666673,2958.5333333333338,3041.466666666667,3072.9333333333334,3047.2,2990.0,3002.0,3010.0,3015.7333333333336,2993.8829333333338,2980.3837333333336,3037.5837333333334,3051.0829333333336,2901.333333333334,3130.133333333333,,,0.0,0.0,0.0,9,15
2019-03-14 09:20:00,2991.0,2996.3,2990.0,2992.1,8148,2019-03-14,2019,2984.2666666666673,2958.5333333333338,3041.466666666667,3072.9333333333334,3047.2,2990.0,3002.0,3010.0,3015.7333333333336,2993.8829333333338,2980.3837333333336,3037.5837333333334,3051.0829333333336,2901.333333333334,3130.133333333333,,,0.0,0.0,0.0,9,20
2019-03-14 09:25:00,2992.1,2993.4,2980.15,2981.0,11764,2019-03-14,2019,2984.2666666666673,2958.5333333333338,3041.466666666667,3072.9333333333334,3047.2,2990.0,3002.0,3010.0,3015.7333333333336,2993.8829333333338,2980.3837333333336,3037.5837333333334,3051.0829333333336,2901.333333333334,3130.133333333333,Entry,Sell,2981.0,2958.5333333333338,3015.0,9,25
2019-03-14 09:30:00,2980.25,2984.9,2975.2,2980.25,13199,2019-03-14,2019,2984.2666666666673,2958.5333333333338,3041.466666666667,3072.9333333333334,3047.2,2990.0,3002.0,3010.0,3015.7333333333336,2993.8829333333338,2980.3837333333336,3037.5837333333334,3051.0829333333336,2901.333333333334,3130.133333333333,,,0.0,0.0,0.0,9,30
2019-03-14 09:35:00,2980.2,2983.0,2979.8,2983.0,8592,2019-03-14,2019,2984.2666666666673,2958.5333333333338,3041.466666666667,3072.9333333333334,3047.2,2990.0,3002.0,3010.0,3015.7333333333336,2993.8829333333338,2980.3837333333336,3037.5837333333334,3051.0829333333336,2901.333333333334,3130.133333333333,,,0.0,0.0,0.0,9,35
2019-03-14 09:40:00,2983.0,2987.65,2978.0,2983.0,8126,2019-03-14,2019,2984.2666666666673,2958.5333333333338,3041.466666666667,3072.9333333333334,3047.2,2990.0,3002.0,3010.0,3015.7333333333336,2993.8829333333338,2980.3837333333336,3037.5837333333334,3051.0829333333336,2901.333333333334,3130.133333333333,,,0.0,0.0,0.0,9,40
2019-03-14 09:45:00,2983.0,2985.85,2982.5,2982.65,3046,2019-03-14,2019,2984.2666666666673,2958.5333333333338,3041.466666666667,3072.9333333333334,3047.2,2990.0,3002.0,3010.0,3015.7333333333336,2993.8829333333338,2980.3837333333336,3037.5837333333334,3051.0829333333336,2901.333333333334,3130.133333333333,,,0.0,0.0,0.0,9,45
2019-03-14 09:50:00,2982.65,2984.05,2979.0,2979.9,8200,2019-03-14,2019,2984.2666666666673,2958.5333333333338,3041.466666666667,3072.9333333333334,3047.2,2990.0,3002.0,3010.0,3015.7333333333336,2993.8829333333338,2980.3837333333336,3037.5837333333334,3051.0829333333336,2901.333333333334,3130.133333333333,,,0.0,0.0,0.0,9,50
2019-03-14 09:55:00,2979.9,2981.1,2970.0,2980.0,20062,2019-03-14,2019,2984.2666666666673,2958.5333333333338,3041.466666666667,3072.9333333333334,3047.2,2990.0,3002.0,3010.0,3015.7333333333336,2993.8829333333338,2980.3837333333336,3037.5837333333334,3051.0829333333336,2901.333333333334,3130.133333333333,,,0.0,0.0,0.0,9,55
2019-03-14 10:00:00,2979.0,2980.0,2970.0,2971.95,11718,2019-03-14,2019,2984.2666666666673,2958.5333333333338,3041.466666666667,3072.9333333333334,3047.2,2990.0,3002.0,3010.0,3015.7333333333336,2993.8829333333338,2980.3837333333336,3037.5837333333334,3051.0829333333336,2901.333333333334,3130.133333333333,,,0.0,0.0,0.0,10,0
2019-03-14 10:05:00,2971.95,2979.75,2971.1,2977.9,6167,2019-03-14,2019,2984.2666666666673,2958.5333333333338,3041.466666666667,3072.9333333333334,3047.2,2990.0,3002.0,3010.0,3015.7333333333336,2993.8829333333338,2980.3837333333336,3037.5837333333334,3051.0829333333336,2901.333333333334,3130.133333333333,,,0.0,0.0,0.0,10,5
2019-03-14 10:10:00,2977.55,2979.4,2975.05,2975.05,5800,2019-03-14,2019,2984.2666666666673,2958.5333333333338,3041.466666666667,3072.9333333333334,3047.2,2990.0,3002.0,3010.0,3015.7333333333336,2993.8829333333338,2980.3837333333336,3037.5837333333334,3051.0829333333336,2901.333333333334,3130.133333333333,,,0.0,0.0,0.0,10,10
2019-03-14 10:15:00,2975.0,2976.65,2974.0,2975.0,6561,2019-03-14,2019,2984.2666666666673,2958.5333333333338,3041.466666666667,3072.9333333333334,3047.2,2990.0,3002.0,3010.0,3015.7333333333336,2993.8829333333338,2980.3837333333336,3037.5837333333334,3051.0829333333336,2901.333333333334,3130.133333333333,,,0.0,0.0,0.0,10,15
2019-03-14 10:20:00,2975.0,2978.3,2974.5,2977.05,5884,2019-03-14,2019,2984.2666666666673,2958.5333333333338,3041.466666666667,3072.9333333333334,3047.2,2990.0,3002.0,3010.0,3015.7333333333336,2993.8829333333338,2980.3837333333336,3037.5837333333334,3051.0829333333336,2901.333333333334,3130.133333333333,,,0.0,0.0,0.0,10,20
2019-03-14 10:25:00,2978.35,2979.0,2976.0,2977.0,36510,2019-03-14,2019,2984.2666666666673,2958.5333333333338,3041.466666666667,3072.9333333333334,3047.2,2990.0,3002.0,3010.0,3015.7333333333336,2993.8829333333338,2980.3837333333336,3037.5837333333334,3051.0829333333336,2901.333333333334,3130.133333333333,,,0.0,0.0,0.0,10,25
2019-03-14 10:30:00,2977.0,2981.45,2977.0,2980.0,54675,2019-03-14,2019,2984.2666666666673,2958.5333333333338,3041.466666666667,3072.9333333333334,3047.2,2990.0,3002.0,3010.0,3015.7333333333336,2993.8829333333338,2980.3837333333336,3037.5837333333334,3051.0829333333336,2901.333333333334,3130.133333333333,,,0.0,0.0,0.0,10,30
2019-03-14 10:35:00,2980.0,3007.9,2980.0,3005.85,52920,2019-03-14,2019,2984.2666666666673,2958.5333333333338,3041.466666666667,3072.9333333333334,3047.2,2990.0,3002.0,3010.0,3015.7333333333336,2993.8829333333338,2980.3837333333336,3037.5837333333334,3051.0829333333336,2901.333333333334,3130.133333333333,,,0.0,0.0,0.0,10,35
2019-03-14 10:40:00,3005.85,3005.9,2999.55,3000.0,21984,2019-03-14,2019,2984.2666666666673,2958.5333333333338,3041.466666666667,3072.9333333333334,3047.2,2990.0,3002.0,3010.0,3015.7333333333336,2993.8829333333338,2980.3837333333336,3037.5837333333334,3051.0829333333336,2901.333333333334,3130.133333333333,,,0.0,0.0,0.0,10,40
2019-03-14 10:45:00,3000.15,3002.25,3000.0,3000.5,5460,2019-03-14,2019,2984.2666666666673,2958.5333333333338,3041.466666666667,3072.9333333333334,3047.2,2990.0,3002.0,3010.0,3015.7333333333336,2993.8829333333338,2980.3837333333336,3037.5837333333334,3051.0829333333336,2901.333333333334,3130.133333333333,,,0.0,0.0,0.0,10,45
2019-03-14 10:50:00,3000.5,3002.0,2999.55,3000.0,3975,2019-03-14,2019,2984.2666666666673,2958.5333333333338,3041.466666666667,3072.9333333333334,3047.2,2990.0,3002.0,3010.0,3015.7333333333336,2993.8829333333338,2980.3837333333336,3037.5837333333334,3051.0829333333336,2901.333333333334,3130.133333333333,,,0.0,0.0,0.0,10,50
2019-03-14 10:55:00,3000.0,3002.35,3000.0,3000.15,3390,2019-03-14,2019,2984.2666666666673,2958.5333333333338,3041.466666666667,3072.9333333333334,3047.2,2990.0,3002.0,3010.0,3015.7333333333336,2993.8829333333338,2980.3837333333336,3037.5837333333334,3051.0829333333336,2901.333333333334,3130.133333333333,,,0.0,0.0,0.0,10,55
2019-03-14 11:00:00,3000.15,3002.0,3000.0,3001.45,5336,2019-03-14,2019,2984.2666666666673,2958.5333333333338,3041.466666666667,3072.9333333333334,3047.2,2990.0,3002.0,3010.0,3015.7333333333336,2993.8829333333338,2980.3837333333336,3037.5837333333334,3051.0829333333336,2901.333333333334,3130.133333333333,,,0.0,0.0,0.0,11,0
2019-03-14 11:05:00,3000.35,3001.45,3000.0,3000.0,2548,2019-03-14,2019,2984.2666666666673,2958.5333333333338,3041.466666666667,3072.9333333333334,3047.2,2990.0,3002.0,3010.0,3015.7333333333336,2993.8829333333338,2980.3837333333336,3037.5837333333334,3051.0829333333336,2901.333333333334,3130.133333333333,,,0.0,0.0,0.0,11,5
2019-03-14 11:10:00,3000.0,3013.65,3000.0,3013.65,19955,2019-03-14,2019,2984.2666666666673,2958.5333333333338,3041.466666666667,3072.9333333333334,3047.2,2990.0,3002.0,3010.0,3015.7333333333336,2993.8829333333338,2980.3837333333336,3037.5837333333334,3051.0829333333336,2901.333333333334,3130.133333333333,,,0.0,0.0,0.0,11,10
2019-03-14 11:15:00,3013.0,3015.0,3010.0,3010.1,6975,2019-03-14,2019,2984.2666666666673,2958.5333333333338,3041.466666666667,3072.9333333333334,3047.2,2990.0,3002.0,3010.0,3015.7333333333336,2993.8829333333338,2980.3837333333336,3037.5837333333334,3051.0829333333336,2901.333333333334,3130.133333333333,Exit,Buy,3015.0,3042.4837333333335,2970.0,11,15
2019-03-14 11:20:00,3010.1,3013.25,3010.05,3011.1,4475,2019-03-14,2019,2984.2666666666673,2958.5333333333338,3041.466666666667,3072.9333333333334,3047.2,2990.0,3002.0,3010.0,3015.7333333333336,2993.8829333333338,2980.3837333333336,3037.5837333333334,3051.0829333333336,2901.333333333334,3130.133333333333,,,0.0,0.0,0.0,11,20
2019-03-14 11:25:00,3012.45,3015.0,3011.5,3013.55,4985,2019-03-14,2019,2984.2666666666673,2958.5333333333338,3041.466666666667,3072.9333333333334,3047.2,2990.0,3002.0,3010.0,3015.7333333333336,2993.8829333333338,2980.3837333333336,3037.5837333333334,3051.0829333333336,2901.333333333334,3130.133333333333,,,0.0,0.0,0.0,11,25
2019-03-14 11:30:00,3013.55,3015.0,3009.5,3010.05,7486,2019-03-14,2019,2984.2666666666673,2958.5333333333338,3041.466666666667,3072.9333333333334,3047.2,2990.0,3002.0,3010.0,3015.7333333333336,2993.8829333333338,2980.3837333333336,3037.5837333333334,3051.0829333333336,2901.333333333334,3130.133333333333,,,0.0,0.0,0.0,11,30
2019-03-14 11:35:00,3010.05,3017.35,3010.0,3012.0,6491,2019-03-14,2019,2984.2666666666673,2958.5333333333338,3041.466666666667,3072.9333333333334,3047.2,2990.0,3002.0,3010.0,3015.7333333333336,2993.8829333333338,2980.3837333333336,3037.5837333333334,3051.0829333333336,2901.333333333334,3130.133333333333,,,0.0,0.0,0.0,11,35
2019-03-14 11:40:00,3012.0,3016.15,3012.0,3015.25,8954,2019-03-14,2019,2984.2666666666673,2958.5333333333338,3041.466666666667,3072.9333333333334,3047.2,2990.0,3002.0,3010.0,3015.7333333333336,2993.8829333333338,2980.3837333333336,3037.5837333333334,3051.0829333333336,2901.333333333334,3130.133333333333,,,0.0,0.0,0.0,11,40
2019-03-14 11:45:00,3015.25,3023.0,3010.0,3015.0,102224,2019-03-14,2019,2984.2666666666673,2958.5333333333338,3041.466666666667,3072.9333333333334,3047.2,2990.0,3002.0,3010.0,3015.7333333333336,2993.8829333333338,2980.3837333333336,3037.5837333333334,3051.0829333333336,2901.333333333334,3130.133333333333,,,0.0,0.0,0.0,11,45
2019-03-14 11:50:00,3015.0,3020.45,3014.95,3016.0,95800,2019-03-14,2019,2984.2666666666673,2958.5333333333338,3041.466666666667,3072.9333333333334,3047.2,2990.0,3002.0,3010.0,3015.7333333333336,2993.8829333333338,2980.3837333333336,3037.5837333333334,3051.0829333333336,2901.333333333334,3130.133333333333,,,0.0,0.0,0.0,11,50
2019-03-14 11:55:00,3016.0,3016.05,3007.05,3010.0,14361,2019-03-14,2019,2984.2666666666673,2958.5333333333338,3041.466666666667,3072.9333333333334,3047.2,2990.0,3002.0,3010.0,3015.7333333333336,2993.8829333333338,2980.3837333333336,3037.5837333333334,3051.0829333333336,2901.333333333334,3130.133333333333,,,0.0,0.0,0.0,11,55
2019-03-14 12:00:00,3010.0,3014.0,3010.0,3010.0,4987,2019-03-14,2019,2984.2666666666673,2958.5333333333338,3041.466666666667,3072.9333333333334,3047.2,2990.0,3002.0,3010.0,3015.7333333333336,2993.8829333333338,2980.3837333333336,3037.5837333333334,3051.0829333333336,2901.333333333334,3130.133333333333,,,0.0,0.0,0.0,12,0
2019-03-14 12:05:00,3010.0,3014.2,3010.0,3010.3,6152,2019-03-14,2019,2984.2666666666673,2958.5333333333338,3041.466666666667,3072.9333333333334,3047.2,2990.0,3002.0,3010.0,3015.7333333333336,2993.8829333333338,2980.3837333333336,3037.5837333333334,3051.0829333333336,2901.333333333334,3130.133333333333,,,0.0,0.0,0.0,12,5
2019-03-14 12:10:00,3010.3,3011.65,3009.5,3010.1,24300,2019-03-14,2019,2984.2666666666673,2958.5333333333338,3041.466666666667,3072.9333333333334,3047.2,2990.0,3002.0,3010.0,3015.7333333333336,2993.8829333333338,2980.3837333333336,3037.5837333333334,3051.0829333333336,2901.333333333334,3130.133333333333,,,0.0,0.0,0.0,12,10
2019-03-14 12:15:00,3010.1,3011.0,3009.5,3010.65,20157,2019-03-14,2019,2984.2666666666673,2958.5333333333338,3041.466666666667,3072.9333333333334,3047.2,2990.0,3002.0,3010.0,3015.7333333333336,2993.8829333333338,2980.3837333333336,3037.5837333333334,3051.0829333333336,2901.333333333334,3130.133333333333,,,0.0,0.0,0.0,12,15
2019-03-14 12:20:00,3010.65,3018.0,3010.65,3014.0,8016,2019-03-14,2019,2984.2666666666673,2958.5333333333338,3041.466666666667,3072.9333333333334,3047.2,2990.0,3002.0,3010.0,3015.7333333333336,2993.8829333333338,2980.3837333333336,3037.5837333333334,3051.0829333333336,2901.333333333334,3130.133333333333,,,0.0,0.0,0.0,12,20
2019-03-14 12:25:00,3014.0,3016.75,3010.3,3016.0,7763,2019-03-14,2019,2984.2666666666673,2958.5333333333338,3041.466666666667,3072.9333333333334,3047.2,2990.0,3002.0,3010.0,3015.7333333333336,2993.8829333333338,2980.3837333333336,3037.5837333333334,3051.0829333333336,2901.333333333334,3130.133333333333,,,0.0,0.0,0.0,12,25
2019-03-14 12:30:00,3016.0,3016.0,3011.95,3013.0,6270,2019-03-14,2019,2984.2666666666673,2958.5333333333338,3041.466666666667,3072.9333333333334,3047.2,2990.0,3002.0,3010.0,3015.7333333333336,2993.8829333333338,2980.3837333333336,3037.5837333333334,3051.0829333333336,2901.333333333334,3130.133333333333,,,0.0,0.0,0.0,12,30
2019-03-14 12:35:00,3013.0,3016.05,3011.0,3015.0,9468,2019-03-14,2019,2984.2666666666673,2958.5333333333338,3041.466666666667,3072.9333333333334,3047.2,2990.0,3002.0,3010.0,3015.7333333333336,2993.8829333333338,2980.3837333333336,3037.5837333333334,3051.0829333333336,2901.333333333334,3130.133333333333,,,0.0,0.0,0.0,12,35
2019-03-14 12:40:00,3015.0,3017.0,3014.05,3015.05,3312,2019-03-14,2019,2984.2666666666673,2958.5333333333338,3041.466666666667,3072.9333333333334,3047.2,2990.0,3002.0,3010.0,3015.7333333333336,2993.8829333333338,2980.3837333333336,3037.5837333333334,3051.0829333333336,2901.333333333334,3130.133333333333,,,0.0,0.0,0.0,12,40
2019-03-14 12:45:00,3015.05,3016.6,3015.0,3015.0,2526,2019-03-14,2019,2984.2666666666673,2958.5333333333338,3041.466666666667,3072.9333333333334,3047.2,2990.0,3002.0,3010.0,3015.7333333333336,2993.8829333333338,2980.3837333333336,3037.5837333333334,3051.0829333333336,2901.333333333334,3130.133333333333,,,0.0,0.0,0.0,12,45
2019-03-14 12:50:00,3015.0,3017.0,3014.0,3015.0,2719,2019-03-14,2019,2984.2666666666673,2958.5333333333338,3041.466666666667,3072.9333333333334,3047.2,2990.0,3002.0,3010.0,3015.7333333333336,2993.8829333333338,2980.3837333333336,3037.5837333333334,3051.0829333333336,2901.333333333334,3130.133333333333,,,0.0,0.0,0.0,12,50
2019-03-14 12:55:00,3015.0,3016.5,3015.0,3015.0,3304,2019-03-14,2019,2984.2666666666673,2958.5333333333338,3041.466666666667,3072.9333333333334,3047.2,2990.0,3002.0,3010.0,3015.7333333333336,2993.8829333333338,2980.3837333333336,3037.5837333333334,3051.0829333333336,2901.333333333334,3130.133333333333,,,0.0,0.0,0.0,12,55
2019-03-14 13:00:00,3015.0,3015.6,3014.1,3015.0,7341,2019-03-14,2019,2984.2666666666673,2958.5333333333338,3041.466666666667,3072.9333333333334,3047.2,2990.0,3002.0,3010.0,3015.7333333333336,2993.8829333333338,2980.3837333333336,3037.5837333333334,3051.0829333333336,2901.333333333334,3130.133333333333,,,0.0,0.0,0.0,13,0
2019-03-14 13:05:00,3015.0,3017.0,3014.0,3015.0,10776,2019-03-14,2019,2984.2666666666673,2958.5333333333338,3041.466666666667,3072.9333333333334,3047.2,2990.0,3002.0,3010.0,3015.7333333333336,2993.8829333333338,2980.3837333333336,3037.5837333333334,3051.0829333333336,2901.333333333334,3130.133333333333,,,0.0,0.0,0.0,13,5
2019-03-14 13:10:00,3015.95,3019.0,3015.0,3018.5,4827,2019-03-14,2019,2984.2666666666673,2958.5333333333338,3041.466666666667,3072.9333333333334,3047.2,2990.0,3002.0,3010.0,3015.7333333333336,2993.8829333333338,2980.3837333333336,3037.5837333333334,3051.0829333333336,2901.333333333334,3130.133333333333,,,0.0,0.0,0.0,13,10
2019-03-14 13:15:00,3016.8,3018.5,3007.0,3007.25,2543,2019-03-14,2019,2984.2666666666673,2958.5333333333338,3041.466666666667,3072.9333333333334,3047.2,2990.0,3002.0,3010.0,3015.7333333333336,2993.8829333333338,2980.3837333333336,3037.5837333333334,3051.0829333333336,2901.333333333334,3130.133333333333,,,0.0,0.0,0.0,13,15
2019-03-14 13:20:00,3007.25,3009.6,3000.0,3005.2,15652,2019-03-14,2019,2984.2666666666673,2958.5333333333338,3041.466666666667,3072.9333333333334,3047.2,2990.0,3002.0,3010.0,3015.7333333333336,2993.8829333333338,2980.3837333333336,3037.5837333333334,3051.0829333333336,2901.333333333334,3130.133333333333,,,0.0,0.0,0.0,13,20
2019-03-14 13:25:00,3005.0,3011.95,3004.2,3011.0,4094,2019-03-14,2019,2984.2666666666673,2958.5333333333338,3041.466666666667,3072.9333333333334,3047.2,2990.0,3002.0,3010.0,3015.7333333333336,2993.8829333333338,2980.3837333333336,3037.5837333333334,3051.0829333333336,2901.333333333334,3130.133333333333,,,0.0,0.0,0.0,13,25
2019-03-14 13:30:00,3011.0,3016.0,3011.0,3015.0,3112,2019-03-14,2019,2984.2666666666673,2958.5333333333338,3041.466666666667,3072.9333333333334,3047.2,2990.0,3002.0,3010.0,3015.7333333333336,2993.8829333333338,2980.3837333333336,3037.5837333333334,3051.0829333333336,2901.333333333334,3130.133333333333,,,0.0,0.0,0.0,13,30
2019-03-14 13:35:00,3015.0,3016.95,3014.0,3015.0,2675,2019-03-14,2019,2984.2666666666673,2958.5333333333338,3041.466666666667,3072.9333333333334,3047.2,2990.0,3002.0,3010.0,3015.7333333333336,2993.8829333333338,2980.3837333333336,3037.5837333333334,3051.0829333333336,2901.333333333334,3130.133333333333,,,0.0,0.0,0.0,13,35
2019-03-14 13:40:00,3015.0,3015.3,3014.0,3015.05,4089,2019-03-14,2019,2984.2666666666673,2958.5333333333338,3041.466666666667,3072.9333333333334,3047.2,2990.0,3002.0,3010.0,3015.7333333333336,2993.8829333333338,2980.3837333333336,3037.5837333333334,3051.0829333333336,2901.333333333334,3130.133333333333,,,0.0,0.0,0.0,13,40
2019-03-14 13:45:00,3015.05,3015.85,3014.95,3015.0,3570,2019-03-14,2019,2984.2666666666673,2958.5333333333338,3041.466666666667,3072.9333333333334,3047.2,2990.0,3002.0,3010.0,3015.7333333333336,2993.8829333333338,2980.3837333333336,3037.5837333333334,3051.0829333333336,2901.333333333334,3130.133333333333,,,0.0,0.0,0.0,13,45
2019-03-14 13:50:00,3015.0,3021.0,3013.0,3015.65,7745,2019-03-14,2019,2984.2666666666673,2958.5333333333338,3041.466666666667,3072.9333333333334,3047.2,2990.0,3002.0,3010.0,3015.7333333333336,2993.8829333333338,2980.3837333333336,3037.5837333333334,3051.0829333333336,2901.333333333334,3130.133333333333,,,0.0,0.0,0.0,13,50
2019-03-14 13:55:00,3015.65,3016.0,3015.0,3015.0,3148,2019-03-14,2019,2984.2666666666673,2958.5333333333338,3041.466666666667,3072.9333333333334,3047.2,2990.0,3002.0,3010.0,3015.7333333333336,2993.8829333333338,2980.3837333333336,3037.5837333333334,3051.0829333333336,2901.333333333334,3130.133333333333,,,0.0,0.0,0.0,13,55
2019-03-14 14:00:00,3015.0,3016.3,3014.0,3016.15,4271,2019-03-14,2019,2984.2666666666673,2958.5333333333338,3041.466666666667,3072.9333333333334,3047.2,2990.0,3002.0,3010.0,3015.7333333333336,2993.8829333333338,2980.3837333333336,3037.5837333333334,3051.0829333333336,2901.333333333334,3130.133333333333,,,0.0,0.0,0.0,14,0
2019-03-14 14:05:00,3016.2,3019.0,3014.5,3018.0,12694,2019-03-14,2019,2984.2666666666673,2958.5333333333338,3041.466666666667,3072.9333333333334,3047.2,2990.0,3002.0,3010.0,3015.7333333333336,2993.8829333333338,2980.3837333333336,3037.5837333333334,3051.0829333333336,2901.333333333334,3130.133333333333,,,0.0,0.0,0.0,14,5
2019-03-14 14:10:00,3018.0,3018.1,3009.0,3012.6,4725,2019-03-14,2019,2984.2666666666673,2958.5333333333338,3041.466666666667,3072.9333333333334,3047.2,2990.0,3002.0,3010.0,3015.7333333333336,2993.8829333333338,2980.3837333333336,3037.5837333333334,3051.0829333333336,2901.333333333334,3130.133333333333,,,0.0,0.0,0.0,14,10
2019-03-14 14:15:00,3011.55,3015.0,3009.5,3015.0,5612,2019-03-14,2019,2984.2666666666673,2958.5333333333338,3041.466666666667,3072.9333333333334,3047.2,2990.0,3002.0,3010.0,3015.7333333333336,2993.8829333333338,2980.3837333333336,3037.5837333333334,3051.0829333333336,2901.333333333334,3130.133333333333,,,0.0,0.0,0.0,14,15
2019-03-14 14:20:00,3015.0,3018.85,3011.5,3015.95,4692,2019-03-14,2019,2984.2666666666673,2958.5333333333338,3041.466666666667,3072.9333333333334,3047.2,2990.0,3002.0,3010.0,3015.7333333333336,2993.8829333333338,2980.3837333333336,3037.5837333333334,3051.0829333333336,2901.333333333334,3130.133333333333,,,0.0,0.0,0.0,14,20
2019-03-14 14:25:00,3015.95,3020.0,3014.1,3018.05,5523,2019-03-14,2019,2984.2666666666673,2958.5333333333338,3041.466666666667,3072.9333333333334,3047.2,2990.0,3002.0,3010.0,3015.7333333333336,2993.8829333333338,2980.3837333333336,3037.5837333333334,3051.0829333333336,2901.333333333334,3130.133333333333,,,0.0,0.0,0.0,14,25
2019-03-14 14:30:00,3018.05,3020.05,3014.25,3015.7,5949,2019-03-14,2019,2984.2666666666673,2958.5333333333338,3041.466666666667,3072.9333333333334,3047.2,2990.0,3002.0,3010.0,3015.7333333333336,2993.8829333333338,2980.3837333333336,3037.5837333333334,3051.0829333333336,2901.333333333334,3130.133333333333,,,0.0,0.0,0.0,14,30
2019-03-14 14:35:00,3015.75,3024.8,3014.25,3024.7,18556,2019-03-14,2019,2984.2666666666673,2958.5333333333338,3041.466666666667,3072.9333333333334,3047.2,2990.0,3002.0,3010.0,3015.7333333333336,2993.8829333333338,2980.3837333333336,3037.5837333333334,3051.0829333333336,2901.333333333334,3130.133333333333,,,0.0,0.0,0.0,14,35
2019-03-14 14:40:00,3024.05,3025.0,3014.05,3015.0,15450,2019-03-14,2019,2984.2666666666673,2958.5333333333338,3041.466666666667,3072.9333333333334,3047.2,2990.0,3002.0,3010.0,3015.7333333333336,2993.8829333333338,2980.3837333333336,3037.5837333333334,3051.0829333333336,2901.333333333334,3130.133333333333,,,0.0,0.0,0.0,14,40
2019-03-14 14:45:00,3015.0,3015.9,3010.0,3015.0,8974,2019-03-14,2019,2984.2666666666673,2958.5333333333338,3041.466666666667,3072.9333333333334,3047.2,2990.0,3002.0,3010.0,3015.7333333333336,2993.8829333333338,2980.3837333333336,3037.5837333333334,3051.0829333333336,2901.333333333334,3130.133333333333,,,0.0,0.0,0.0,14,45
2019-03-14 14:50:00,3015.45,3017.85,3014.0,3015.0,8487,2019-03-14,2019,2984.2666666666673,2958.5333333333338,3041.466666666667,3072.9333333333334,3047.2,2990.0,3002.0,3010.0,3015.7333333333336,2993.8829333333338,2980.3837333333336,3037.5837333333334,3051.0829333333336,2901.333333333334,3130.133333333333,,,0.0,0.0,0.0,14,50
2019-03-14 14:55:00,3015.0,3017.0,3014.0,3017.0,8104,2019-03-14,2019,2984.2666666666673,2958.5333333333338,3041.466666666667,3072.9333333333334,3047.2,2990.0,3002.0,3010.0,3015.7333333333336,2993.8829333333338,2980.3837333333336,3037.5837333333334,3051.0829333333336,2901.333333333334,3130.133333333333,,,0.0,0.0,0.0,14,55
2019-03-14 15:00:00,3018.2,3020.0,3014.95,3015.0,11308,2019-03-14,2019,2984.2666666666673,2958.5333333333338,3041.466666666667,3072.9333333333334,3047.2,2990.0,3002.0,3010.0,3015.7333333333336,2993.8829333333338,2980.3837333333336,3037.5837333333334,3051.0829333333336,2901.333333333334,3130.133333333333,,,0.0,0.0,0.0,15,0
2019-03-14 15:05:00,3015.05,3016.95,3014.65,3015.0,19328,2019-03-14,2019,2984.2666666666673,2958.5333333333338,3041.466666666667,3072.9333333333334,3047.2,2990.0,3002.0,3010.0,3015.7333333333336,2993.8829333333338,2980.3837333333336,3037.5837333333334,3051.0829333333336,2901.333333333334,3130.133333333333,,,0.0,0.0,0.0,15,5
2019-03-14 15:10:00,3015.0,3018.35,3015.0,3018.1,21910,2019-03-14,2019,2984.2666666666673,2958.5333333333338,3041.466666666667,3072.9333333333334,3047.2,2990.0,3002.0,3010.0,3015.7333333333336,2993.8829333333338,2980.3837333333336,3037.5837333333334,3051.0829333333336,2901.333333333334,3130.133333333333,,,0.0,0.0,0.0,15,10
2019-03-14 15:15:00,3018.1,3023.0,3016.0,3021.15,30339,2019-03-14,2019,2984.2666666666673,2958.5333333333338,3041.466666666667,3072.9333333333334,3047.2,2990.0,3002.0,3010.0,3015.7333333333336,2993.8829333333338,2980.3837333333336,3037.5837333333334,3051.0829333333336,2901.333333333334,3130.133333333333,,,0.0,0.0,0.0,15,15
2019-03-14 15:20:00,3021.15,3022.45,3013.6,3015.05,18962,2019-03-14,2019,2984.2666666666673,2958.5333333333338,3041.466666666667,3072.9333333333334,3047.2,2990.0,3002.0,3010.0,3015.7333333333336,2993.8829333333338,2980.3837333333336,3037.5837333333334,3051.0829333333336,2901.333333333334,3130.133333333333,Exit,Sell,3015.05,0.0,0.0,15,20
2019-03-14 15:25:00,3015.0,3020.9,3007.4,3007.4,13103,2019-03-14,2019,2984.2666666666673,2958.5333333333338,3041.466666666667,3072.9333333333334,3047.2,2990.0,3002.0,3010.0,3015.7333333333336,2993.8829333333338,2980.3837333333336,3037.5837333333334,3051.0829333333336,2901.333333333334,3130.133333333333,,,0.0,0.0,0.0,15,25
2019-03-15 09:15:00,3002.1,3008.0,2980.0,3007.1,20180,2019-03-15,2019,2976.5999999999995,2945.7999999999997,3031.5999999999995,3055.7999999999997,3025.0,2970.0,3012.0,3007.4,3000.7999999999997,2979.7899999999995,2966.81,3021.81,3034.7899999999995,2890.7999999999997,3110.7999999999997,,,0.0,0.0,0.0,9,15
2019-03-15 09:20:00,3005.8,3008.95,3000.0,3002.3,8462,2019-03-15,2019,2976.5999999999995,2945.7999999999997,3031.5999999999995,3055.7999999999997,3025.0,2970.0,3012.0,3007.4,3000.7999999999997,2979.7899999999995,2966.81,3021.81,3034.7899999999995,2890.7999999999997,3110.7999999999997,,,0.0,0.0,0.0,9,20
2019-03-15 09:25:00,3002.3,3009.85,3001.1,3007.25,6785,2019-03-15,2019,2976.5999999999995,2945.7999999999997,3031.5999999999995,3055.7999999999997,3025.0,2970.0,3012.0,3007.4,3000.7999999999997,2979.7899999999995,2966.81,3021.81,3034.7899999999995,2890.7999999999997,3110.7999999999997,,,0.0,0.0,0.0,9,25
2019-03-15 09:30:00,3007.25,3018.9,3007.0,3009.0,17007,2019-03-15,2019,2976.5999999999995,2945.7999999999997,3031.5999999999995,3055.7999999999997,3025.0,2970.0,3012.0,3007.4,3000.7999999999997,2979.7899999999995,2966.81,3021.81,3034.7899999999995,2890.7999999999997,3110.7999999999997,,,0.0,0.0,0.0,9,30
2019-03-15 09:35:00,3009.0,3018.0,3009.0,3015.65,9013,2019-03-15,2019,2976.5999999999995,2945.7999999999997,3031.5999999999995,3055.7999999999997,3025.0,2970.0,3012.0,3007.4,3000.7999999999997,2979.7899999999995,2966.81,3021.81,3034.7899999999995,2890.7999999999997,3110.7999999999997,,,0.0,0.0,0.0,9,35
2019-03-15 09:40:00,3015.65,3015.65,3006.15,3007.95,6393,2019-03-15,2019,2976.5999999999995,2945.7999999999997,3031.5999999999995,3055.7999999999997,3025.0,2970.0,3012.0,3007.4,3000.7999999999997,2979.7899999999995,2966.81,3021.81,3034.7899999999995,2890.7999999999997,3110.7999999999997,,,0.0,0.0,0.0,9,40
2019-03-15 09:45:00,3007.95,3009.0,3003.25,3007.25,8485,2019-03-15,2019,2976.5999999999995,2945.7999999999997,3031.5999999999995,3055.7999999999997,3025.0,2970.0,3012.0,3007.4,3000.7999999999997,2979.7899999999995,2966.81,3021.81,3034.7899999999995,2890.7999999999997,3110.7999999999997,,,0.0,0.0,0.0,9,45
2019-03-15 09:50:00,3007.25,3012.95,3007.0,3010.0,6905,2019-03-15,2019,2976.5999999999995,2945.7999999999997,3031.5999999999995,3055.7999999999997,3025.0,2970.0,3012.0,3007.4,3000.7999999999997,2979.7899999999995,2966.81,3021.81,3034.7899999999995,2890.7999999999997,3110.7999999999997,,,0.0,0.0,0.0,9,50
2019-03-15 09:55:00,3010.6,3011.55,3002.7,3005.0,8673,2019-03-15,2019,2976.5999999999995,2945.7999999999997,3031.5999999999995,3055.7999999999997,3025.0,2970.0,3012.0,3007.4,3000.7999999999997,2979.7899999999995,2966.81,3021.81,3034.7899999999995,2890.7999999999997,3110.7999999999997,,,0.0,0.0,0.0,9,55
2019-03-15 10:00:00,3005.45,3006.85,3000.0,3001.0,11575,2019-03-15,2019,2976.5999999999995,2945.7999999999997,3031.5999999999995,3055.7999999999997,3025.0,2970.0,3012.0,3007.4,3000.7999999999997,2979.7899999999995,2966.81,3021.81,3034.7899999999995,2890.7999999999997,3110.7999999999997,,,0.0,0.0,0.0,10,0
2019-03-15 10:05:00,3002.15,3005.0,3000.3,3003.5,5589,2019-03-15,2019,2976.5999999999995,2945.7999999999997,3031.5999999999995,3055.7999999999997,3025.0,2970.0,3012.0,3007.4,3000.7999999999997,2979.7899999999995,2966.81,3021.81,3034.7899999999995,2890.7999999999997,3110.7999999999997,,,0.0,0.0,0.0,10,5
2019-03-15 10:10:00,3003.5,3003.55,3000.0,3001.75,7831,2019-03-15,2019,2976.5999999999995,2945.7999999999997,3031.5999999999995,3055.7999999999997,3025.0,2970.0,3012.0,3007.4,3000.7999999999997,2979.7899999999995,2966.81,3021.81,3034.7899999999995,2890.7999999999997,3110.7999999999997,,,0.0,0.0,0.0,10,10
2019-03-15 10:15:00,3001.75,3004.7,2999.0,3004.0,8132,2019-03-15,2019,2976.5999999999995,2945.7999999999997,3031.5999999999995,3055.7999999999997,3025.0,2970.0,3012.0,3007.4,3000.7999999999997,2979.7899999999995,2966.81,3021.81,3034.7899999999995,2890.7999999999997,3110.7999999999997,,,0.0,0.0,0.0,10,15
2019-03-15 10:20:00,3004.0,3008.4,3000.0,3001.7,6647,2019-03-15,2019,2976.5999999999995,2945.7999999999997,3031.5999999999995,3055.7999999999997,3025.0,2970.0,3012.0,3007.4,3000.7999999999997,2979.7899999999995,2966.81,3021.81,3034.7899999999995,2890.7999999999997,3110.7999999999997,,,0.0,0.0,0.0,10,20
2019-03-15 10:25:00,3000.9,3008.0,3000.0,3002.0,6695,2019-03-15,2019,2976.5999999999995,2945.7999999999997,3031.5999999999995,3055.7999999999997,3025.0,2970.0,3012.0,3007.4,3000.7999999999997,2979.7899999999995,2966.81,3021.81,3034.7899999999995,2890.7999999999997,3110.7999999999997,,,0.0,0.0,0.0,10,25
2019-03-15 10:30:00,3002.0,3004.25,3000.0,3002.05,4220,2019-03-15,2019,2976.5999999999995,2945.7999999999997,3031.5999999999995,3055.7999999999997,3025.0,2970.0,3012.0,3007.4,3000.7999999999997,2979.7899999999995,2966.81,3021.81,3034.7899999999995,2890.7999999999997,3110.7999999999997,,,0.0,0.0,0.0,10,30
2019-03-15 10:35:00,3002.05,3002.05,3000.0,3001.0,4179,2019-03-15,2019,2976.5999999999995,2945.7999999999997,3031.5999999999995,3055.7999999999997,3025.0,2970.0,3012.0,3007.4,3000.7999999999997,2979.7899999999995,2966.81,3021.81,3034.7899999999995,2890.7999999999997,3110.7999999999997,,,0.0,0.0,0.0,10,35
2019-03-15 10:40:00,3001.0,3001.9,2999.55,3000.45,4911,2019-03-15,2019,2976.5999999999995,2945.7999999999997,3031.5999999999995,3055.7999999999997,3025.0,2970.0,3012.0,3007.4,3000.7999999999997,2979.7899999999995,2966.81,3021.81,3034.7899999999995,2890.7999999999997,3110.7999999999997,,,0.0,0.0,0.0,10,40
2019-03-15 10:45:00,3000.45,3004.0,3000.1,3001.0,6243,2019-03-15,2019,2976.5999999999995,2945.7999999999997,3031.5999999999995,3055.7999999999997,3025.0,2970.0,3012.0,3007.4,3000.7999999999997,2979.7899999999995,2966.81,3021.81,3034.7899999999995,2890.7999999999997,3110.7999999999997,,,0.0,0.0,0.0,10,45
2019-03-15 10:50:00,3001.0,3004.55,2999.0,3002.5,13506,2019-03-15,2019,2976.5999999999995,2945.7999999999997,3031.5999999999995,3055.7999999999997,3025.0,2970.0,3012.0,3007.4,3000.7999999999997,2979.7899999999995,2966.81,3021.81,3034.7899999999995,2890.7999999999997,3110.7999999999997,,,0.0,0.0,0.0,10,50
2019-03-15 10:55:00,3002.5,3003.9,3000.0,3000.95,1951,2019-03-15,2019,2976.5999999999995,2945.7999999999997,3031.5999999999995,3055.7999999999997,3025.0,2970.0,3012.0,3007.4,3000.7999999999997,2979.7899999999995,2966.81,3021.81,3034.7899999999995,2890.7999999999997,3110.7999999999997,,,0.0,0.0,0.0,10,55
2019-03-15 11:00:00,3000.95,3006.25,2999.0,3005.9,3782,2019-03-15,2019,2976.5999999999995,2945.7999999999997,3031.5999999999995,3055.7999999999997,3025.0,2970.0,3012.0,3007.4,3000.7999999999997,2979.7899999999995,2966.81,3021.81,3034.7899999999995,2890.7999999999997,3110.7999999999997,,,0.0,0.0,0.0,11,0
2019-03-15 11:05:00,3005.9,3008.0,3003.05,3008.0,3402,2019-03-15,2019,2976.5999999999995,2945.7999999999997,3031.5999999999995,3055.7999999999997,3025.0,2970.0,3012.0,3007.4,3000.7999999999997,2979.7899999999995,2966.81,3021.81,3034.7899999999995,2890.7999999999997,3110.7999999999997,,,0.0,0.0,0.0,11,5
2019-03-15 11:10:00,3008.0,3010.0,3005.1,3009.45,6630,2019-03-15,2019,2976.5999999999995,2945.7999999999997,3031.5999999999995,3055.7999999999997,3025.0,2970.0,3012.0,3007.4,3000.7999999999997,2979.7899999999995,2966.81,3021.81,3034.7899999999995,2890.7999999999997,3110.7999999999997,,,0.0,0.0,0.0,11,10
2019-03-15 11:15:00,3009.45,3012.0,3007.05,3010.85,10671,2019-03-15,2019,2976.5999999999995,2945.7999999999997,3031.5999999999995,3055.7999999999997,3025.0,2970.0,3012.0,3007.4,3000.7999999999997,2979.7899999999995,2966.81,3021.81,3034.7899999999995,2890.7999999999997,3110.7999999999997,,,0.0,0.0,0.0,11,15
2019-03-15 11:20:00,3010.85,3010.85,3007.0,3008.05,1694,2019-03-15,2019,2976.5999999999995,2945.7999999999997,3031.5999999999995,3055.7999999999997,3025.0,2970.0,3012.0,3007.4,3000.7999999999997,2979.7899999999995,2966.81,3021.81,3034.7899999999995,2890.7999999999997,3110.7999999999997,,,0.0,0.0,0.0,11,20
2019-03-15 11:25:00,3008.05,3010.85,3005.95,3010.85,5868,2019-03-15,2019,2976.5999999999995,2945.7999999999997,3031.5999999999995,3055.7999999999997,3025.0,2970.0,3012.0,3007.4,3000.7999999999997,2979.7899999999995,2966.81,3021.81,3034.7899999999995,2890.7999999999997,3110.7999999999997,,,0.0,0.0,0.0,11,25
2019-03-15 11:30:00,3010.85,3012.0,3009.35,3010.0,1774,2019-03-15,2019,2976.5999999999995,2945.7999999999997,3031.5999999999995,3055.7999999999997,3025.0,2970.0,3012.0,3007.4,3000.7999999999997,2979.7899999999995,2966.81,3021.81,3034.7899999999995,2890.7999999999997,3110.7999999999997,,,0.0,0.0,0.0,11,30
2019-03-15 11:35:00,3010.0,3010.0,3008.0,3008.65,2275,2019-03-15,2019,2976.5999999999995,2945.7999999999997,3031.5999999999995,3055.7999999999997,3025.0,2970.0,3012.0,3007.4,3000.7999999999997,2979.7899999999995,2966.81,3021.81,3034.7899999999995,2890.7999999999997,3110.7999999999997,,,0.0,0.0,0.0,11,35
2019-03-15 11:40:00,3008.0,3010.0,3007.75,3008.95,9235,2019-03-15,2019,2976.5999999999995,2945.7999999999997,3031.5999999999995,3055.7999999999997,3025.0,2970.0,3012.0,3007.4,3000.7999999999997,2979.7899999999995,2966.81,3021.81,3034.7899999999995,2890.7999999999997,3110.7999999999997,,,0.0,0.0,0.0,11,40
2019-03-15 11:45:00,3008.0,3008.95,3007.75,3008.7,4566,2019-03-15,2019,2976.5999999999995,2945.7999999999997,3031.5999999999995,3055.7999999999997,3025.0,2970.0,3012.0,3007.4,3000.7999999999997,2979.7899999999995,2966.81,3021.81,3034.7899999999995,2890.7999999999997,3110.7999999999997,,,0.0,0.0,0.0,11,45
2019-03-15 11:50:00,3008.7,3009.0,3006.0,3006.0,6299,2019-03-15,2019,2976.5999999999995,2945.7999999999997,3031.5999999999995,3055.7999999999997,3025.0,2970.0,3012.0,3007.4,3000.7999999999997,2979.7899999999995,2966.81,3021.81,3034.7899999999995,2890.7999999999997,3110.7999999999997,,,0.0,0.0,0.0,11,50
2019-03-15 11:55:00,3006.05,3007.5,3005.0,3006.6,2451,2019-03-15,2019,2976.5999999999995,2945.7999999999997,3031.5999999999995,3055.7999999999997,3025.0,2970.0,3012.0,3007.4,3000.7999999999997,2979.7899999999995,2966.81,3021.81,3034.7899999999995,2890.7999999999997,3110.7999999999997,,,0.0,0.0,0.0,11,55
2019-03-15 12:00:00,3006.65,3007.75,3005.7,3006.5,1921,2019-03-15,2019,2976.5999999999995,2945.7999999999997,3031.5999999999995,3055.7999999999997,3025.0,2970.0,3012.0,3007.4,3000.7999999999997,2979.7899999999995,2966.81,3021.81,3034.7899999999995,2890.7999999999997,3110.7999999999997,,,0.0,0.0,0.0,12,0
2019-03-15 12:05:00,3006.5,3007.75,3005.15,3005.7,5372,2019-03-15,2019,2976.5999999999995,2945.7999999999997,3031.5999999999995,3055.7999999999997,3025.0,2970.0,3012.0,3007.4,3000.7999999999997,2979.7899999999995,2966.81,3021.81,3034.7899999999995,2890.7999999999997,3110.7999999999997,,,0.0,0.0,0.0,12,5
2019-03-15 12:10:00,3005.6,3006.5,3004.0,3005.35,6882,2019-03-15,2019,2976.5999999999995,2945.7999999999997,3031.5999999999995,3055.7999999999997,3025.0,2970.0,3012.0,3007.4,3000.7999999999997,2979.7899999999995,2966.81,3021.81,3034.7899999999995,2890.7999999999997,3110.7999999999997,,,0.0,0.0,0.0,12,10
2019-03-15 12:15:00,3005.35,3006.45,3004.75,3005.0,4431,2019-03-15,2019,2976.5999999999995,2945.7999999999997,3031.5999999999995,3055.7999999999997,3025.0,2970.0,3012.0,3007.4,3000.7999999999997,2979.7899999999995,2966.81,3021.81,3034.7899999999995,2890.7999999999997,3110.7999999999997,,,0.0,0.0,0.0,12,15
2019-03-15 12:20:00,3005.0,3006.6,3005.0,3006.6,2672,2019-03-15,2019,2976.5999999999995,2945.7999999999997,3031.5999999999995,3055.7999999999997,3025.0,2970.0,3012.0,3007.4,3000.7999999999997,2979.7899999999995,2966.81,3021.81,3034.7899999999995,2890.7999999999997,3110.7999999999997,,,0.0,0.0,0.0,12,20
2019-03-15 12:25:00,3006.6,3010.0,3006.0,3008.1,5013,2019-03-15,2019,2976.5999999999995,2945.7999999999997,3031.5999999999995,3055.7999999999997,3025.0,2970.0,3012.0,3007.4,3000.7999999999997,2979.7899999999995,2966.81,3021.81,3034.7899999999995,2890.7999999999997,3110.7999999999997,,,0.0,0.0,0.0,12,25
2019-03-15 12:30:00,3008.1,3010.0,3007.75,3008.75,4034,2019-03-15,2019,2976.5999999999995,2945.7999999999997,3031.5999999999995,3055.7999999999997,3025.0,2970.0,3012.0,3007.4,3000.7999999999997,2979.7899999999995,2966.81,3021.81,3034.7899999999995,2890.7999999999997,3110.7999999999997,,,0.0,0.0,0.0,12,30
2019-03-15 12:35:00,3008.75,3008.75,3007.75,3008.0,865,2019-03-15,2019,2976.5999999999995,2945.7999999999997,3031.5999999999995,3055.7999999999997,3025.0,2970.0,3012.0,3007.4,3000.7999999999997,2979.7899999999995,2966.81,3021.81,3034.7899999999995,2890.7999999999997,3110.7999999999997,,,0.0,0.0,0.0,12,35
2019-03-15 12:40:00,3008.0,3012.0,3007.75,3010.5,10844,2019-03-15,2019,2976.5999999999995,2945.7999999999997,3031.5999999999995,3055.7999999999997,3025.0,2970.0,3012.0,3007.4,3000.7999999999997,2979.7899999999995,2966.81,3021.81,3034.7899999999995,2890.7999999999997,3110.7999999999997,,,0.0,0.0,0.0,12,40
2019-03-15 12:45:00,3010.5,3013.7,3010.5,3011.5,3700,2019-03-15,2019,2976.5999999999995,2945.7999999999997,3031.5999999999995,3055.7999999999997,3025.0,2970.0,3012.0,3007.4,3000.7999999999997,2979.7899999999995,2966.81,3021.81,3034.7899999999995,2890.7999999999997,3110.7999999999997,,,0.0,0.0,0.0,12,45
2019-03-15 12:50:00,3011.3,3013.5,3009.0,3013.5,4180,2019-03-15,2019,2976.5999999999995,2945.7999999999997,3031.5999999999995,3055.7999999999997,3025.0,2970.0,3012.0,3007.4,3000.7999999999997,2979.7899999999995,2966.81,3021.81,3034.7899999999995,2890.7999999999997,3110.7999999999997,,,0.0,0.0,0.0,12,50
2019-03-15 12:55:00,3012.55,3016.0,3012.55,3015.0,10599,2019-03-15,2019,2976.5999999999995,2945.7999999999997,3031.5999999999995,3055.7999999999997,3025.0,2970.0,3012.0,3007.4,3000.7999999999997,2979.7899999999995,2966.81,3021.81,3034.7899999999995,2890.7999999999997,3110.7999999999997,,,0.0,0.0,0.0,12,55
2019-03-15 13:00:00,3015.0,3018.0,3015.0,3016.45,5807,2019-03-15,2019,2976.5999999999995,2945.7999999999997,3031.5999999999995,3055.7999999999997,3025.0,2970.0,3012.0,3007.4,3000.7999999999997,2979.7899999999995,2966.81,3021.81,3034.7899999999995,2890.7999999999997,3110.7999999999997,,,0.0,0.0,0.0,13,0
2019-03-15 13:05:00,3015.55,3016.45,3012.3,3013.4,1934,2019-03-15,2019,2976.5999999999995,2945.7999999999997,3031.5999999999995,3055.7999999999997,3025.0,2970.0,3012.0,3007.4,3000.7999999999997,2979.7899999999995,2966.81,3021.81,3034.7899999999995,2890.7999999999997,3110.7999999999997,,,0.0,0.0,0.0,13,5
2019-03-15 13:10:00,3013.4,3014.95,3011.35,3011.5,1877,2019-03-15,2019,2976.5999999999995,2945.7999999999997,3031.5999999999995,3055.7999999999997,3025.0,2970.0,3012.0,3007.4,3000.7999999999997,2979.7899999999995,2966.81,3021.81,3034.7899999999995,2890.7999999999997,3110.7999999999997,,,0.0,0.0,0.0,13,10
2019-03-15 13:15:00,3011.5,3014.8,3011.35,3014.65,1137,2019-03-15,2019,2976.5999999999995,2945.7999999999997,3031.5999999999995,3055.7999999999997,3025.0,2970.0,3012.0,3007.4,3000.7999999999997,2979.7899999999995,2966.81,3021.81,3034.7899999999995,2890.7999999999997,3110.7999999999997,,,0.0,0.0,0.0,13,15
2019-03-15 13:20:00,3014.65,3014.65,3011.8,3012.75,1596,2019-03-15,2019,2976.5999999999995,2945.7999999999997,3031.5999999999995,3055.7999999999997,3025.0,2970.0,3012.0,3007.4,3000.7999999999997,2979.7899999999995,2966.81,3021.81,3034.7899999999995,2890.7999999999997,3110.7999999999997,,,0.0,0.0,0.0,13,20
2019-03-15 13:25:00,3012.75,3013.95,3010.6,3013.0,660,2019-03-15,2019,2976.5999999999995,2945.7999999999997,3031.5999999999995,3055.7999999999997,3025.0,2970.0,3012.0,3007.4,3000.7999999999997,2979.7899999999995,2966.81,3021.81,3034.7899999999995,2890.7999999999997,3110.7999999999997,,,0.0,0.0,0.0,13,25
2019-03-15 13:30:00,3013.0,3013.05,3007.5,3009.95,7997,2019-03-15,2019,2976.5999999999995,2945.7999999999997,3031.5999999999995,3055.7999999999997,3025.0,2970.0,3012.0,3007.4,3000.7999999999997,2979.7899999999995,2966.81,3021.81,3034.7899999999995,2890.7999999999997,3110.7999999999997,,,0.0,0.0,0.0,13,30
2019-03-15 13:35:00,3010.0,3010.5,3009.95,3010.05,3480,2019-03-15,2019,2976.5999999999995,2945.7999999999997,3031.5999999999995,3055.7999999999997,3025.0,2970.0,3012.0,3007.4,3000.7999999999997,2979.7899999999995,2966.81,3021.81,3034.7899999999995,2890.7999999999997,3110.7999999999997,,,0.0,0.0,0.0,13,35
2019-03-15 13:40:00,3010.05,3010.25,3010.0,3010.0,5369,2019-03-15,2019,2976.5999999999995,2945.7999999999997,3031.5999999999995,3055.7999999999997,3025.0,2970.0,3012.0,3007.4,3000.7999999999997,2979.7899999999995,2966.81,3021.81,3034.7899999999995,2890.7999999999997,3110.7999999999997,,,0.0,0.0,0.0,13,40
2019-03-15 13:45:00,3010.0,3010.25,3010.0,3010.0,3956,2019-03-15,2019,2976.5999999999995,2945.7999999999997,3031.5999999999995,3055.7999999999997,3025.0,2970.0,3012.0,3007.4,3000.7999999999997,2979.7899999999995,2966.81,3021.81,3034.7899999999995,2890.7999999999997,3110.7999999999997,,,0.0,0.0,0.0,13,45
2019-03-15 13:50:00,3010.0,3014.55,3010.0,3012.0,5045,2019-03-15,2019,2976.5999999999995,2945.7999999999997,3031.5999999999995,3055.7999999999997,3025.0,2970.0,3012.0,3007.4,3000.7999999999997,2979.7899999999995,2966.81,3021.81,3034.7899999999995,2890.7999999999997,3110.7999999999997,,,0.0,0.0,0.0,13,50
2019-03-15 13:55:00,3012.0,3013.9,3012.0,3012.0,2277,2019-03-15,2019,2976.5999999999995,2945.7999999999997,3031.5999999999995,3055.7999999999997,3025.0,2970.0,3012.0,3007.4,3000.7999999999997,2979.7899999999995,2966.81,3021.81,3034.7899999999995,2890.7999999999997,3110.7999999999997,,,0.0,0.0,0.0,13,55
2019-03-15 14:00:00,3012.0,3023.0,3012.0,3023.0,14048,2019-03-15,2019,2976.5999999999995,2945.7999999999997,3031.5999999999995,3055.7999999999997,3025.0,2970.0,3012.0,3007.4,3000.7999999999997,2979.7899999999995,2966.81,3021.81,3034.7899999999995,2890.7999999999997,3110.7999999999997,Entry,Buy,3023.0,3055.7999999999997,2980.0,14,0
2019-03-15 14:05:00,3023.0,3023.9,3017.0,3021.5,8498,2019-03-15,2019,2976.5999999999995,2945.7999999999997,3031.5999999999995,3055.7999999999997,3025.0,2970.0,3012.0,3007.4,3000.7999999999997,2979.7899999999995,2966.81,3021.81,3034.7899999999995,2890.7999999999997,3110.7999999999997,,,0.0,0.0,0.0,14,5
2019-03-15 14:10:00,3021.5,3025.0,3020.25,3022.1,5150,2019-03-15,2019,2976.5999999999995,2945.7999999999997,3031.5999999999995,3055.7999999999997,3025.0,2970.0,3012.0,3007.4,3000.7999999999997,2979.7899999999995,2966.81,3021.81,3034.7899999999995,2890.7999999999997,3110.7999999999997,,,0.0,0.0,0.0,14,10
2019-03-15 14:15:00,3022.1,3028.55,3021.05,3024.35,8361,2019-03-15,2019,2976.5999999999995,2945.7999999999997,3031.5999999999995,3055.7999999999997,3025.0,2970.0,3012.0,3007.4,3000.7999999999997,2979.7899999999995,2966.81,3021.81,3034.7899999999995,2890.7999999999997,3110.7999999999997,,,0.0,0.0,0.0,14,15
2019-03-15 14:20:00,3024.35,3024.35,3020.0,3021.0,3715,2019-03-15,2019,2976.5999999999995,2945.7999999999997,3031.5999999999995,3055.7999999999997,3025.0,2970.0,3012.0,3007.4,3000.7999999999997,2979.7899999999995,2966.81,3021.81,3034.7899999999995,2890.7999999999997,3110.7999999999997,,,0.0,0.0,0.0,14,20
2019-03-15 14:25:00,3021.0,3022.0,3019.95,3020.0,4503,2019-03-15,2019,2976.5999999999995,2945.7999999999997,3031.5999999999995,3055.7999999999997,3025.0,2970.0,3012.0,3007.4,3000.7999999999997,2979.7899999999995,2966.81,3021.81,3034.7899999999995,2890.7999999999997,3110.7999999999997,,,0.0,0.0,0.0,14,25
2019-03-15 14:30:00,3020.0,3025.0,3020.0,3024.95,3697,2019-03-15,2019,2976.5999999999995,2945.7999999999997,3031.5999999999995,3055.7999999999997,3025.0,2970.0,3012.0,3007.4,3000.7999999999997,2979.7899999999995,2966.81,3021.81,3034.7899999999995,2890.7999999999997,3110.7999999999997,,,0.0,0.0,0.0,14,30
2019-03-15 14:35:00,3025.0,3026.0,3022.0,3023.95,4462,2019-03-15,2019,2976.5999999999995,2945.7999999999997,3031.5999999999995,3055.7999999999997,3025.0,2970.0,3012.0,3007.4,3000.7999999999997,2979.7899999999995,2966.81,3021.81,3034.7899999999995,2890.7999999999997,3110.7999999999997,,,0.0,0.0,0.0,14,35
2019-03-15 14:40:00,3023.95,3026.25,3021.0,3021.0,2826,2019-03-15,2019,2976.5999999999995,2945.7999999999997,3031.5999999999995,3055.7999999999997,3025.0,2970.0,3012.0,3007.4,3000.7999999999997,2979.7899999999995,2966.81,3021.81,3034.7899999999995,2890.7999999999997,3110.7999999999997,,,0.0,0.0,0.0,14,40
2019-03-15 14:45:00,3021.5,3026.0,3021.0,3024.75,2541,2019-03-15,2019,2976.5999999999995,2945.7999999999997,3031.5999999999995,3055.7999999999997,3025.0,2970.0,3012.0,3007.4,3000.7999999999997,2979.7899999999995,2966.81,3021.81,3034.7899999999995,2890.7999999999997,3110.7999999999997,,,0.0,0.0,0.0,14,45
2019-03-15 14:50:00,3025.0,3025.5,3023.15,3023.5,3409,2019-03-15,2019,2976.5999999999995,2945.7999999999997,3031.5999999999995,3055.7999999999997,3025.0,2970.0,3012.0,3007.4,3000.7999999999997,2979.7899999999995,2966.81,3021.81,3034.7899999999995,2890.7999999999997,3110.7999999999997,,,0.0,0.0,0.0,14,50
2019-03-15 14:55:00,3023.5,3025.0,3023.0,3023.95,1047,2019-03-15,2019,2976.5999999999995,2945.7999999999997,3031.5999999999995,3055.7999999999997,3025.0,2970.0,3012.0,3007.4,3000.7999999999997,2979.7899999999995,2966.81,3021.81,3034.7899999999995,2890.7999999999997,3110.7999999999997,,,0.0,0.0,0.0,14,55
2019-03-15 15:00:00,3024.0,3031.0,3023.95,3030.0,19931,2019-03-15,2019,2976.5999999999995,2945.7999999999997,3031.5999999999995,3055.7999999999997,3025.0,2970.0,3012.0,3007.4,3000.7999999999997,2979.7899999999995,2966.81,3021.81,3034.7899999999995,2890.7999999999997,3110.7999999999997,,,0.0,0.0,0.0,15,0
2019-03-15 15:05:00,3030.1,3032.2,3021.0,3022.85,29684,2019-03-15,2019,2976.5999999999995,2945.7999999999997,3031.5999999999995,3055.7999999999997,3025.0,2970.0,3012.0,3007.4,3000.7999999999997,2979.7899999999995,2966.81,3021.81,3034.7899999999995,2890.7999999999997,3110.7999999999997,,,0.0,0.0,0.0,15,5
2019-03-15 15:10:00,3022.85,3027.7,3015.0,3017.3,27262,2019-03-15,2019,2976.5999999999995,2945.7999999999997,3031.5999999999995,3055.7999999999997,3025.0,2970.0,3012.0,3007.4,3000.7999999999997,2979.7899999999995,2966.81,3021.81,3034.7899999999995,2890.7999999999997,3110.7999999999997,,,0.0,0.0,0.0,15,10
2019-03-15 15:15:00,3017.3,3027.7,3016.0,3025.5,23138,2019-03-15,2019,2976.5999999999995,2945.7999999999997,3031.5999999999995,3055.7999999999997,3025.0,2970.0,3012.0,3007.4,3000.7999999999997,2979.7899999999995,2966.81,3021.81,3034.7899999999995,2890.7999999999997,3110.7999999999997,,,0.0,0.0,0.0,15,15
2019-03-15 15:20:00,3025.6,3028.0,3020.0,3023.6,25265,2019-03-15,2019,2976.5999999999995,2945.7999999999997,3031.5999999999995,3055.7999999999997,3025.0,2970.0,3012.0,3007.4,3000.7999999999997,2979.7899999999995,2966.81,3021.81,3034.7899999999995,2890.7999999999997,3110.7999999999997,Exit,Sell,3023.6,0.0,0.0,15,20
2019-03-15 15:25:00,3023.75,3026.25,3020.0,3026.0,15871,2019-03-15,2019,2976.5999999999995,2945.7999999999997,3031.5999999999995,3055.7999999999997,3025.0,2970.0,3012.0,3007.4,3000.7999999999997,2979.7899999999995,2966.81,3021.81,3034.7899999999995,2890.7999999999997,3110.7999999999997,,,0.0,0.0,0.0,15,25
2019-03-18 09:15:00,3026.9,3045.0,3023.0,3040.0,19268,2019-03-18,2019,2993.2666666666673,2960.5333333333338,3045.466666666667,3064.9333333333334,3032.2,2980.0,3002.1,3026.0,3012.7333333333336,2992.7929333333336,2980.4737333333337,3032.6737333333335,3044.9929333333334,2908.333333333334,3117.133333333333,,,0.0,0.0,0.0,9,15
2019-03-18 09:20:00,3040.0,3047.8,3036.6,3040.15,7112,2019-03-18,2019,2993.2666666666673,2960.5333333333338,3045.466666666667,3064.9333333333334,3032.2,2980.0,3002.1,3026.0,3012.7333333333336,2992.7929333333336,2980.4737333333337,3032.6737333333335,3044.9929333333334,2908.333333333334,3117.133333333333,,,0.0,0.0,0.0,9,20
2019-03-18 09:25:00,3040.15,3043.0,3031.7,3035.5,7887,2019-03-18,2019,2993.2666666666673,2960.5333333333338,3045.466666666667,3064.9333333333334,3032.2,2980.0,3002.1,3026.0,3012.7333333333336,2992.7929333333336,2980.4737333333337,3032.6737333333335,3044.9929333333334,2908.333333333334,3117.133333333333,,,0.0,0.0,0.0,9,25
2019-03-18 09:30:00,3035.5,3037.45,3032.0,3036.2,4323,2019-03-18,2019,2993.2666666666673,2960.5333333333338,3045.466666666667,3064.9333333333334,3032.2,2980.0,3002.1,3026.0,3012.7333333333336,2992.7929333333336,2980.4737333333337,3032.6737333333335,3044.9929333333334,2908.333333333334,3117.133333333333,,,0.0,0.0,0.0,9,30
2019-03-18 09:35:00,3036.2,3037.95,3032.0,3034.25,2663,2019-03-18,2019,2993.2666666666673,2960.5333333333338,3045.466666666667,3064.9333333333334,3032.2,2980.0,3002.1,3026.0,3012.7333333333336,2992.7929333333336,2980.4737333333337,3032.6737333333335,3044.9929333333334,2908.333333333334,3117.133333333333,,,0.0,0.0,0.0,9,35
2019-03-18 09:40:00,3034.25,3036.0,3030.0,3031.75,2845,2019-03-18,2019,2993.2666666666673,2960.5333333333338,3045.466666666667,3064.9333333333334,3032.2,2980.0,3002.1,3026.0,3012.7333333333336,2992.7929333333336,2980.4737333333337,3032.6737333333335,3044.9929333333334,2908.333333333334,3117.133333333333,,,0.0,0.0,0.0,9,40
2019-03-18 09:45:00,3031.75,3033.8,3030.0,3031.5,2278,2019-03-18,2019,2993.2666666666673,2960.5333333333338,3045.466666666667,3064.9333333333334,3032.2,2980.0,3002.1,3026.0,3012.7333333333336,2992.7929333333336,2980.4737333333337,3032.6737333333335,3044.9929333333334,2908.333333333334,3117.133333333333,,,0.0,0.0,0.0,9,45
2019-03-18 09:50:00,3031.5,3031.5,3024.15,3027.4,9493,2019-03-18,2019,2993.2666666666673,2960.5333333333338,3045.466666666667,3064.9333333333334,3032.2,2980.0,3002.1,3026.0,3012.7333333333336,2992.7929333333336,2980.4737333333337,3032.6737333333335,3044.9929333333334,2908.333333333334,3117.133333333333,,,0.0,0.0,0.0,9,50
2019-03-18 09:55:00,3027.4,3027.4,3019.0,3019.0,10385,2019-03-18,2019,2993.2666666666673,2960.5333333333338,3045.466666666667,3064.9333333333334,3032.2,2980.0,3002.1,3026.0,3012.7333333333336,2992.7929333333336,2980.4737333333337,3032.6737333333335,3044.9929333333334,2908.333333333334,3117.133333333333,Entry,Sell,3019.0,2993.2666666666673,3047.8,9,55
2019-03-18 10:00:00,3019.0,3019.3,3003.0,3010.05,13728,2019-03-18,2019,2993.2666666666673,2960.5333333333338,3045.466666666667,3064.9333333333334,3032.2,2980.0,3002.1,3026.0,3012.7333333333336,2992.7929333333336,2980.4737333333337,3032.6737333333335,3044.9929333333334,2908.333333333334,3117.133333333333,,,0.0,0.0,0.0,10,0
2019-03-18 10:05:00,3010.05,3014.9,3008.0,3009.0,7504,2019-03-18,2019,2993.2666666666673,2960.5333333333338,3045.466666666667,3064.9333333333334,3032.2,2980.0,3002.1,3026.0,3012.7333333333336,2992.7929333333336,2980.4737333333337,3032.6737333333335,3044.9929333333334,2908.333333333334,3117.133333333333,Exit,Buy,3006.924,3030.5977333333335,3003.0,10,5
2019-03-18 10:10:00,3009.0,3014.7,3007.35,3012.05,6367,2019-03-18,2019,2993.2666666666673,2960.5333333333338,3045.466666666667,3064.9333333333334,3032.2,2980.0,3002.1,3026.0,3012.7333333333336,2992.7929333333336,2980.4737333333337,3032.6737333333335,3044.9929333333334,2908.333333333334,3117.133333333333,,,0.0,0.0,0.0,10,10
2019-03-18 10:15:00,3012.05,3020.0,3012.05,3018.2,5917,2019-03-18,2019,2993.2666666666673,2960.5333333333338,3045.466666666667,3064.9333333333334,3032.2,2980.0,3002.1,3026.0,3012.7333333333336,2992.7929333333336,2980.4737333333337,3032.6737333333335,3044.9929333333334,2908.333333333334,3117.133333333333,,,0.0,0.0,0.0,10,15
2019-03-18 10:20:00,3018.7,3020.0,3014.7,3018.95,2700,2019-03-18,2019,2993.2666666666673,2960.5333333333338,3045.466666666667,3064.9333333333334,3032.2,2980.0,3002.1,3026.0,3012.7333333333336,2992.7929333333336,2980.4737333333337,3032.6737333333335,3044.9929333333334,2908.333333333334,3117.133333333333,,,0.0,0.0,0.0,10,20
2019-03-18 10:25:00,3018.95,3019.8,3014.9,3014.9,1973,2019-03-18,2019,2993.2666666666673,2960.5333333333338,3045.466666666667,3064.9333333333334,3032.2,2980.0,3002.1,3026.0,3012.7333333333336,2992.7929333333336,2980.4737333333337,3032.6737333333335,3044.9929333333334,2908.333333333334,3117.133333333333,,,0.0,0.0,0.0,10,25
2019-03-18 10:30:00,3014.0,3017.95,3011.9,3016.05,2066,2019-03-18,2019,2993.2666666666673,2960.5333333333338,3045.466666666667,3064.9333333333334,3032.2,2980.0,3002.1,3026.0,3012.7333333333336,2992.7929333333336,2980.4737333333337,3032.6737333333335,3044.9929333333334,2908.333333333334,3117.133333333333,,,0.0,0.0,0.0,10,30
2019-03-18 10:35:00,3016.05,3016.8,3008.05,3013.0,4306,2019-03-18,2019,2993.2666666666673,2960.5333333333338,3045.466666666667,3064.9333333333334,3032.2,2980.0,3002.1,3026.0,3012.7333333333336,2992.7929333333336,2980.4737333333337,3032.6737333333335,3044.9929333333334,2908.333333333334,3117.133333333333,,,0.0,0.0,0.0,10,35
2019-03-18 10:40:00,3013.0,3015.1,2996.45,3000.0,13515,2019-03-18,2019,2993.2666666666673,2960.5333333333338,3045.466666666667,3064.9333333333334,3032.2,2980.0,3002.1,3026.0,3012.7333333333336,2992.7929333333336,2980.4737333333337,3032.6737333333335,3044.9929333333334,2908.333333333334,3117.133333333333,Exit,Sell,3003.0,2983.4737333333337,3047.8,10,40
2019-03-18 10:45:00,3001.0,3005.65,3000.0,3005.0,7327,2019-03-18,2019,2993.2666666666673,2960.5333333333338,3045.466666666667,3064.9333333333334,3032.2,2980.0,3002.1,3026.0,3012.7333333333336,2992.7929333333336,2980.4737333333337,3032.6737333333335,3044.9929333333334,2908.333333333334,3117.133333333333,,,0.0,0.0,0.0,10,45
2019-03-18 10:50:00,3005.0,3006.0,3001.0,3002.05,3237,2019-03-18,2019,2993.2666666666673,2960.5333333333338,3045.466666666667,3064.9333333333334,3032.2,2980.0,3002.1,3026.0,3012.7333333333336,2992.7929333333336,2980.4737333333337,3032.6737333333335,3044.9929333333334,2908.333333333334,3117.133333333333,,,0.0,0.0,0.0,10,50
2019-03-18 10:55:00,3002.05,3003.9,2998.0,2998.5,6494,2019-03-18,2019,2993.2666666666673,2960.5333333333338,3045.466666666667,3064.9333333333334,3032.2,2980.0,3002.1,3026.0,3012.7333333333336,2992.7929333333336,2980.4737333333337,3032.6737333333335,3044.9929333333334,2908.333333333334,3117.133333333333,,,0.0,0.0,0.0,10,55
2019-03-18 11:00:00,2998.5,3002.0,2998.0,2999.0,4703,2019-03-18,2019,2993.2666666666673,2960.5333333333338,3045.466666666667,3064.9333333333334,3032.2,2980.0,3002.1,3026.0,3012.7333333333336,2992.7929333333336,2980.4737333333337,3032.6737333333335,3044.9929333333334,2908.333333333334,3117.133333333333,,,0.0,0.0,0.0,11,0
2019-03-18 11:05:00,2999.0,3000.0,2993.0,2995.15,5086,2019-03-18,2019,2993.2666666666673,2960.5333333333338,3045.466666666667,3064.9333333333334,3032.2,2980.0,3002.1,3026.0,3012.7333333333336,2992.7929333333336,2980.4737333333337,3032.6737333333335,3044.9929333333334,2908.333333333334,3117.133333333333,,,0.0,0.0,0.0,11,5
2019-03-18 11:10:00,2995.15,3000.0,2994.25,2997.0,3305,2019-03-18,2019,2993.2666666666673,2960.5333333333338,3045.466666666667,3064.9333333333334,3032.2,2980.0,3002.1,3026.0,3012.7333333333336,2992.7929333333336,2980.4737333333337,3032.6737333333335,3044.9929333333334,2908.333333333334,3117.133333333333,,,0.0,0.0,0.0,11,10
2019-03-18 11:15:00,2997.0,2998.9,2993.55,2997.45,1890,2019-03-18,2019,2993.2666666666673,2960.5333333333338,3045.466666666667,3064.9333333333334,3032.2,2980.0,3002.1,3026.0,3012.7333333333336,2992.7929333333336,2980.4737333333337,3032.6737333333335,3044.9929333333334,2908.333333333334,3117.133333333333,,,0.0,0.0,0.0,11,15
2019-03-18 11:20:00,2997.45,3000.0,2996.35,3000.0,1891,2019-03-18,2019,2993.2666666666673,2960.5333333333338,3045.466666666667,3064.9333333333334,3032.2,2980.0,3002.1,3026.0,3012.7333333333336,2992.7929333333336,2980.4737333333337,3032.6737333333335,3044.9929333333334,2908.333333333334,3117.133333333333,,,0.0,0.0,0.0,11,20
2019-03-18 11:25:00,3000.0,3005.65,2999.9,3005.4,8260,2019-03-18,2019,2993.2666666666673,2960.5333333333338,3045.466666666667,3064.9333333333334,3032.2,2980.0,3002.1,3026.0,3012.7333333333336,2992.7929333333336,2980.4737333333337,3032.6737333333335,3044.9929333333334,2908.333333333334,3117.133333333333,,,0.0,0.0,0.0,11,25
2019-03-18 11:30:00,3005.4,3010.0,3004.0,3007.6,6185,2019-03-18,2019,2993.2666666666673,2960.5333333333338,3045.466666666667,3064.9333333333334,3032.2,2980.0,3002.1,3026.0,3012.7333333333336,2992.7929333333336,2980.4737333333337,3032.6737333333335,3044.9929333333334,2908.333333333334,3117.133333333333,,,0.0,0.0,0.0,11,30
2019-03-18 11:35:00,3007.6,3008.0,3004.3,3006.65,5874,2019-03-18,2019,2993.2666666666673,2960.5333333333338,3045.466666666667,3064.9333333333334,3032.2,2980.0,3002.1,3026.0,3012.7333333333336,2992.7929333333336,2980.4737333333337,3032.6737333333335,3044.9929333333334,2908.333333333334,3117.133333333333,,,0.0,0.0,0.0,11,35
2019-03-18 11:40:00,3006.65,3009.0,3005.5,3007.2,1615,2019-03-18,2019,2993.2666666666673,2960.5333333333338,3045.466666666667,3064.9333333333334,3032.2,2980.0,3002.1,3026.0,3012.7333333333336,2992.7929333333336,2980.4737333333337,3032.6737333333335,3044.9929333333334,2908.333333333334,3117.133333333333,,,0.0,0.0,0.0,11,40
2019-03-18 11:45:00,3007.2,3007.7,3006.0,3007.65,2618,2019-03-18,2019,2993.2666666666673,2960.5333333333338,3045.466666666667,3064.9333333333334,3032.2,2980.0,3002.1,3026.0,3012.7333333333336,2992.7929333333336,2980.4737333333337,3032.6737333333335,3044.9929333333334,2908.333333333334,3117.133333333333,,,0.0,0.0,0.0,11,45
2019-03-18 11:50:00,3007.65,3007.65,3004.15,3006.0,9387,2019-03-18,2019,2993.2666666666673,2960.5333333333338,3045.466666666667,3064.9333333333334,3032.2,2980.0,3002.1,3026.0,3012.7333333333336,2992.7929333333336,2980.4737333333337,3032.6737333333335,3044.9929333333334,2908.333333333334,3117.133333333333,,,0.0,0.0,0.0,11,50
2019-03-18 11:55:00,3006.0,3009.0,3006.0,3008.95,4661,2019-03-18,2019,2993.2666666666673,2960.5333333333338,3045.466666666667,3064.9333333333334,3032.2,2980.0,3002.1,3026.0,3012.7333333333336,2992.7929333333336,2980.4737333333337,3032.6737333333335,3044.9929333333334,2908.333333333334,3117.133333333333,,,0.0,0.0,0.0,11,55
2019-03-18 12:00:00,3008.95,3009.0,3005.0,3006.25,3048,2019-03-18,2019,2993.2666666666673,2960.5333333333338,3045.466666666667,3064.9333333333334,3032.2,2980.0,3002.1,3026.0,3012.7333333333336,2992.7929333333336,2980.4737333333337,3032.6737333333335,3044.9929333333334,2908.333333333334,3117.133333333333,,,0.0,0.0,0.0,12,0
2019-03-18 12:05:00,3006.0,3008.55,3005.05,3008.25,4795,2019-03-18,2019,2993.2666666666673,2960.5333333333338,3045.466666666667,3064.9333333333334,3032.2,2980.0,3002.1,3026.0,3012.7333333333336,2992.7929333333336,2980.4737333333337,3032.6737333333335,3044.9929333333334,2908.333333333334,3117.133333333333,,,0.0,0.0,0.0,12,5
2019-03-18 12:10:00,3008.25,3008.25,3006.0,3006.3,1683,2019-03-18,2019,2993.2666666666673,2960.5333333333338,3045.466666666667,3064.9333333333334,3032.2,2980.0,3002.1,3026.0,3012.7333333333336,2992.7929333333336,2980.4737333333337,3032.6737333333335,3044.9929333333334,2908.333333333334,3117.133333333333,,,0.0,0.0,0.0,12,10
2019-03-18 12:15:00,3008.0,3008.0,3006.05,3007.55,1331,2019-03-18,2019,2993.2666666666673,2960.5333333333338,3045.466666666667,3064.9333333333334,3032.2,2980.0,3002.1,3026.0,3012.7333333333336,2992.7929333333336,2980.4737333333337,3032.6737333333335,3044.9929333333334,2908.333333333334,3117.133333333333,,,0.0,0.0,0.0,12,15
2019-03-18 12:20:00,3008.0,3008.25,3006.8,3007.0,1134,2019-03-18,2019,2993.2666666666673,2960.5333333333338,3045.466666666667,3064.9333333333334,3032.2,2980.0,3002.1,3026.0,3012.7333333333336,2992.7929333333336,2980.4737333333337,3032.6737333333335,3044.9929333333334,2908.333333333334,3117.133333333333,,,0.0,0.0,0.0,12,20
2019-03-18 12:25:00,3007.0,3009.0,3006.75,3007.3,1749,2019-03-18,2019,2993.2666666666673,2960.5333333333338,3045.466666666667,3064.9333333333334,3032.2,2980.0,3002.1,3026.0,3012.7333333333336,2992.7929333333336,2980.4737333333337,3032.6737333333335,3044.9929333333334,2908.333333333334,3117.133333333333,,,0.0,0.0,0.0,12,25
2019-03-18 12:30:00,3007.3,3009.0,3006.55,3008.1,1599,2019-03-18,2019,2993.2666666666673,2960.5333333333338,3045.466666666667,3064.9333333333334,3032.2,2980.0,3002.1,3026.0,3012.7333333333336,2992.7929333333336,2980.4737333333337,3032.6737333333335,3044.9929333333334,2908.333333333334,3117.133333333333,,,0.0,0.0,0.0,12,30
2019-03-18 12:35:00,3008.1,3008.45,3006.35,3006.6,1812,2019-03-18,2019,2993.2666666666673,2960.5333333333338,3045.466666666667,3064.9333333333334,3032.2,2980.0,3002.1,3026.0,3012.7333333333336,2992.7929333333336,2980.4737333333337,3032.6737333333335,3044.9929333333334,2908.333333333334,3117.133333333333,,,0.0,0.0,0.0,12,35
2019-03-18 12:40:00,3006.6,3008.35,3006.6,3008.0,699,2019-03-18,2019,2993.2666666666673,2960.5333333333338,3045.466666666667,3064.9333333333334,3032.2,2980.0,3002.1,3026.0,3012.7333333333336,2992.7929333333336,2980.4737333333337,3032.6737333333335,3044.9929333333334,2908.333333333334,3117.133333333333,,,0.0,0.0,0.0,12,40
2019-03-18 12:45:00,3008.0,3008.3,3006.85,3007.4,1143,2019-03-18,2019,2993.2666666666673,2960.5333333333338,3045.466666666667,3064.9333333333334,3032.2,2980.0,3002.1,3026.0,3012.7333333333336,2992.7929333333336,2980.4737333333337,3032.6737333333335,3044.9929333333334,2908.333333333334,3117.133333333333,,,0.0,0.0,0.0,12,45
2019-03-18 12:50:00,3007.4,3008.4,3006.55,3008.4,1997,2019-03-18,2019,2993.2666666666673,2960.5333333333338,3045.466666666667,3064.9333333333334,3032.2,2980.0,3002.1,3026.0,3012.7333333333336,2992.7929333333336,2980.4737333333337,3032.6737333333335,3044.9929333333334,2908.333333333334,3117.133333333333,,,0.0,0.0,0.0,12,50
2019-03-18 12:55:00,3008.4,3009.0,3007.0,3008.95,2004,2019-03-18,2019,2993.2666666666673,2960.5333333333338,3045.466666666667,3064.9333333333334,3032.2,2980.0,3002.1,3026.0,3012.7333333333336,2992.7929333333336,2980.4737333333337,3032.6737333333335,3044.9929333333334,2908.333333333334,3117.133333333333,,,0.0,0.0,0.0,12,55
2019-03-18 13:00:00,3008.95,3008.95,3007.0,3007.15,687,2019-03-18,2019,2993.2666666666673,2960.5333333333338,3045.466666666667,3064.9333333333334,3032.2,2980.0,3002.1,3026.0,3012.7333333333336,2992.7929333333336,2980.4737333333337,3032.6737333333335,3044.9929333333334,2908.333333333334,3117.133333333333,,,0.0,0.0,0.0,13,0
2019-03-18 13:05:00,3007.15,3008.15,3007.0,3008.0,1108,2019-03-18,2019,2993.2666666666673,2960.5333333333338,3045.466666666667,3064.9333333333334,3032.2,2980.0,3002.1,3026.0,3012.7333333333336,2992.7929333333336,2980.4737333333337,3032.6737333333335,3044.9929333333334,2908.333333333334,3117.133333333333,,,0.0,0.0,0.0,13,5
2019-03-18 13:10:00,3008.0,3008.95,3007.0,3008.0,694,2019-03-18,2019,2993.2666666666673,2960.5333333333338,3045.466666666667,3064.9333333333334,3032.2,2980.0,3002.1,3026.0,3012.7333333333336,2992.7929333333336,2980.4737333333337,3032.6737333333335,3044.9929333333334,2908.333333333334,3117.133333333333,,,0.0,0.0,0.0,13,10
2019-03-18 13:15:00,3007.35,3009.0,3007.0,3007.0,2797,2019-03-18,2019,2993.2666666666673,2960.5333333333338,3045.466666666667,3064.9333333333334,3032.2,2980.0,3002.1,3026.0,3012.7333333333336,2992.7929333333336,2980.4737333333337,3032.6737333333335,3044.9929333333334,2908.333333333334,3117.133333333333,,,0.0,0.0,0.0,13,15
2019-03-18 13:20:00,3007.0,3009.75,3007.0,3009.2,1735,2019-03-18,2019,2993.2666666666673,2960.5333333333338,3045.466666666667,3064.9333333333334,3032.2,2980.0,3002.1,3026.0,3012.7333333333336,2992.7929333333336,2980.4737333333337,3032.6737333333335,3044.9929333333334,2908.333333333334,3117.133333333333,,,0.0,0.0,0.0,13,20
2019-03-18 13:25:00,3009.2,3010.0,3008.0,3008.85,1896,2019-03-18,2019,2993.2666666666673,2960.5333333333338,3045.466666666667,3064.9333333333334,3032.2,2980.0,3002.1,3026.0,3012.7333333333336,2992.7929333333336,2980.4737333333337,3032.6737333333335,3044.9929333333334,2908.333333333334,3117.133333333333,,,0.0,0.0,0.0,13,25
2019-03-18 13:30:00,3008.85,3009.0,3007.0,3007.55,1355,2019-03-18,2019,2993.2666666666673,2960.5333333333338,3045.466666666667,3064.9333333333334,3032.2,2980.0,3002.1,3026.0,3012.7333333333336,2992.7929333333336,2980.4737333333337,3032.6737333333335,3044.9929333333334,2908.333333333334,3117.133333333333,,,0.0,0.0,0.0,13,30
2019-03-18 13:35:00,3007.55,3018.9,3007.0,3016.3,5035,2019-03-18,2019,2993.2666666666673,2960.5333333333338,3045.466666666667,3064.9333333333334,3032.2,2980.0,3002.1,3026.0,3012.7333333333336,2992.7929333333336,2980.4737333333337,3032.6737333333335,3044.9929333333334,2908.333333333334,3117.133333333333,,,0.0,0.0,0.0,13,35
2019-03-18 13:40:00,3016.3,3022.0,3014.7,3019.35,6838,2019-03-18,2019,2993.2666666666673,2960.5333333333338,3045.466666666667,3064.9333333333334,3032.2,2980.0,3002.1,3026.0,3012.7333333333336,2992.7929333333336,2980.4737333333337,3032.6737333333335,3044.9929333333334,2908.333333333334,3117.133333333333,,,0.0,0.0,0.0,13,40
2019-03-18 13:45:00,3019.45,3020.5,3015.1,3018.95,3380,2019-03-18,2019,2993.2666666666673,2960.5333333333338,3045.466666666667,3064.9333333333334,3032.2,2980.0,3002.1,3026.0,3012.7333333333336,2992.7929333333336,2980.4737333333337,3032.6737333333335,3044.9929333333334,2908.333333333334,3117.133333333333,,,0.0,0.0,0.0,13,45
2019-03-18 13:50:00,3018.95,3019.0,3017.05,3017.75,1422,2019-03-18,2019,2993.2666666666673,2960.5333333333338,3045.466666666667,3064.9333333333334,3032.2,2980.0,3002.1,3026.0,3012.7333333333336,2992.7929333333336,2980.4737333333337,3032.6737333333335,3044.9929333333334,2908.333333333334,3117.133333333333,,,0.0,0.0,0.0,13,50
2019-03-18 13:55:00,3017.75,3020.0,3017.65,3018.5,5920,2019-03-18,2019,2993.2666666666673,2960.5333333333338,3045.466666666667,3064.9333333333334,3032.2,2980.0,3002.1,3026.0,3012.7333333333336,2992.7929333333336,2980.4737333333337,3032.6737333333335,3044.9929333333334,2908.333333333334,3117.133333333333,,,0.0,0.0,0.0,13,55
2019-03-18 14:00:00,3018.5,3020.1,3017.85,3020.1,1714,2019-03-18,2019,2993.2666666666673,2960.5333333333338,3045.466666666667,3064.9333333333334,3032.2,2980.0,3002.1,3026.0,3012.7333333333336,2992.7929333333336,2980.4737333333337,3032.6737333333335,3044.9929333333334,2908.333333333334,3117.133333333333,,,0.0,0.0,0.0,14,0
2019-03-18 14:05:00,3020.1,3020.1,3018.0,3018.5,1641,2019-03-18,2019,2993.2666666666673,2960.5333333333338,3045.466666666667,3064.9333333333334,3032.2,2980.0,3002.1,3026.0,3012.7333333333336,2992.7929333333336,2980.4737333333337,3032.6737333333335,3044.9929333333334,2908.333333333334,3117.133333333333,,,0.0,0.0,0.0,14,5
2019-03-18 14:10:00,3018.05,3018.5,3018.05,3018.25,1727,2019-03-18,2019,2993.2666666666673,2960.5333333333338,3045.466666666667,3064.9333333333334,3032.2,2980.0,3002.1,3026.0,3012.7333333333336,2992.7929333333336,2980.4737333333337,3032.6737333333335,3044.9929333333334,2908.333333333334,3117.133333333333,,,0.0,0.0,0.0,14,10
2019-03-18 14:15:00,3018.25,3018.25,3009.0,3013.15,6544,2019-03-18,2019,2993.2666666666673,2960.5333333333338,3045.466666666667,3064.9333333333334,3032.2,2980.0,3002.1,3026.0,3012.7333333333336,2992.7929333333336,2980.4737333333337,3032.6737333333335,3044.9929333333334,2908.333333333334,3117.133333333333,,,0.0,0.0,0.0,14,15
2019-03-18 14:20:00,3013.15,3013.6,3010.0,3013.05,1613,2019-03-18,2019,2993.2666666666673,2960.5333333333338,3045.466666666667,3064.9333333333334,3032.2,2980.0,3002.1,3026.0,3012.7333333333336,2992.7929333333336,2980.4737333333337,3032.6737333333335,3044.9929333333334,2908.333333333334,3117.133333333333,,,0.0,0.0,0.0,14,20
2019-03-18 14:25:00,3013.05,3018.5,3012.9,3018.45,1904,2019-03-18,2019,2993.2666666666673,2960.5333333333338,3045.466666666667,3064.9333333333334,3032.2,2980.0,3002.1,3026.0,3012.7333333333336,2992.7929333333336,2980.4737333333337,3032.6737333333335,3044.9929333333334,2908.333333333334,3117.133333333333,,,0.0,0.0,0.0,14,25
2019-03-18 14:30:00,3018.45,3019.0,3014.05,3015.4,2753,2019-03-18,2019,2993.2666666666673,2960.5333333333338,3045.466666666667,3064.9333333333334,3032.2,2980.0,3002.1,3026.0,3012.7333333333336,2992.7929333333336,2980.4737333333337,3032.6737333333335,3044.9929333333334,2908.333333333334,3117.133333333333,,,0.0,0.0,0.0,14,30
2019-03-18 14:35:00,3015.4,3017.95,3012.05,3014.3,2255,2019-03-18,2019,2993.2666666666673,2960.5333333333338,3045.466666666667,3064.9333333333334,3032.2,2980.0,3002.1,3026.0,3012.7333333333336,2992.7929333333336,2980.4737333333337,3032.6737333333335,3044.9929333333334,2908.333333333334,3117.133333333333,,,0.0,0.0,0.0,14,35
2019-03-18 14:40:00,3013.65,3014.4,3010.05,3010.75,2613,2019-03-18,2019,2993.2666666666673,2960.5333333333338,3045.466666666667,3064.9333333333334,3032.2,2980.0,3002.1,3026.0,3012.7333333333336,2992.7929333333336,2980.4737333333337,3032.6737333333335,3044.9929333333334,2908.333333333334,3117.133333333333,,,0.0,0.0,0.0,14,40
2019-03-18 14:45:00,3010.75,3010.75,3007.0,3008.0,4009,2019-03-18,2019,2993.2666666666673,2960.5333333333338,3045.466666666667,3064.9333333333334,3032.2,2980.0,3002.1,3026.0,3012.7333333333336,2992.7929333333336,2980.4737333333337,3032.6737333333335,3044.9929333333334,2908.333333333334,3117.133333333333,,,0.0,0.0,0.0,14,45
2019-03-18 14:50:00,3009.45,3009.45,3000.0,3005.55,11972,2019-03-18,2019,2993.2666666666673,2960.5333333333338,3045.466666666667,3064.9333333333334,3032.2,2980.0,3002.1,3026.0,3012.7333333333336,2992.7929333333336,2980.4737333333337,3032.6737333333335,3044.9929333333334,2908.333333333334,3117.133333333333,,,0.0,0.0,0.0,14,50
2019-03-18 14:55:00,3007.9,3008.95,3002.7,3006.85,2432,2019-03-18,2019,2993.2666666666673,2960.5333333333338,3045.466666666667,3064.9333333333334,3032.2,2980.0,3002.1,3026.0,3012.7333333333336,2992.7929333333336,2980.4737333333337,3032.6737333333335,3044.9929333333334,2908.333333333334,3117.133333333333,,,0.0,0.0,0.0,14,55
2019-03-18 15:00:00,3006.2,3009.95,3005.9,3008.1,4241,2019-03-18,2019,2993.2666666666673,2960.5333333333338,3045.466666666667,3064.9333333333334,3032.2,2980.0,3002.1,3026.0,3012.7333333333336,2992.7929333333336,2980.4737333333337,3032.6737333333335,3044.9929333333334,2908.333333333334,3117.133333333333,,,0.0,0.0,0.0,15,0
2019-03-18 15:05:00,3008.4,3012.0,3007.4,3012.0,6044,2019-03-18,2019,2993.2666666666673,2960.5333333333338,3045.466666666667,3064.9333333333334,3032.2,2980.0,3002.1,3026.0,3012.7333333333336,2992.7929333333336,2980.4737333333337,3032.6737333333335,3044.9929333333334,2908.333333333334,3117.133333333333,,,0.0,0.0,0.0,15,5
2019-03-18 15:10:00,3012.95,3015.0,3001.05,3003.15,14919,2019-03-18,2019,2993.2666666666673,2960.5333333333338,3045.466666666667,3064.9333333333334,3032.2,2980.0,3002.1,3026.0,3012.7333333333336,2992.7929333333336,2980.4737333333337,3032.6737333333335,3044.9929333333334,2908.333333333334,3117.133333333333,,,0.0,0.0,0.0,15,10
2019-03-18 15:15:00,3003.15,3004.05,2995.6,3001.4,8353,2019-03-18,2019,2993.2666666666673,2960.5333333333338,3045.466666666667,3064.9333333333334,3032.2,2980.0,3002.1,3026.0,3012.7333333333336,2992.7929333333336,2980.4737333333337,3032.6737333333335,3044.9929333333334,2908.333333333334,3117.133333333333,,,0.0,0.0,0.0,15,15
2019-03-18 15:20:00,3003.8,3007.45,2992.95,2996.35,9380,2019-03-18,2019,2993.2666666666673,2960.5333333333338,3045.466666666667,3064.9333333333334,3032.2,2980.0,3002.1,3026.0,3012.7333333333336,2992.7929333333336,2980.4737333333337,3032.6737333333335,3044.9929333333334,2908.333333333334,3117.133333333333,Exit,Buy,2996.35,0.0,0.0,15,20
2019-03-18 15:25:00,2997.3,3004.0,2995.55,2999.6,3239,2019-03-18,2019,2993.2666666666673,2960.5333333333338,3045.466666666667,3064.9333333333334,3032.2,2980.0,3002.1,3026.0,3012.7333333333336,2992.7929333333336,2980.4737333333337,3032.6737333333335,3044.9929333333334,2908.333333333334,3117.133333333333,,,0.0,0.0,0.0,15,25
2019-03-19 09:15:00,3008.0,3008.0,2971.05,2975.65,20606,2019-03-19,2019,2979.1000000000004,2958.6,3033.9500000000007,3068.3000000000006,3047.8,2992.95,3026.9,2999.6,3013.4500000000003,2992.4973,2979.5527,3034.4027000000006,3047.3473000000004,2903.7499999999995,3123.150000000001,,,0.0,0.0,0.0,9,15
2019-03-19 09:20:00,2976.15,2982.0,2971.35,2977.0,12576,2019-03-19,2019,2979.1000000000004,2958.6,3033.9500000000007,3068.3000000000006,3047.8,2992.95,3026.9,2999.6,3013.4500000000003,2992.4973,2979.5527,3034.4027000000006,3047.3473000000004,2903.7499999999995,3123.150000000001,,,0.0,0.0,0.0,9,20
2019-03-19 09:25:00,2977.0,2979.95,2961.0,2963.95,17054,2019-03-19,2019,2979.1000000000004,2958.6,3033.9500000000007,3068.3000000000006,3047.8,2992.95,3026.9,2999.6,3013.4500000000003,2992.4973,2979.5527,3034.4027000000006,3047.3473000000004,2903.7499999999995,3123.150000000001,Entry,Sell,2963.95,2903.7499999999995,3008.0,9,25
2019-03-19 09:30:00,2962.3,2969.8,2957.0,2957.1,26351,2019-03-19,2019,2979.1000000000004,2958.6,3033.9500000000007,3068.3000000000006,3047.8,2992.95,3026.9,2999.6,3013.4500000000003,2992.4973,2979.5527,3034.4027000000006,3047.3473000000004,2903.7499999999995,3123.150000000001,,,0.0,0.0,0.0,9,30
2019-03-19 09:35:00,2957.1,2959.95,2950.0,2952.0,20575,2019-03-19,2019,2979.1000000000004,2958.6,3033.9500000000007,3068.3000000000006,3047.8,2992.95,3026.9,2999.6,3013.4500000000003,2992.4973,2979.5527,3034.4027000000006,3047.3473000000004,2903.7499999999995,3123.150000000001,,,0.0,0.0,0.0,9,35
2019-03-19 09:40:00,2950.0,2952.0,2949.0,2949.95,21374,2019-03-19,2019,2979.1000000000004,2958.6,3033.9500000000007,3068.3000000000006,3047.8,2992.95,3026.9,2999.6,3013.4500000000003,2992.4973,2979.5527,3034.4027000000006,3047.3473000000004,2903.7499999999995,3123.150000000001,,,0.0,0.0,0.0,9,40
2019-03-19 09:45:00,2949.95,2954.9,2949.95,2953.1,11263,2019-03-19,2019,2979.1000000000004,2958.6,3033.9500000000007,3068.3000000000006,3047.8,2992.95,3026.9,2999.6,3013.4500000000003,2992.4973,2979.5527,3034.4027000000006,3047.3473000000004,2903.7499999999995,3123.150000000001,Exit,Buy,2952.0942,2978.0942000000005,2949.0,9,45
2019-03-19 09:50:00,2953.1,2954.9,2950.0,2951.95,8726,2019-03-19,2019,2979.1000000000004,2958.6,3033.9500000000007,3068.3000000000006,3047.8,2992.95,3026.9,2999.6,3013.4500000000003,2992.4973,2979.5527,3034.4027000000006,3047.3473000000004,2903.7499999999995,3123.150000000001,,,0.0,0.0,0.0,9,50
2019-03-19 09:55:00,2951.25,2958.4,2951.0,2956.9,7884,2019-03-19,2019,2979.1000000000004,2958.6,3033.9500000000007,3068.3000000000006,3047.8,2992.95,3026.9,2999.6,3013.4500000000003,2992.4973,2979.5527,3034.4027000000006,3047.3473000000004,2903.7499999999995,3123.150000000001,,,0.0,0.0,0.0,9,55
2019-03-19 10:00:00,2956.9,2963.0,2955.6,2957.25,9243,2019-03-19,2019,2979.1000000000004,2958.6,3033.9500000000007,3068.3000000000006,3047.8,2992.95,3026.9,2999.6,3013.4500000000003,2992.4973,2979.5527,3034.4027000000006,3047.3473000000004,2903.7499999999995,3123.150000000001,,,0.0,0.0,0.0,10,0
2019-03-19 10:05:00,2957.6,2957.65,2951.5,2953.35,3279,2019-03-19,2019,2979.1000000000004,2958.6,3033.9500000000007,3068.3000000000006,3047.8,2992.95,3026.9,2999.6,3013.4500000000003,2992.4973,2979.5527,3034.4027000000006,3047.3473000000004,2903.7499999999995,3123.150000000001,,,0.0,0.0,0.0,10,5
2019-03-19 10:10:00,2953.35,2955.4,2950.1,2952.3,6489,2019-03-19,2019,2979.1000000000004,2958.6,3033.9500000000007,3068.3000000000006,3047.8,2992.95,3026.9,2999.6,3013.4500000000003,2992.4973,2979.5527,3034.4027000000006,3047.3473000000004,2903.7499999999995,3123.150000000001,,,0.0,0.0,0.0,10,10
2019-03-19 10:15:00,2953.75,2953.75,2945.0,2945.3,16034,2019-03-19,2019,2979.1000000000004,2958.6,3033.9500000000007,3068.3000000000006,3047.8,2992.95,3026.9,2999.6,3013.4500000000003,2992.4973,2979.5527,3034.4027000000006,3047.3473000000004,2903.7499999999995,3123.150000000001,Exit,Sell,2949.0,2907.4499999999994,3008.0,10,15
2019-03-19 10:20:00,2945.3,2951.0,2945.3,2949.85,11247,2019-03-19,2019,2979.1000000000004,2958.6,3033.9500000000007,3068.3000000000006,3047.8,2992.95,3026.9,2999.6,3013.4500000000003,2992.4973,2979.5527,3034.4027000000006,3047.3473000000004,2903.7499999999995,3123.150000000001,,,0.0,0.0,0.0,10,20
2019-03-19 10:25:00,2949.85,2952.85,2947.2,2952.85,4701,2019-03-19,2019,2979.1000000000004,2958.6,3033.9500000000007,3068.3000000000006,3047.8,2992.95,3026.9,2999.6,3013.4500000000003,2992.4973,2979.5527,3034.4027000000006,3047.3473000000004,2903.7499999999995,3123.150000000001,,,0.0,0.0,0.0,10,25
2019-03-19 10:30:00,2951.6,2951.6,2946.0,2946.55,3811,2019-03-19,2019,2979.1000000000004,2958.6,3033.9500000000007,3068.3000000000006,3047.8,2992.95,3026.9,2999.6,3013.4500000000003,2992.4973,2979.5527,3034.4027000000006,3047.3473000000004,2903.7499999999995,3123.150000000001,,,0.0,0.0,0.0,10,30
2019-03-19 10:35:00,2947.2,2953.35,2946.6,2948.0,4202,2019-03-19,2019,2979.1000000000004,2958.6,3033.9500000000007,3068.3000000000006,3047.8,2992.95,3026.9,2999.6,3013.4500000000003,2992.4973,2979.5527,3034.4027000000006,3047.3473000000004,2903.7499999999995,3123.150000000001,,,0.0,0.0,0.0,10,35
2019-03-19 10:40:00,2948.0,2949.9,2948.0,2948.25,4080,2019-03-19,2019,2979.1000000000004,2958.6,3033.9500000000007,3068.3000000000006,3047.8,2992.95,3026.9,2999.6,3013.4500000000003,2992.4973,2979.5527,3034.4027000000006,3047.3473000000004,2903.7499999999995,3123.150000000001,,,0.0,0.0,0.0,10,40
2019-03-19 10:45:00,2948.3,2956.55,2948.1,2955.85,11808,2019-03-19,2019,2979.1000000000004,2958.6,3033.9500000000007,3068.3000000000006,3047.8,2992.95,3026.9,2999.6,3013.4500000000003,2992.4973,2979.5527,3034.4027000000006,3047.3473000000004,2903.7499999999995,3123.150000000001,,,0.0,0.0,0.0,10,45
2019-03-19 10:50:00,2955.85,2959.8,2954.0,2958.35,8057,2019-03-19,2019,2979.1000000000004,2958.6,3033.9500000000007,3068.3000000000006,3047.8,2992.95,3026.9,2999.6,3013.4500000000003,2992.4973,2979.5527,3034.4027000000006,3047.3473000000004,2903.7499999999995,3123.150000000001,,,0.0,0.0,0.0,10,50
2019-03-19 10:55:00,2959.75,2969.95,2956.3,2964.0,11211,2019-03-19,2019,2979.1000000000004,2958.6,3033.9500000000007,3068.3000000000006,3047.8,2992.95,3026.9,2999.6,3013.4500000000003,2992.4973,2979.5527,3034.4027000000006,3047.3473000000004,2903.7499999999995,3123.150000000001,,,0.0,0.0,0.0,10,55
2019-03-19 11:00:00,2962.95,2971.35,2961.5,2970.55,18211,2019-03-19,2019,2979.1000000000004,2958.6,3033.9500000000007,3068.3000000000006,3047.8,2992.95,3026.9,2999.6,3013.4500000000003,2992.4973,2979.5527,3034.4027000000006,3047.3473000000004,2903.7499999999995,3123.150000000001,,,0.0,0.0,0.0,11,0
2019-03-19 11:05:00,2971.0,2984.0,2970.0,2983.95,21411,2019-03-19,2019,2979.1000000000004,2958.6,3033.9500000000007,3068.3000000000006,3047.8,2992.95,3026.9,2999.6,3013.4500000000003,2992.4973,2979.5527,3034.4027000000006,3047.3473000000004,2903.7499999999995,3123.150000000001,,,0.0,0.0,0.0,11,5
2019-03-19 11:10:00,2984.0,2984.95,2975.95,2980.95,26838,2019-03-19,2019,2979.1000000000004,2958.6,3033.9500000000007,3068.3000000000006,3047.8,2992.95,3026.9,2999.6,3013.4500000000003,2992.4973,2979.5527,3034.4027000000006,3047.3473000000004,2903.7499999999995,3123.150000000001,,,0.0,0.0,0.0,11,10
2019-03-19 11:15:00,2981.0,2983.75,2980.0,2983.7,8481,2019-03-19,2019,2979.1000000000004,2958.6,3033.9500000000007,3068.3000000000006,3047.8,2992.95,3026.9,2999.6,3013.4500000000003,2992.4973,2979.5527,3034.4027000000006,3047.3473000000004,2903.7499999999995,3123.150000000001,,,0.0,0.0,0.0,11,15
2019-03-19 11:20:00,2983.9,2983.95,2980.35,2982.0,4742,2019-03-19,2019,2979.1000000000004,2958.6,3033.9500000000007,3068.3000000000006,3047.8,2992.95,3026.9,2999.6,3013.4500000000003,2992.4973,2979.5527,3034.4027000000006,3047.3473000000004,2903.7499999999995,3123.150000000001,,,0.0,0.0,0.0,11,20
2019-03-19 11:25:00,2982.0,2982.8,2980.0,2981.35,4478,2019-03-19,2019,2979.1000000000004,2958.6,3033.9500000000007,3068.3000000000006,3047.8,2992.95,3026.9,2999.6,3013.4500000000003,2992.4973,2979.5527,3034.4027000000006,3047.3473000000004,2903.7499999999995,3123.150000000001,,,0.0,0.0,0.0,11,25
2019-03-19 11:30:00,2981.35,2981.9,2980.0,2980.4,5762,2019-03-19,2019,2979.1000000000004,2958.6,3033.9500000000007,3068.3000000000006,3047.8,2992.95,3026.9,2999.6,3013.4500000000003,2992.4973,2979.5527,3034.4027000000006,3047.3473000000004,2903.7499999999995,3123.150000000001,,,0.0,0.0,0.0,11,30
2019-03-19 11:35:00,2980.95,2981.9,2980.0,2980.5,3177,2019-03-19,2019,2979.1000000000004,2958.6,3033.9500000000007,3068.3000000000006,3047.8,2992.95,3026.9,2999.6,3013.4500000000003,2992.4973,2979.5527,3034.4027000000006,3047.3473000000004,2903.7499999999995,3123.150000000001,,,0.0,0.0,0.0,11,35
2019-03-19 11:40:00,2980.5,2982.0,2980.0,2980.85,4552,2019-03-19,2019,2979.1000000000004,2958.6,3033.9500000000007,3068.3000000000006,3047.8,2992.95,3026.9,2999.6,3013.4500000000003,2992.4973,2979.5527,3034.4027000000006,3047.3473000000004,2903.7499999999995,3123.150000000001,,,0.0,0.0,0.0,11,40
2019-03-19 11:45:00,2980.85,2982.0,2976.5,2977.05,7794,2019-03-19,2019,2979.1000000000004,2958.6,3033.9500000000007,3068.3000000000006,3047.8,2992.95,3026.9,2999.6,3013.4500000000003,2992.4973,2979.5527,3034.4027000000006,3047.3473000000004,2903.7499999999995,3123.150000000001,,,0.0,0.0,0.0,11,45
2019-03-19 11:50:00,2978.0,2979.35,2976.1,2978.0,7248,2019-03-19,2019,2979.1000000000004,2958.6,3033.9500000000007,3068.3000000000006,3047.8,2992.95,3026.9,2999.6,3013.4500000000003,2992.4973,2979.5527,3034.4027000000006,3047.3473000000004,2903.7499999999995,3123.150000000001,,,0.0,0.0,0.0,11,50
2019-03-19 11:55:00,2978.0,2979.1,2976.0,2977.15,3081,2019-03-19,2019,2979.1000000000004,2958.6,3033.9500000000007,3068.3000000000006,3047.8,2992.95,3026.9,2999.6,3013.4500000000003,2992.4973,2979.5527,3034.4027000000006,3047.3473000000004,2903.7499999999995,3123.150000000001,,,0.0,0.0,0.0,11,55
2019-03-19 12:00:00,2977.15,2978.0,2976.0,2976.1,1777,2019-03-19,2019,2979.1000000000004,2958.6,3033.9500000000007,3068.3000000000006,3047.8,2992.95,3026.9,2999.6,3013.4500000000003,2992.4973,2979.5527,3034.4027000000006,3047.3473000000004,2903.7499999999995,3123.150000000001,,,0.0,0.0,0.0,12,0
2019-03-19 12:05:00,2976.15,2976.9,2975.2,2975.55,1858,2019-03-19,2019,2979.1000000000004,2958.6,3033.9500000000007,3068.3000000000006,3047.8,2992.95,3026.9,2999.6,3013.4500000000003,2992.4973,2979.5527,3034.4027000000006,3047.3473000000004,2903.7499999999995,3123.150000000001,,,0.0,0.0,0.0,12,5
2019-03-19 12:10:00,2976.0,2980.0,2967.4,2973.0,8521,2019-03-19,2019,2979.1000000000004,2958.6,3033.9500000000007,3068.3000000000006,3047.8,2992.95,3026.9,2999.6,3013.4500000000003,2992.4973,2979.5527,3034.4027000000006,3047.3473000000004,2903.7499999999995,3123.150000000001,,,0.0,0.0,0.0,12,10
2019-03-19 12:15:00,2973.0,2973.5,2970.45,2972.0,3651,2019-03-19,2019,2979.1000000000004,2958.6,3033.9500000000007,3068.3000000000006,3047.8,2992.95,3026.9,2999.6,3013.4500000000003,2992.4973,2979.5527,3034.4027000000006,3047.3473000000004,2903.7499999999995,3123.150000000001,,,0.0,0.0,0.0,12,15
2019-03-19 12:20:00,2971.0,2972.75,2969.95,2972.75,4112,2019-03-19,2019,2979.1000000000004,2958.6,3033.9500000000007,3068.3000000000006,3047.8,2992.95,3026.9,2999.6,3013.4500000000003,2992.4973,2979.5527,3034.4027000000006,3047.3473000000004,2903.7499999999995,3123.150000000001,,,0.0,0.0,0.0,12,20
2019-03-19 12:25:00,2972.05,2976.0,2970.55,2975.0,2915,2019-03-19,2019,2979.1000000000004,2958.6,3033.9500000000007,3068.3000000000006,3047.8,2992.95,3026.9,2999.6,3013.4500000000003,2992.4973,2979.5527,3034.4027000000006,3047.3473000000004,2903.7499999999995,3123.150000000001,,,0.0,0.0,0.0,12,25
2019-03-19 12:30:00,2973.15,2975.5,2969.95,2970.5,33811,2019-03-19,2019,2979.1000000000004,2958.6,3033.9500000000007,3068.3000000000006,3047.8,2992.95,3026.9,2999.6,3013.4500000000003,2992.4973,2979.5527,3034.4027000000006,3047.3473000000004,2903.7499999999995,3123.150000000001,,,0.0,0.0,0.0,12,30
2019-03-19 12:35:00,2970.0,2973.6,2969.0,2972.05,1947,2019-03-19,2019,2979.1000000000004,2958.6,3033.9500000000007,3068.3000000000006,3047.8,2992.95,3026.9,2999.6,3013.4500000000003,2992.4973,2979.5527,3034.4027000000006,3047.3473000000004,2903.7499999999995,3123.150000000001,,,0.0,0.0,0.0,12,35
2019-03-19 12:40:00,2972.45,2973.7,2971.9,2972.85,947,2019-03-19,2019,2979.1000000000004,2958.6,3033.9500000000007,3068.3000000000006,3047.8,2992.95,3026.9,2999.6,3013.4500000000003,2992.4973,2979.5527,3034.4027000000006,3047.3473000000004,2903.7499999999995,3123.150000000001,,,0.0,0.0,0.0,12,40
2019-03-19 12:45:00,2972.85,2974.7,2972.05,2973.15,1265,2019-03-19,2019,2979.1000000000004,2958.6,3033.9500000000007,3068.3000000000006,3047.8,2992.95,3026.9,2999.6,3013.4500000000003,2992.4973,2979.5527,3034.4027000000006,3047.3473000000004,2903.7499999999995,3123.150000000001,,,0.0,0.0,0.0,12,45
2019-03-19 12:50:00,2973.15,2973.95,2971.0,2971.05,1267,2019-03-19,2019,2979.1000000000004,2958.6,3033.9500000000007,3068.3000000000006,3047.8,2992.95,3026.9,2999.6,3013.4500000000003,2992.4973,2979.5527,3034.4027000000006,3047.3473000000004,2903.7499999999995,3123.150000000001,,,0.0,0.0,0.0,12,50
2019-03-19 12:55:00,2971.05,2971.05,2970.0,2970.95,1054,2019-03-19,2019,2979.1000000000004,2958.6,3033.9500000000007,3068.3000000000006,3047.8,2992.95,3026.9,2999.6,3013.4500000000003,2992.4973,2979.5527,3034.4027000000006,3047.3473000000004,2903.7499999999995,3123.150000000001,,,0.0,0.0,0.0,12,55
2019-03-19 13:00:00,2970.95,2974.7,2970.0,2973.65,2042,2019-03-19,2019,2979.1000000000004,2958.6,3033.9500000000007,3068.3000000000006,3047.8,2992.95,3026.9,2999.6,3013.4500000000003,2992.4973,2979.5527,3034.4027000000006,3047.3473000000004,2903.7499999999995,3123.150000000001,,,0.0,0.0,0.0,13,0
2019-03-19 13:05:00,2970.65,2973.75,2970.0,2973.7,1566,2019-03-19,2019,2979.1000000000004,2958.6,3033.9500000000007,3068.3000000000006,3047.8,2992.95,3026.9,2999.6,3013.4500000000003,2992.4973,2979.5527,3034.4027000000006,3047.3473000000004,2903.7499999999995,3123.150000000001,,,0.0,0.0,0.0,13,5
2019-03-19 13:10:00,2973.7,2974.9,2972.0,2973.4,1626,2019-03-19,2019,2979.1000000000004,2958.6,3033.9500000000007,3068.3000000000006,3047.8,2992.95,3026.9,2999.6,3013.4500000000003,2992.4973,2979.5527,3034.4027000000006,3047.3473000000004,2903.7499999999995,3123.150000000001,,,0.0,0.0,0.0,13,10
2019-03-19 13:15:00,2973.4,2973.4,2971.0,2971.95,1292,2019-03-19,2019,2979.1000000000004,2958.6,3033.9500000000007,3068.3000000000006,3047.8,2992.95,3026.9,2999.6,3013.4500000000003,2992.4973,2979.5527,3034.4027000000006,3047.3473000000004,2903.7499999999995,3123.150000000001,,,0.0,0.0,0.0,13,15
2019-03-19 13:20:00,2971.95,2972.45,2971.0,2972.35,886,2019-03-19,2019,2979.1000000000004,2958.6,3033.9500000000007,3068.3000000000006,3047.8,2992.95,3026.9,2999.6,3013.4500000000003,2992.4973,2979.5527,3034.4027000000006,3047.3473000000004,2903.7499999999995,3123.150000000001,,,0.0,0.0,0.0,13,20
2019-03-19 13:25:00,2972.35,2979.0,2971.55,2978.95,4747,2019-03-19,2019,2979.1000000000004,2958.6,3033.9500000000007,3068.3000000000006,3047.8,2992.95,3026.9,2999.6,3013.4500000000003,2992.4973,2979.5527,3034.4027000000006,3047.3473000000004,2903.7499999999995,3123.150000000001,,,0.0,0.0,0.0,13,25
2019-03-19 13:30:00,2978.95,2978.95,2975.25,2976.4,1492,2019-03-19,2019,2979.1000000000004,2958.6,3033.9500000000007,3068.3000000000006,3047.8,2992.95,3026.9,2999.6,3013.4500000000003,2992.4973,2979.5527,3034.4027000000006,3047.3473000000004,2903.7499999999995,3123.150000000001,,,0.0,0.0,0.0,13,30
2019-03-19 13:35:00,2976.0,2977.0,2975.0,2975.4,1416,2019-03-19,2019,2979.1000000000004,2958.6,3033.9500000000007,3068.3000000000006,3047.8,2992.95,3026.9,2999.6,3013.4500000000003,2992.4973,2979.5527,3034.4027000000006,3047.3473000000004,2903.7499999999995,3123.150000000001,,,0.0,0.0,0.0,13,35
2019-03-19 13:40:00,2975.15,2975.5,2972.15,2973.65,2618,2019-03-19,2019,2979.1000000000004,2958.6,3033.9500000000007,3068.3000000000006,3047.8,2992.95,3026.9,2999.6,3013.4500000000003,2992.4973,2979.5527,3034.4027000000006,3047.3473000000004,2903.7499999999995,3123.150000000001,,,0.0,0.0,0.0,13,40
2019-03-19 13:45:00,2973.65,2976.8,2973.05,2973.05,2410,2019-03-19,2019,2979.1000000000004,2958.6,3033.9500000000007,3068.3000000000006,3047.8,2992.95,3026.9,2999.6,3013.4500000000003,2992.4973,2979.5527,3034.4027000000006,3047.3473000000004,2903.7499999999995,3123.150000000001,,,0.0,0.0,0.0,13,45
2019-03-19 13:50:00,2973.05,2974.95,2971.3,2974.4,1418,2019-03-19,2019,2979.1000000000004,2958.6,3033.9500000000007,3068.3000000000006,3047.8,2992.95,3026.9,2999.6,3013.4500000000003,2992.4973,2979.5527,3034.4027000000006,3047.3473000000004,2903.7499999999995,3123.150000000001,,,0.0,0.0,0.0,13,50
2019-03-19 13:55:00,2974.0,2978.0,2971.45,2976.1,3256,2019-03-19,2019,2979.1000000000004,2958.6,3033.9500000000007,3068.3000000000006,3047.8,2992.95,3026.9,2999.6,3013.4500000000003,2992.4973,2979.5527,3034.4027000000006,3047.3473000000004,2903.7499999999995,3123.150000000001,,,0.0,0.0,0.0,13,55
2019-03-19 14:00:00,2977.45,2981.0,2976.0,2980.1,6483,2019-03-19,2019,2979.1000000000004,2958.6,3033.9500000000007,3068.3000000000006,3047.8,2992.95,3026.9,2999.6,3013.4500000000003,2992.4973,2979.5527,3034.4027000000006,3047.3473000000004,2903.7499999999995,3123.150000000001,,,0.0,0.0,0.0,14,0
2019-03-19 14:05:00,2980.95,2980.95,2978.0,2978.0,4679,2019-03-19,2019,2979.1000000000004,2958.6,3033.9500000000007,3068.3000000000006,3047.8,2992.95,3026.9,2999.6,3013.4500000000003,2992.4973,2979.5527,3034.4027000000006,3047.3473000000004,2903.7499999999995,3123.150000000001,,,0.0,0.0,0.0,14,5
2019-03-19 14:10:00,2978.0,2980.25,2977.55,2980.0,6610,2019-03-19,2019,2979.1000000000004,2958.6,3033.9500000000007,3068.3000000000006,3047.8,2992.95,3026.9,2999.6,3013.4500000000003,2992.4973,2979.5527,3034.4027000000006,3047.3473000000004,2903.7499999999995,3123.150000000001,,,0.0,0.0,0.0,14,10
2019-03-19 14:15:00,2980.1,2980.1,2977.0,2977.05,1973,2019-03-19,2019,2979.1000000000004,2958.6,3033.9500000000007,3068.3000000000006,3047.8,2992.95,3026.9,2999.6,3013.4500000000003,2992.4973,2979.5527,3034.4027000000006,3047.3473000000004,2903.7499999999995,3123.150000000001,,,0.0,0.0,0.0,14,15
2019-03-19 14:20:00,2978.75,2979.0,2976.5,2976.85,1930,2019-03-19,2019,2979.1000000000004,2958.6,3033.9500000000007,3068.3000000000006,3047.8,2992.95,3026.9,2999.6,3013.4500000000003,2992.4973,2979.5527,3034.4027000000006,3047.3473000000004,2903.7499999999995,3123.150000000001,,,0.0,0.0,0.0,14,20
2019-03-19 14:25:00,2977.1,2978.3,2974.0,2974.0,2036,2019-03-19,2019,2979.1000000000004,2958.6,3033.9500000000007,3068.3000000000006,3047.8,2992.95,3026.9,2999.6,3013.4500000000003,2992.4973,2979.5527,3034.4027000000006,3047.3473000000004,2903.7499999999995,3123.150000000001,,,0.0,0.0,0.0,14,25
2019-03-19 14:30:00,2974.0,2976.0,2972.0,2973.75,3068,2019-03-19,2019,2979.1000000000004,2958.6,3033.9500000000007,3068.3000000000006,3047.8,2992.95,3026.9,2999.6,3013.4500000000003,2992.4973,2979.5527,3034.4027000000006,3047.3473000000004,2903.7499999999995,3123.150000000001,,,0.0,0.0,0.0,14,30
2019-03-19 14:35:00,2975.1,2976.0,2973.0,2973.65,2967,2019-03-19,2019,2979.1000000000004,2958.6,3033.9500000000007,3068.3000000000006,3047.8,2992.95,3026.9,2999.6,3013.4500000000003,2992.4973,2979.5527,3034.4027000000006,3047.3473000000004,2903.7499999999995,3123.150000000001,,,0.0,0.0,0.0,14,35
2019-03-19 14:40:00,2976.25,2976.25,2972.1,2973.5,2741,2019-03-19,2019,2979.1000000000004,2958.6,3033.9500000000007,3068.3000000000006,3047.8,2992.95,3026.9,2999.6,3013.4500000000003,2992.4973,2979.5527,3034.4027000000006,3047.3473000000004,2903.7499999999995,3123.150000000001,,,0.0,0.0,0.0,14,40
2019-03-19 14:45:00,2973.5,2976.0,2972.5,2975.0,2715,2019-03-19,2019,2979.1000000000004,2958.6,3033.9500000000007,3068.3000000000006,3047.8,2992.95,3026.9,2999.6,3013.4500000000003,2992.4973,2979.5527,3034.4027000000006,3047.3473000000004,2903.7499999999995,3123.150000000001,,,0.0,0.0,0.0,14,45
2019-03-19 14:50:00,2975.0,2976.0,2972.0,2975.45,5206,2019-03-19,2019,2979.1000000000004,2958.6,3033.9500000000007,3068.3000000000006,3047.8,2992.95,3026.9,2999.6,3013.4500000000003,2992.4973,2979.5527,3034.4027000000006,3047.3473000000004,2903.7499999999995,3123.150000000001,,,0.0,0.0,0.0,14,50
2019-03-19 14:55:00,2976.0,2978.1,2973.0,2976.05,4243,2019-03-19,2019,2979.1000000000004,2958.6,3033.9500000000007,3068.3000000000006,3047.8,2992.95,3026.9,2999.6,3013.4500000000003,2992.4973,2979.5527,3034.4027000000006,3047.3473000000004,2903.7499999999995,3123.150000000001,,,0.0,0.0,0.0,14,55
2019-03-19 15:00:00,2976.25,2980.0,2973.0,2974.65,6447,2019-03-19,2019,2979.1000000000004,2958.6,3033.9500000000007,3068.3000000000006,3047.8,2992.95,3026.9,2999.6,3013.4500000000003,2992.4973,2979.5527,3034.4027000000006,3047.3473000000004,2903.7499999999995,3123.150000000001,,,0.0,0.0,0.0,15,0
2019-03-19 15:05:00,2974.65,2977.0,2973.0,2975.0,5570,2019-03-19,2019,2979.1000000000004,2958.6,3033.9500000000007,3068.3000000000006,3047.8,2992.95,3026.9,2999.6,3013.4500000000003,2992.4973,2979.5527,3034.4027000000006,3047.3473000000004,2903.7499999999995,3123.150000000001,,,0.0,0.0,0.0,15,5
2019-03-19 15:10:00,2975.35,2976.0,2974.0,2975.05,8631,2019-03-19,2019,2979.1000000000004,2958.6,3033.9500000000007,3068.3000000000006,3047.8,2992.95,3026.9,2999.6,3013.4500000000003,2992.4973,2979.5527,3034.4027000000006,3047.3473000000004,2903.7499999999995,3123.150000000001,,,0.0,0.0,0.0,15,10
2019-03-19 15:15:00,2975.05,2978.8,2973.0,2978.8,14059,2019-03-19,2019,2979.1000000000004,2958.6,3033.9500000000007,3068.3000000000006,3047.8,2992.95,3026.9,2999.6,3013.4500000000003,2992.4973,2979.5527,3034.4027000000006,3047.3473000000004,2903.7499999999995,3123.150000000001,,,0.0,0.0,0.0,15,15
2019-03-19 15:20:00,2978.95,2978.95,2971.55,2972.35,13927,2019-03-19,2019,2979.1000000000004,2958.6,3033.9500000000007,3068.3000000000006,3047.8,2992.95,3026.9,2999.6,3013.4500000000003,2992.4973,2979.5527,3034.4027000000006,3047.3473000000004,2903.7499999999995,3123.150000000001,Exit,Buy,2972.35,0.0,0.0,15,20
2019-03-19 15:25:00,2972.35,2975.0,2966.6,2974.0,7562,2019-03-19,2019,2979.1000000000004,2958.6,3033.9500000000007,3068.3000000000006,3047.8,2992.95,3026.9,2999.6,3013.4500000000003,2992.4973,2979.5527,3034.4027000000006,3047.3473000000004,2903.7499999999995,3123.150000000001,,,0.0,0.0,0.0,15,25
2019-03-20 09:15:00,2969.8,2969.8,2920.05,2924.6,43747,2019-03-20,2019,2943.333333333333,2912.6666666666665,3006.333333333333,3038.6666666666665,3008.0,2945.0,3008.0,2974.0,2975.6666666666665,2951.6006666666667,2936.7326666666663,2999.7326666666663,3014.6006666666667,2849.6666666666665,3101.6666666666665,,,0.0,0.0,0.0,9,15
2019-03-20 09:20:00,2921.65,2933.95,2921.65,2931.5,16410,2019-03-20,2019,2943.333333333333,2912.6666666666665,3006.333333333333,3038.6666666666665,3008.0,2945.0,3008.0,2974.0,2975.6666666666665,2951.6006666666667,2936.7326666666663,2999.7326666666663,3014.6006666666667,2849.6666666666665,3101.6666666666665,,,0.0,0.0,0.0,9,20
2019-03-20 09:25:00,2931.85,2932.9,2929.0,2931.5,13925,2019-03-20,2019,2943.333333333333,2912.6666666666665,3006.333333333333,3038.6666666666665,3008.0,2945.0,3008.0,2974.0,2975.6666666666665,2951.6006666666667,2936.7326666666663,2999.7326666666663,3014.6006666666667,2849.6666666666665,3101.6666666666665,,,0.0,0.0,0.0,9,25
2019-03-20 09:30:00,2931.5,2945.05,2930.05,2945.0,32345,2019-03-20,2019,2943.333333333333,2912.6666666666665,3006.333333333333,3038.6666666666665,3008.0,2945.0,3008.0,2974.0,2975.6666666666665,2951.6006666666667,2936.7326666666663,2999.7326666666663,3014.6006666666667,2849.6666666666665,3101.6666666666665,,,0.0,0.0,0.0,9,30
2019-03-20 09:35:00,2944.75,2947.25,2942.05,2945.0,16621,2019-03-20,2019,2943.333333333333,2912.6666666666665,3006.333333333333,3038.6666666666665,3008.0,2945.0,3008.0,2974.0,2975.6666666666665,2951.6006666666667,2936.7326666666663,2999.7326666666663,3014.6006666666667,2849.6666666666665,3101.6666666666665,,,0.0,0.0,0.0,9,35
2019-03-20 09:40:00,2945.0,2946.0,2939.05,2945.0,18115,2019-03-20,2019,2943.333333333333,2912.6666666666665,3006.333333333333,3038.6666666666665,3008.0,2945.0,3008.0,2974.0,2975.6666666666665,2951.6006666666667,2936.7326666666663,2999.7326666666663,3014.6006666666667,2849.6666666666665,3101.6666666666665,,,0.0,0.0,0.0,9,40
2019-03-20 09:45:00,2945.1,2950.1,2945.0,2950.1,20259,2019-03-20,2019,2943.333333333333,2912.6666666666665,3006.333333333333,3038.6666666666665,3008.0,2945.0,3008.0,2974.0,2975.6666666666665,2951.6006666666667,2936.7326666666663,2999.7326666666663,3014.6006666666667,2849.6666666666665,3101.6666666666665,,,0.0,0.0,0.0,9,45
2019-03-20 09:50:00,2949.05,2953.0,2949.0,2950.1,13925,2019-03-20,2019,2943.333333333333,2912.6666666666665,3006.333333333333,3038.6666666666665,3008.0,2945.0,3008.0,2974.0,2975.6666666666665,2951.6006666666667,2936.7326666666663,2999.7326666666663,3014.6006666666667,2849.6666666666665,3101.6666666666665,,,0.0,0.0,0.0,9,50
2019-03-20 09:55:00,2950.85,2952.65,2947.85,2948.0,16406,2019-03-20,2019,2943.333333333333,2912.6666666666665,3006.333333333333,3038.6666666666665,3008.0,2945.0,3008.0,2974.0,2975.6666666666665,2951.6006666666667,2936.7326666666663,2999.7326666666663,3014.6006666666667,2849.6666666666665,3101.6666666666665,,,0.0,0.0,0.0,9,55
2019-03-20 10:00:00,2948.0,2949.65,2947.95,2948.0,14803,2019-03-20,2019,2943.333333333333,2912.6666666666665,3006.333333333333,3038.6666666666665,3008.0,2945.0,3008.0,2974.0,2975.6666666666665,2951.6006666666667,2936.7326666666663,2999.7326666666663,3014.6006666666667,2849.6666666666665,3101.6666666666665,,,0.0,0.0,0.0,10,0
2019-03-20 10:05:00,2948.0,2950.25,2947.0,2948.0,19918,2019-03-20,2019,2943.333333333333,2912.6666666666665,3006.333333333333,3038.6666666666665,3008.0,2945.0,3008.0,2974.0,2975.6666666666665,2951.6006666666667,2936.7326666666663,2999.7326666666663,3014.6006666666667,2849.6666666666665,3101.6666666666665,,,0.0,0.0,0.0,10,5
2019-03-20 10:10:00,2948.05,2948.95,2947.75,2948.0,9695,2019-03-20,2019,2943.333333333333,2912.6666666666665,3006.333333333333,3038.6666666666665,3008.0,2945.0,3008.0,2974.0,2975.6666666666665,2951.6006666666667,2936.7326666666663,2999.7326666666663,3014.6006666666667,2849.6666666666665,3101.6666666666665,,,0.0,0.0,0.0,10,10
2019-03-20 10:15:00,2948.0,2949.0,2947.75,2948.05,8002,2019-03-20,2019,2943.333333333333,2912.6666666666665,3006.333333333333,3038.6666666666665,3008.0,2945.0,3008.0,2974.0,2975.6666666666665,2951.6006666666667,2936.7326666666663,2999.7326666666663,3014.6006666666667,2849.6666666666665,3101.6666666666665,,,0.0,0.0,0.0,10,15
2019-03-20 10:20:00,2948.0,2948.5,2947.75,2948.0,10602,2019-03-20,2019,2943.333333333333,2912.6666666666665,3006.333333333333,3038.6666666666665,3008.0,2945.0,3008.0,2974.0,2975.6666666666665,2951.6006666666667,2936.7326666666663,2999.7326666666663,3014.6006666666667,2849.6666666666665,3101.6666666666665,,,0.0,0.0,0.0,10,20
2019-03-20 10:25:00,2948.0,2948.95,2947.75,2948.0,10971,2019-03-20,2019,2943.333333333333,2912.6666666666665,3006.333333333333,3038.6666666666665,3008.0,2945.0,3008.0,2974.0,2975.6666666666665,2951.6006666666667,2936.7326666666663,2999.7326666666663,3014.6006666666667,2849.6666666666665,3101.6666666666665,,,0.0,0.0,0.0,10,25
2019-03-20 10:30:00,2948.0,2948.65,2947.75,2948.0,10015,2019-03-20,2019,2943.333333333333,2912.6666666666665,3006.333333333333,3038.6666666666665,3008.0,2945.0,3008.0,2974.0,2975.6666666666665,2951.6006666666667,2936.7326666666663,2999.7326666666663,3014.6006666666667,2849.6666666666665,3101.6666666666665,,,0.0,0.0,0.0,10,30
2019-03-20 10:35:00,2948.0,2948.1,2947.75,2948.0,5771,2019-03-20,2019,2943.333333333333,2912.6666666666665,3006.333333333333,3038.6666666666665,3008.0,2945.0,3008.0,2974.0,2975.6666666666665,2951.6006666666667,2936.7326666666663,2999.7326666666663,3014.6006666666667,2849.6666666666665,3101.6666666666665,,,0.0,0.0,0.0,10,35
2019-03-20 10:40:00,2948.0,2948.05,2947.25,2948.0,6737,2019-03-20,2019,2943.333333333333,2912.6666666666665,3006.333333333333,3038.6666666666665,3008.0,2945.0,3008.0,2974.0,2975.6666666666665,2951.6006666666667,2936.7326666666663,2999.7326666666663,3014.6006666666667,2849.6666666666665,3101.6666666666665,,,0.0,0.0,0.0,10,40
2019-03-20 10:45:00,2948.0,2950.0,2947.05,2948.0,6734,2019-03-20,2019,2943.333333333333,2912.6666666666665,3006.333333333333,3038.6666666666665,3008.0,2945.0,3008.0,2974.0,2975.6666666666665,2951.6006666666667,2936.7326666666663,2999.7326666666663,3014.6006666666667,2849.6666666666665,3101.6666666666665,,,0.0,0.0,0.0,10,45
2019-03-20 10:50:00,2948.0,2949.0,2948.0,2948.0,6018,2019-03-20,2019,2943.333333333333,2912.6666666666665,3006.333333333333,3038.6666666666665,3008.0,2945.0,3008.0,2974.0,2975.6666666666665,2951.6006666666667,2936.7326666666663,2999.7326666666663,3014.6006666666667,2849.6666666666665,3101.6666666666665,,,0.0,0.0,0.0,10,50
2019-03-20 10:55:00,2948.0,2948.05,2935.0,2935.6,15606,2019-03-20,2019,2943.333333333333,2912.6666666666665,3006.333333333333,3038.6666666666665,3008.0,2945.0,3008.0,2974.0,2975.6666666666665,2951.6006666666667,2936.7326666666663,2999.7326666666663,3014.6006666666667,2849.6666666666665,3101.6666666666665,,,0.0,0.0,0.0,10,55
2019-03-20 11:00:00,2936.0,2940.35,2935.0,2940.1,8754,2019-03-20,2019,2943.333333333333,2912.6666666666665,3006.333333333333,3038.6666666666665,3008.0,2945.0,3008.0,2974.0,2975.6666666666665,2951.6006666666667,2936.7326666666663,2999.7326666666663,3014.6006666666667,2849.6666666666665,3101.6666666666665,,,0.0,0.0,0.0,11,0
2019-03-20 11:05:00,2940.1,2940.1,2939.25,2940.05,5255,2019-03-20,2019,2943.333333333333,2912.6666666666665,3006.333333333333,3038.6666666666665,3008.0,2945.0,3008.0,2974.0,2975.6666666666665,2951.6006666666667,2936.7326666666663,2999.7326666666663,3014.6006666666667,2849.6666666666665,3101.6666666666665,,,0.0,0.0,0.0,11,5
2019-03-20 11:10:00,2940.05,2940.4,2940.0,2940.0,5737,2019-03-20,2019,2943.333333333333,2912.6666666666665,3006.333333333333,3038.6666666666665,3008.0,2945.0,3008.0,2974.0,2975.6666666666665,2951.6006666666667,2936.7326666666663,2999.7326666666663,3014.6006666666667,2849.6666666666665,3101.6666666666665,,,0.0,0.0,0.0,11,10
2019-03-20 11:15:00,2940.0,2943.2,2939.25,2943.2,12111,2019-03-20,2019,2943.333333333333,2912.6666666666665,3006.333333333333,3038.6666666666665,3008.0,2945.0,3008.0,2974.0,2975.6666666666665,2951.6006666666667,2936.7326666666663,2999.7326666666663,3014.6006666666667,2849.6666666666665,3101.6666666666665,,,0.0,0.0,0.0,11,15
2019-03-20 11:20:00,2943.2,2943.2,2939.65,2940.3,6350,2019-03-20,2019,2943.333333333333,2912.6666666666665,3006.333333333333,3038.6666666666665,3008.0,2945.0,3008.0,2974.0,2975.6666666666665,2951.6006666666667,2936.7326666666663,2999.7326666666663,3014.6006666666667,2849.6666666666665,3101.6666666666665,,,0.0,0.0,0.0,11,20
2019-03-20 11:25:00,2940.3,2941.05,2940.0,2940.1,4182,2019-03-20,2019,2943.333333333333,2912.6666666666665,3006.333333333333,3038.6666666666665,3008.0,2945.0,3008.0,2974.0,2975.6666666666665,2951.6006666666667,2936.7326666666663,2999.7326666666663,3014.6006666666667,2849.6666666666665,3101.6666666666665,,,0.0,0.0,0.0,11,25
2019-03-20 11:30:00,2940.1,2942.75,2940.0,2942.0,4883,2019-03-20,2019,2943.333333333333,2912.6666666666665,3006.333333333333,3038.6666666666665,3008.0,2945.0,3008.0,2974.0,2975.6666666666665,2951.6006666666667,2936.7326666666663,2999.7326666666663,3014.6006666666667,2849.6666666666665,3101.6666666666665,,,0.0,0.0,0.0,11,30
2019-03-20 11:35:00,2942.0,2943.95,2942.0,2943.0,8091,2019-03-20,2019,2943.333333333333,2912.6666666666665,3006.333333333333,3038.6666666666665,3008.0,2945.0,3008.0,2974.0,2975.6666666666665,2951.6006666666667,2936.7326666666663,2999.7326666666663,3014.6006666666667,2849.6666666666665,3101.6666666666665,,,0.0,0.0,0.0,11,35
2019-03-20 11:40:00,2943.0,2945.95,2943.0,2945.0,5998,2019-03-20,2019,2943.333333333333,2912.6666666666665,3006.333333333333,3038.6666666666665,3008.0,2945.0,3008.0,2974.0,2975.6666666666665,2951.6006666666667,2936.7326666666663,2999.7326666666663,3014.6006666666667,2849.6666666666665,3101.6666666666665,,,0.0,0.0,0.0,11,40
2019-03-20 11:45:00,2945.0,2945.1,2944.0,2945.0,7084,2019-03-20,2019,2943.333333333333,2912.6666666666665,3006.333333333333,3038.6666666666665,3008.0,2945.0,3008.0,2974.0,2975.6666666666665,2951.6006666666667,2936.7326666666663,2999.7326666666663,3014.6006666666667,2849.6666666666665,3101.6666666666665,,,0.0,0.0,0.0,11,45
2019-03-20 11:50:00,2945.0,2945.05,2944.25,2945.0,5455,2019-03-20,2019,2943.333333333333,2912.6666666666665,3006.333333333333,3038.6666666666665,3008.0,2945.0,3008.0,2974.0,2975.6666666666665,2951.6006666666667,2936.7326666666663,2999.7326666666663,3014.6006666666667,2849.6666666666665,3101.6666666666665,,,0.0,0.0,0.0,11,50
2019-03-20 11:55:00,2945.0,2946.3,2944.8,2946.0,5612,2019-03-20,2019,2943.333333333333,2912.6666666666665,3006.333333333333,3038.6666666666665,3008.0,2945.0,3008.0,2974.0,2975.6666666666665,2951.6006666666667,2936.7326666666663,2999.7326666666663,3014.6006666666667,2849.6666666666665,3101.6666666666665,,,0.0,0.0,0.0,11,55
2019-03-20 12:00:00,2946.0,2946.05,2945.25,2946.0,5881,2019-03-20,2019,2943.333333333333,2912.6666666666665,3006.333333333333,3038.6666666666665,3008.0,2945.0,3008.0,2974.0,2975.6666666666665,2951.6006666666667,2936.7326666666663,2999.7326666666663,3014.6006666666667,2849.6666666666665,3101.6666666666665,,,0.0,0.0,0.0,12,0
2019-03-20 12:05:00,2946.0,2946.85,2945.0,2945.05,9921,2019-03-20,2019,2943.333333333333,2912.6666666666665,3006.333333333333,3038.6666666666665,3008.0,2945.0,3008.0,2974.0,2975.6666666666665,2951.6006666666667,2936.7326666666663,2999.7326666666663,3014.6006666666667,2849.6666666666665,3101.6666666666665,,,0.0,0.0,0.0,12,5
2019-03-20 12:10:00,2945.05,2945.05,2944.55,2945.0,8865,2019-03-20,2019,2943.333333333333,2912.6666666666665,3006.333333333333,3038.6666666666665,3008.0,2945.0,3008.0,2974.0,2975.6666666666665,2951.6006666666667,2936.7326666666663,2999.7326666666663,3014.6006666666667,2849.6666666666665,3101.6666666666665,,,0.0,0.0,0.0,12,10
2019-03-20 12:15:00,2945.0,2945.05,2945.0,2945.05,6459,2019-03-20,2019,2943.333333333333,2912.6666666666665,3006.333333333333,3038.6666666666665,3008.0,2945.0,3008.0,2974.0,2975.6666666666665,2951.6006666666667,2936.7326666666663,2999.7326666666663,3014.6006666666667,2849.6666666666665,3101.6666666666665,,,0.0,0.0,0.0,12,15
2019-03-20 12:20:00,2945.05,2945.05,2944.9,2945.0,5566,2019-03-20,2019,2943.333333333333,2912.6666666666665,3006.333333333333,3038.6666666666665,3008.0,2945.0,3008.0,2974.0,2975.6666666666665,2951.6006666666667,2936.7326666666663,2999.7326666666663,3014.6006666666667,2849.6666666666665,3101.6666666666665,,,0.0,0.0,0.0,12,20
2019-03-20 12:25:00,2945.0,2946.9,2945.0,2946.0,8796,2019-03-20,2019,2943.333333333333,2912.6666666666665,3006.333333333333,3038.6666666666665,3008.0,2945.0,3008.0,2974.0,2975.6666666666665,2951.6006666666667,2936.7326666666663,2999.7326666666663,3014.6006666666667,2849.6666666666665,3101.6666666666665,,,0.0,0.0,0.0,12,25
2019-03-20 12:30:00,2946.05,2947.3,2945.0,2946.0,14313,2019-03-20,2019,2943.333333333333,2912.6666666666665,3006.333333333333,3038.6666666666665,3008.0,2945.0,3008.0,2974.0,2975.6666666666665,2951.6006666666667,2936.7326666666663,2999.7326666666663,3014.6006666666667,2849.6666666666665,3101.6666666666665,,,0.0,0.0,0.0,12,30
2019-03-20 12:35:00,2946.0,2946.05,2945.65,2946.05,5472,2019-03-20,2019,2943.333333333333,2912.6666666666665,3006.333333333333,3038.6666666666665,3008.0,2945.0,3008.0,2974.0,2975.6666666666665,2951.6006666666667,2936.7326666666663,2999.7326666666663,3014.6006666666667,2849.6666666666665,3101.6666666666665,,,0.0,0.0,0.0,12,35
2019-03-20 12:40:00,2946.05,2947.35,2946.0,2947.05,6530,2019-03-20,2019,2943.333333333333,2912.6666666666665,3006.333333333333,3038.6666666666665,3008.0,2945.0,3008.0,2974.0,2975.6666666666665,2951.6006666666667,2936.7326666666663,2999.7326666666663,3014.6006666666667,2849.6666666666665,3101.6666666666665,,,0.0,0.0,0.0,12,40
2019-03-20 12:45:00,2947.05,2950.0,2947.0,2950.0,6862,2019-03-20,2019,2943.333333333333,2912.6666666666665,3006.333333333333,3038.6666666666665,3008.0,2945.0,3008.0,2974.0,2975.6666666666665,2951.6006666666667,2936.7326666666663,2999.7326666666663,3014.6006666666667,2849.6666666666665,3101.6666666666665,,,0.0,0.0,0.0,12,45
2019-03-20 12:50:00,2950.0,2950.0,2948.0,2948.0,5206,2019-03-20,2019,2943.333333333333,2912.6666666666665,3006.333333333333,3038.6666666666665,3008.0,2945.0,3008.0,2974.0,2975.6666666666665,2951.6006666666667,2936.7326666666663,2999.7326666666663,3014.6006666666667,2849.6666666666665,3101.6666666666665,,,0.0,0.0,0.0,12,50
2019-03-20 12:55:00,2948.0,2948.0,2945.0,2945.0,9010,2019-03-20,2019,2943.333333333333,2912.6666666666665,3006.333333333333,3038.6666666666665,3008.0,2945.0,3008.0,2974.0,2975.6666666666665,2951.6006666666667,2936.7326666666663,2999.7326666666663,3014.6006666666667,2849.6666666666665,3101.6666666666665,,,0.0,0.0,0.0,12,55
2019-03-20 13:00:00,2945.0,2945.05,2944.9,2945.05,5186,2019-03-20,2019,2943.333333333333,2912.6666666666665,3006.333333333333,3038.6666666666665,3008.0,2945.0,3008.0,2974.0,2975.6666666666665,2951.6006666666667,2936.7326666666663,2999.7326666666663,3014.6006666666667,2849.6666666666665,3101.6666666666665,,,0.0,0.0,0.0,13,0
2019-03-20 13:05:00,2945.0,2946.3,2945.0,2946.05,5341,2019-03-20,2019,2943.333333333333,2912.6666666666665,3006.333333333333,3038.6666666666665,3008.0,2945.0,3008.0,2974.0,2975.6666666666665,2951.6006666666667,2936.7326666666663,2999.7326666666663,3014.6006666666667,2849.6666666666665,3101.6666666666665,,,0.0,0.0,0.0,13,5
2019-03-20 13:10:00,2946.05,2946.85,2945.0,2946.0,9635,2019-03-20,2019,2943.333333333333,2912.6666666666665,3006.333333333333,3038.6666666666665,3008.0,2945.0,3008.0,2974.0,2975.6666666666665,2951.6006666666667,2936.7326666666663,2999.7326666666663,3014.6006666666667,2849.6666666666665,3101.6666666666665,,,0.0,0.0,0.0,13,10
2019-03-20 13:15:00,2946.0,2947.8,2946.0,2947.0,7224,2019-03-20,2019,2943.333333333333,2912.6666666666665,3006.333333333333,3038.6666666666665,3008.0,2945.0,3008.0,2974.0,2975.6666666666665,2951.6006666666667,2936.7326666666663,2999.7326666666663,3014.6006666666667,2849.6666666666665,3101.6666666666665,,,0.0,0.0,0.0,13,15
2019-03-20 13:20:00,2947.0,2947.1,2946.0,2947.0,11779,2019-03-20,2019,2943.333333333333,2912.6666666666665,3006.333333333333,3038.6666666666665,3008.0,2945.0,3008.0,2974.0,2975.6666666666665,2951.6006666666667,2936.7326666666663,2999.7326666666663,3014.6006666666667,2849.6666666666665,3101.6666666666665,,,0.0,0.0,0.0,13,20
2019-03-20 13:25:00,2947.0,2947.05,2946.0,2947.0,9498,2019-03-20,2019,2943.333333333333,2912.6666666666665,3006.333333333333,3038.6666666666665,3008.0,2945.0,3008.0,2974.0,2975.6666666666665,2951.6006666666667,2936.7326666666663,2999.7326666666663,3014.6006666666667,2849.6666666666665,3101.6666666666665,,,0.0,0.0,0.0,13,25
2019-03-20 13:30:00,2947.0,2948.05,2947.0,2947.0,6360,2019-03-20,2019,2943.333333333333,2912.6666666666665,3006.333333333333,3038.6666666666665,3008.0,2945.0,3008.0,2974.0,2975.6666666666665,2951.6006666666667,2936.7326666666663,2999.7326666666663,3014.6006666666667,2849.6666666666665,3101.6666666666665,,,0.0,0.0,0.0,13,30
2019-03-20 13:35:00,2947.0,2949.6,2945.25,2947.55,9983,2019-03-20,2019,2943.333333333333,2912.6666666666665,3006.333333333333,3038.6666666666665,3008.0,2945.0,3008.0,2974.0,2975.6666666666665,2951.6006666666667,2936.7326666666663,2999.7326666666663,3014.6006666666667,2849.6666666666665,3101.6666666666665,,,0.0,0.0,0.0,13,35
2019-03-20 13:40:00,2947.5,2948.45,2944.0,2946.45,33072,2019-03-20,2019,2943.333333333333,2912.6666666666665,3006.333333333333,3038.6666666666665,3008.0,2945.0,3008.0,2974.0,2975.6666666666665,2951.6006666666667,2936.7326666666663,2999.7326666666663,3014.6006666666667,2849.6666666666665,3101.6666666666665,,,0.0,0.0,0.0,13,40
2019-03-20 13:45:00,2946.45,2948.3,2946.0,2947.0,5003,2019-03-20,2019,2943.333333333333,2912.6666666666665,3006.333333333333,3038.6666666666665,3008.0,2945.0,3008.0,2974.0,2975.6666666666665,2951.6006666666667,2936.7326666666663,2999.7326666666663,3014.6006666666667,2849.6666666666665,3101.6666666666665,,,0.0,0.0,0.0,13,45
2019-03-20 13:50:00,2947.0,2947.05,2947.0,2947.0,4991,2019-03-20,2019,2943.333333333333,2912.6666666666665,3006.333333333333,3038.6666666666665,3008.0,2945.0,3008.0,2974.0,2975.6666666666665,2951.6006666666667,2936.7326666666663,2999.7326666666663,3014.6006666666667,2849.6666666666665,3101.6666666666665,,,0.0,0.0,0.0,13,50
2019-03-20 13:55:00,2947.0,2948.55,2947.0,2947.0,5800,2019-03-20,2019,2943.333333333333,2912.6666666666665,3006.333333333333,3038.6666666666665,3008.0,2945.0,3008.0,2974.0,2975.6666666666665,2951.6006666666667,2936.7326666666663,2999.7326666666663,3014.6006666666667,2849.6666666666665,3101.6666666666665,,,0.0,0.0,0.0,13,55
2019-03-20 14:00:00,2947.0,2947.1,2946.6,2947.0,5231,2019-03-20,2019,2943.333333333333,2912.6666666666665,3006.333333333333,3038.6666666666665,3008.0,2945.0,3008.0,2974.0,2975.6666666666665,2951.6006666666667,2936.7326666666663,2999.7326666666663,3014.6006666666667,2849.6666666666665,3101.6666666666665,,,0.0,0.0,0.0,14,0
2019-03-20 14:05:00,2947.0,2947.1,2946.2,2947.0,5389,2019-03-20,2019,2943.333333333333,2912.6666666666665,3006.333333333333,3038.6666666666665,3008.0,2945.0,3008.0,2974.0,2975.6666666666665,2951.6006666666667,2936.7326666666663,2999.7326666666663,3014.6006666666667,2849.6666666666665,3101.6666666666665,,,0.0,0.0,0.0,14,5
2019-03-20 14:10:00,2947.0,2948.0,2946.1,2947.9,6649,2019-03-20,2019,2943.333333333333,2912.6666666666665,3006.333333333333,3038.6666666666665,3008.0,2945.0,3008.0,2974.0,2975.6666666666665,2951.6006666666667,2936.7326666666663,2999.7326666666663,3014.6006666666667,2849.6666666666665,3101.6666666666665,,,0.0,0.0,0.0,14,10
2019-03-20 14:15:00,2948.7,2948.95,2947.9,2948.0,5416,2019-03-20,2019,2943.333333333333,2912.6666666666665,3006.333333333333,3038.6666666666665,3008.0,2945.0,3008.0,2974.0,2975.6666666666665,2951.6006666666667,2936.7326666666663,2999.7326666666663,3014.6006666666667,2849.6666666666665,3101.6666666666665,,,0.0,0.0,0.0,14,15
2019-03-20 14:20:00,2948.1,2948.6,2948.0,2948.05,5651,2019-03-20,2019,2943.333333333333,2912.6666666666665,3006.333333333333,3038.6666666666665,3008.0,2945.0,3008.0,2974.0,2975.6666666666665,2951.6006666666667,2936.7326666666663,2999.7326666666663,3014.6006666666667,2849.6666666666665,3101.6666666666665,,,0.0,0.0,0.0,14,20
2019-03-20 14:25:00,2948.1,2949.05,2948.0,2948.15,8412,2019-03-20,2019,2943.333333333333,2912.6666666666665,3006.333333333333,3038.6666666666665,3008.0,2945.0,3008.0,2974.0,2975.6666666666665,2951.6006666666667,2936.7326666666663,2999.7326666666663,3014.6006666666667,2849.6666666666665,3101.6666666666665,,,0.0,0.0,0.0,14,25
2019-03-20 14:30:00,2949.45,2949.8,2946.1,2947.0,6743,2019-03-20,2019,2943.333333333333,2912.6666666666665,3006.333333333333,3038.6666666666665,3008.0,2945.0,3008.0,2974.0,2975.6666666666665,2951.6006666666667,2936.7326666666663,2999.7326666666663,3014.6006666666667,2849.6666666666665,3101.6666666666665,,,0.0,0.0,0.0,14,30
2019-03-20 14:35:00,2947.6,2948.1,2946.2,2948.0,13027,2019-03-20,2019,2943.333333333333,2912.6666666666665,3006.333333333333,3038.6666666666665,3008.0,2945.0,3008.0,2974.0,2975.6666666666665,2951.6006666666667,2936.7326666666663,2999.7326666666663,3014.6006666666667,2849.6666666666665,3101.6666666666665,,,0.0,0.0,0.0,14,35
2019-03-20 14:40:00,2948.05,2948.05,2948.0,2948.05,9542,2019-03-20,2019,2943.333333333333,2912.6666666666665,3006.333333333333,3038.6666666666665,3008.0,2945.0,3008.0,2974.0,2975.6666666666665,2951.6006666666667,2936.7326666666663,2999.7326666666663,3014.6006666666667,2849.6666666666665,3101.6666666666665,,,0.0,0.0,0.0,14,40
2019-03-20 14:45:00,2948.05,2949.8,2948.0,2948.1,10194,2019-03-20,2019,2943.333333333333,2912.6666666666665,3006.333333333333,3038.6666666666665,3008.0,2945.0,3008.0,2974.0,2975.6666666666665,2951.6006666666667,2936.7326666666663,2999.7326666666663,3014.6006666666667,2849.6666666666665,3101.6666666666665,,,0.0,0.0,0.0,14,45
2019-03-20 14:50:00,2948.8,2948.8,2948.0,2948.05,12072,2019-03-20,2019,2943.333333333333,2912.6666666666665,3006.333333333333,3038.6666666666665,3008.0,2945.0,3008.0,2974.0,2975.6666666666665,2951.6006666666667,2936.7326666666663,2999.7326666666663,3014.6006666666667,2849.6666666666665,3101.6666666666665,,,0.0,0.0,0.0,14,50
2019-03-20 14:55:00,2948.05,2955.0,2948.0,2948.1,46001,2019-03-20,2019,2943.333333333333,2912.6666666666665,3006.333333333333,3038.6666666666665,3008.0,2945.0,3008.0,2974.0,2975.6666666666665,2951.6006666666667,2936.7326666666663,2999.7326666666663,3014.6006666666667,2849.6666666666665,3101.6666666666665,,,0.0,0.0,0.0,14,55
2019-03-20 15:00:00,2948.1,2950.1,2948.0,2948.05,11905,2019-03-20,2019,2943.333333333333,2912.6666666666665,3006.333333333333,3038.6666666666665,3008.0,2945.0,3008.0,2974.0,2975.6666666666665,2951.6006666666667,2936.7326666666663,2999.7326666666663,3014.6006666666667,2849.6666666666665,3101.6666666666665,,,0.0,0.0,0.0,15,0
2019-03-20 15:05:00,2948.05,2950.6,2948.0,2948.3,15678,2019-03-20,2019,2943.333333333333,2912.6666666666665,3006.333333333333,3038.6666666666665,3008.0,2945.0,3008.0,2974.0,2975.6666666666665,2951.6006666666667,2936.7326666666663,2999.7326666666663,3014.6006666666667,2849.6666666666665,3101.6666666666665,,,0.0,0.0,0.0,15,5
2019-03-20 15:10:00,2948.3,2950.0,2948.0,2948.0,15668,2019-03-20,2019,2943.333333333333,2912.6666666666665,3006.333333333333,3038.6666666666665,3008.0,2945.0,3008.0,2974.0,2975.6666666666665,2951.6006666666667,2936.7326666666663,2999.7326666666663,3014.6006666666667,2849.6666666666665,3101.6666666666665,,,0.0,0.0,0.0,15,10
2019-03-20 15:15:00,2948.1,2950.65,2948.0,2948.5,16501,2019-03-20,2019,2943.333333333333,2912.6666666666665,3006.333333333333,3038.6666666666665,3008.0,2945.0,3008.0,2974.0,2975.6666666666665,2951.6006666666667,2936.7326666666663,2999.7326666666663,3014.6006666666667,2849.6666666666665,3101.6666666666665,,,0.0,0.0,0.0,15,15
2019-03-20 15:20:00,2948.55,2949.7,2948.5,2948.55,18221,2019-03-20,2019,2943.333333333333,2912.6666666666665,3006.333333333333,3038.6666666666665,3008.0,2945.0,3008.0,2974.0,2975.6666666666665,2951.6006666666667,2936.7326666666663,2999.7326666666663,3014.6006666666667,2849.6666666666665,3101.6666666666665,,,0.0,0.0,0.0,15,20
2019-03-20 15:25:00,2949.95,2967.0,2948.0,2954.0,18316,2019-03-20,2019,2943.333333333333,2912.6666666666665,3006.333333333333,3038.6666666666665,3008.0,2945.0,3008.0,2974.0,2975.6666666666665,2951.6006666666667,2936.7326666666663,2999.7326666666663,3014.6006666666667,2849.6666666666665,3101.6666666666665,,,0.0,0.0,0.0,15,25
2019-03-22 09:15:00,2961.7,2994.65,2954.0,2981.5,33436,2019-03-22,2019,2926.1000000000004,2898.2000000000003,2975.8500000000004,2997.7000000000003,2969.8,2920.05,2969.8,2954.0,2947.9500000000003,2928.9455000000003,2917.2045000000003,2966.9545000000003,2978.6955000000003,2848.4500000000003,3047.4500000000003,,,0.0,0.0,0.0,9,15
2019-03-22 09:20:00,2982.5,2998.85,2980.75,2985.85,17416,2019-03-22,2019,2926.1000000000004,2898.2000000000003,2975.8500000000004,2997.7000000000003,2969.8,2920.05,2969.8,2954.0,2947.9500000000003,2928.9455000000003,2917.2045000000003,2966.9545000000003,2978.6955000000003,2848.4500000000003,3047.4500000000003,,,0.0,0.0,0.0,9,20
2019-03-22 09:25:00,2988.3,2992.5,2980.0,2980.1,18992,2019-03-22,2019,2926.1000000000004,2898.2000000000003,2975.8500000000004,2997.7000000000003,2969.8,2920.05,2969.8,2954.0,2947.9500000000003,2928.9455000000003,2917.2045000000003,2966.9545000000003,2978.6955000000003,2848.4500000000003,3047.4500000000003,,,0.0,0.0,0.0,9,25
2019-03-22 09:30:00,2980.1,2985.0,2980.0,2983.45,7349,2019-03-22,2019,2926.1000000000004,2898.2000000000003,2975.8500000000004,2997.7000000000003,2969.8,2920.05,2969.8,2954.0,2947.9500000000003,2928.9455000000003,2917.2045000000003,2966.9545000000003,2978.6955000000003,2848.4500000000003,3047.4500000000003,,,0.0,0.0,0.0,9,30
2019-03-22 09:35:00,2983.35,2986.3,2980.9,2981.8,5003,2019-03-22,2019,2926.1000000000004,2898.2000000000003,2975.8500000000004,2997.7000000000003,2969.8,2920.05,2969.8,2954.0,2947.9500000000003,2928.9455000000003,2917.2045000000003,2966.9545000000003,2978.6955000000003,2848.4500000000003,3047.4500000000003,,,0.0,0.0,0.0,9,35
2019-03-22 09:40:00,2981.8,2984.1,2981.7,2982.5,3478,2019-03-22,2019,2926.1000000000004,2898.2000000000003,2975.8500000000004,2997.7000000000003,2969.8,2920.05,2969.8,2954.0,2947.9500000000003,2928.9455000000003,2917.2045000000003,2966.9545000000003,2978.6955000000003,2848.4500000000003,3047.4500000000003,,,0.0,0.0,0.0,9,40
2019-03-22 09:45:00,2982.5,2988.0,2981.0,2987.55,2987,2019-03-22,2019,2926.1000000000004,2898.2000000000003,2975.8500000000004,2997.7000000000003,2969.8,2920.05,2969.8,2954.0,2947.9500000000003,2928.9455000000003,2917.2045000000003,2966.9545000000003,2978.6955000000003,2848.4500000000003,3047.4500000000003,,,0.0,0.0,0.0,9,45
2019-03-22 09:50:00,2988.0,2991.95,2981.0,2983.55,8468,2019-03-22,2019,2926.1000000000004,2898.2000000000003,2975.8500000000004,2997.7000000000003,2969.8,2920.05,2969.8,2954.0,2947.9500000000003,2928.9455000000003,2917.2045000000003,2966.9545000000003,2978.6955000000003,2848.4500000000003,3047.4500000000003,,,0.0,0.0,0.0,9,50
2019-03-22 09:55:00,2983.5,2983.65,2975.0,2975.2,10987,2019-03-22,2019,2926.1000000000004,2898.2000000000003,2975.8500000000004,2997.7000000000003,2969.8,2920.05,2969.8,2954.0,2947.9500000000003,2928.9455000000003,2917.2045000000003,2966.9545000000003,2978.6955000000003,2848.4500000000003,3047.4500000000003,,,0.0,0.0,0.0,9,55
2019-03-22 10:00:00,2975.2,2976.4,2970.0,2971.5,9920,2019-03-22,2019,2926.1000000000004,2898.2000000000003,2975.8500000000004,2997.7000000000003,2969.8,2920.05,2969.8,2954.0,2947.9500000000003,2928.9455000000003,2917.2045000000003,2966.9545000000003,2978.6955000000003,2848.4500000000003,3047.4500000000003,,,0.0,0.0,0.0,10,0
2019-03-22 10:05:00,2972.0,2976.0,2965.0,2966.0,8329,2019-03-22,2019,2926.1000000000004,2898.2000000000003,2975.8500000000004,2997.7000000000003,2969.8,2920.05,2969.8,2954.0,2947.9500000000003,2928.9455000000003,2917.2045000000003,2966.9545000000003,2978.6955000000003,2848.4500000000003,3047.4500000000003,,,0.0,0.0,0.0,10,5
2019-03-22 10:10:00,2965.2,2968.65,2959.5,2959.5,14877,2019-03-22,2019,2926.1000000000004,2898.2000000000003,2975.8500000000004,2997.7000000000003,2969.8,2920.05,2969.8,2954.0,2947.9500000000003,2928.9455000000003,2917.2045000000003,2966.9545000000003,2978.6955000000003,2848.4500000000003,3047.4500000000003,,,0.0,0.0,0.0,10,10
2019-03-22 10:15:00,2958.8,2963.95,2943.05,2954.0,23623,2019-03-22,2019,2926.1000000000004,2898.2000000000003,2975.8500000000004,2997.7000000000003,2969.8,2920.05,2969.8,2954.0,2947.9500000000003,2928.9455000000003,2917.2045000000003,2966.9545000000003,2978.6955000000003,2848.4500000000003,3047.4500000000003,,,0.0,0.0,0.0,10,15
2019-03-22 10:20:00,2954.75,2956.95,2953.0,2955.95,4546,2019-03-22,2019,2926.1000000000004,2898.2000000000003,2975.8500000000004,2997.7000000000003,2969.8,2920.05,2969.8,2954.0,2947.9500000000003,2928.9455000000003,2917.2045000000003,2966.9545000000003,2978.6955000000003,2848.4500000000003,3047.4500000000003,,,0.0,0.0,0.0,10,20
2019-03-22 10:25:00,2955.95,2957.45,2946.9,2952.5,7077,2019-03-22,2019,2926.1000000000004,2898.2000000000003,2975.8500000000004,2997.7000000000003,2969.8,2920.05,2969.8,2954.0,2947.9500000000003,2928.9455000000003,2917.2045000000003,2966.9545000000003,2978.6955000000003,2848.4500000000003,3047.4500000000003,,,0.0,0.0,0.0,10,25
2019-03-22 10:30:00,2952.5,2952.5,2946.0,2948.35,6074,2019-03-22,2019,2926.1000000000004,2898.2000000000003,2975.8500000000004,2997.7000000000003,2969.8,2920.05,2969.8,2954.0,2947.9500000000003,2928.9455000000003,2917.2045000000003,2966.9545000000003,2978.6955000000003,2848.4500000000003,3047.4500000000003,,,0.0,0.0,0.0,10,30
2019-03-22 10:35:00,2948.35,2948.5,2930.05,2935.15,40527,2019-03-22,2019,2926.1000000000004,2898.2000000000003,2975.8500000000004,2997.7000000000003,2969.8,2920.05,2969.8,2954.0,2947.9500000000003,2928.9455000000003,2917.2045000000003,2966.9545000000003,2978.6955000000003,2848.4500000000003,3047.4500000000003,Entry,Sell,2935.15,2917.2045000000003,2998.85,10,35
2019-03-22 10:40:00,2935.0,2940.85,2934.75,2937.25,20134,2019-03-22,2019,2926.1000000000004,2898.2000000000003,2975.8500000000004,2997.7000000000003,2969.8,2920.05,2969.8,2954.0,2947.9500000000003,2928.9455000000003,2917.2045000000003,2966.9545000000003,2978.6955000000003,2848.4500000000003,3047.4500000000003,,,0.0,0.0,0.0,10,40
2019-03-22 10:45:00,2937.25,2938.95,2934.5,2936.3,5568,2019-03-22,2019,2926.1000000000004,2898.2000000000003,2975.8500000000004,2997.7000000000003,2969.8,2920.05,2969.8,2954.0,2947.9500000000003,2928.9455000000003,2917.2045000000003,2966.9545000000003,2978.6955000000003,2848.4500000000003,3047.4500000000003,,,0.0,0.0,0.0,10,45
2019-03-22 10:50:00,2936.3,2946.65,2936.05,2945.0,13510,2019-03-22,2019,2926.1000000000004,2898.2000000000003,2975.8500000000004,2997.7000000000003,2969.8,2920.05,2969.8,2954.0,2947.9500000000003,2928.9455000000003,2917.2045000000003,2966.9545000000003,2978.6955000000003,2848.4500000000003,3047.4500000000003,,,0.0,0.0,0.0,10,50
2019-03-22 10:55:00,2945.0,2952.8,2944.0,2950.0,4971,2019-03-22,2019,2926.1000000000004,2898.2000000000003,2975.8500000000004,2997.7000000000003,2969.8,2920.05,2969.8,2954.0,2947.9500000000003,2928.9455000000003,2917.2045000000003,2966.9545000000003,2978.6955000000003,2848.4500000000003,3047.4500000000003,,,0.0,0.0,0.0,10,55
2019-03-22 11:00:00,2950.0,2952.4,2949.25,2950.0,12066,2019-03-22,2019,2926.1000000000004,2898.2000000000003,2975.8500000000004,2997.7000000000003,2969.8,2920.05,2969.8,2954.0,2947.9500000000003,2928.9455000000003,2917.2045000000003,2966.9545000000003,2978.6955000000003,2848.4500000000003,3047.4500000000003,,,0.0,0.0,0.0,11,0
2019-03-22 11:05:00,2950.0,2955.0,2950.0,2952.65,58922,2019-03-22,2019,2926.1000000000004,2898.2000000000003,2975.8500000000004,2997.7000000000003,2969.8,2920.05,2969.8,2954.0,2947.9500000000003,2928.9455000000003,2917.2045000000003,2966.9545000000003,2978.6955000000003,2848.4500000000003,3047.4500000000003,,,0.0,0.0,0.0,11,5
2019-03-22 11:10:00,2952.65,2955.5,2950.0,2952.0,4070,2019-03-22,2019,2926.1000000000004,2898.2000000000003,2975.8500000000004,2997.7000000000003,2969.8,2920.05,2969.8,2954.0,2947.9500000000003,2928.9455000000003,2917.2045000000003,2966.9545000000003,2978.6955000000003,2848.4500000000003,3047.4500000000003,,,0.0,0.0,0.0,11,10
2019-03-22 11:15:00,2950.15,2952.0,2949.95,2950.0,4262,2019-03-22,2019,2926.1000000000004,2898.2000000000003,2975.8500000000004,2997.7000000000003,2969.8,2920.05,2969.8,2954.0,2947.9500000000003,2928.9455000000003,2917.2045000000003,2966.9545000000003,2978.6955000000003,2848.4500000000003,3047.4500000000003,,,0.0,0.0,0.0,11,15
2019-03-22 11:20:00,2950.0,2951.55,2949.65,2950.05,3066,2019-03-22,2019,2926.1000000000004,2898.2000000000003,2975.8500000000004,2997.7000000000003,2969.8,2920.05,2969.8,2954.0,2947.9500000000003,2928.9455000000003,2917.2045000000003,2966.9545000000003,2978.6955000000003,2848.4500000000003,3047.4500000000003,,,0.0,0.0,0.0,11,20
2019-03-22 11:25:00,2950.05,2953.4,2950.0,2951.05,2344,2019-03-22,2019,2926.1000000000004,2898.2000000000003,2975.8500000000004,2997.7000000000003,2969.8,2920.05,2969.8,2954.0,2947.9500000000003,2928.9455000000003,2917.2045000000003,2966.9545000000003,2978.6955000000003,2848.4500000000003,3047.4500000000003,,,0.0,0.0,0.0,11,25
2019-03-22 11:30:00,2951.0,2952.85,2950.0,2950.35,2128,2019-03-22,2019,2926.1000000000004,2898.2000000000003,2975.8500000000004,2997.7000000000003,2969.8,2920.05,2969.8,2954.0,2947.9500000000003,2928.9455000000003,2917.2045000000003,2966.9545000000003,2978.6955000000003,2848.4500000000003,3047.4500000000003,,,0.0,0.0,0.0,11,30
2019-03-22 11:35:00,2950.35,2954.95,2950.35,2951.95,5221,2019-03-22,2019,2926.1000000000004,2898.2000000000003,2975.8500000000004,2997.7000000000003,2969.8,2920.05,2969.8,2954.0,2947.9500000000003,2928.9455000000003,2917.2045000000003,2966.9545000000003,2978.6955000000003,2848.4500000000003,3047.4500000000003,,,0.0,0.0,0.0,11,35
2019-03-22 11:40:00,2951.95,2953.95,2951.5,2952.0,1997,2019-03-22,2019,2926.1000000000004,2898.2000000000003,2975.8500000000004,2997.7000000000003,2969.8,2920.05,2969.8,2954.0,2947.9500000000003,2928.9455000000003,2917.2045000000003,2966.9545000000003,2978.6955000000003,2848.4500000000003,3047.4500000000003,,,0.0,0.0,0.0,11,40
2019-03-22 11:45:00,2952.0,2952.9,2949.25,2949.25,4702,2019-03-22,2019,2926.1000000000004,2898.2000000000003,2975.8500000000004,2997.7000000000003,2969.8,2920.05,2969.8,2954.0,2947.9500000000003,2928.9455000000003,2917.2045000000003,2966.9545000000003,2978.6955000000003,2848.4500000000003,3047.4500000000003,,,0.0,0.0,0.0,11,45
2019-03-22 11:50:00,2949.25,2951.4,2949.0,2949.0,2403,2019-03-22,2019,2926.1000000000004,2898.2000000000003,2975.8500000000004,2997.7000000000003,2969.8,2920.05,2969.8,2954.0,2947.9500000000003,2928.9455000000003,2917.2045000000003,2966.9545000000003,2978.6955000000003,2848.4500000000003,3047.4500000000003,,,0.0,0.0,0.0,11,50
2019-03-22 11:55:00,2949.05,2950.35,2948.25,2949.0,2471,2019-03-22,2019,2926.1000000000004,2898.2000000000003,2975.8500000000004,2997.7000000000003,2969.8,2920.05,2969.8,2954.0,2947.9500000000003,2928.9455000000003,2917.2045000000003,2966.9545000000003,2978.6955000000003,2848.4500000000003,3047.4500000000003,,,0.0,0.0,0.0,11,55
2019-03-22 12:00:00,2949.0,2949.1,2948.25,2949.1,1722,2019-03-22,2019,2926.1000000000004,2898.2000000000003,2975.8500000000004,2997.7000000000003,2969.8,2920.05,2969.8,2954.0,2947.9500000000003,2928.9455000000003,2917.2045000000003,2966.9545000000003,2978.6955000000003,2848.4500000000003,3047.4500000000003,,,0.0,0.0,0.0,12,0
2019-03-22 12:05:00,2949.05,2950.0,2948.25,2949.0,1599,2019-03-22,2019,2926.1000000000004,2898.2000000000003,2975.8500000000004,2997.7000000000003,2969.8,2920.05,2969.8,2954.0,2947.9500000000003,2928.9455000000003,2917.2045000000003,2966.9545000000003,2978.6955000000003,2848.4500000000003,3047.4500000000003,,,0.0,0.0,0.0,12,5
2019-03-22 12:10:00,2949.0,2950.0,2948.25,2949.0,2210,2019-03-22,2019,2926.1000000000004,2898.2000000000003,2975.8500000000004,2997.7000000000003,2969.8,2920.05,2969.8,2954.0,2947.9500000000003,2928.9455000000003,2917.2045000000003,2966.9545000000003,2978.6955000000003,2848.4500000000003,3047.4500000000003,,,0.0,0.0,0.0,12,10
2019-03-22 12:15:00,2949.0,2951.95,2948.25,2950.0,2333,2019-03-22,2019,2926.1000000000004,2898.2000000000003,2975.8500000000004,2997.7000000000003,2969.8,2920.05,2969.8,2954.0,2947.9500000000003,2928.9455000000003,2917.2045000000003,2966.9545000000003,2978.6955000000003,2848.4500000000003,3047.4500000000003,,,0.0,0.0,0.0,12,15
2019-03-22 12:20:00,2950.0,2953.0,2949.0,2950.35,2547,2019-03-22,2019,2926.1000000000004,2898.2000000000003,2975.8500000000004,2997.7000000000003,2969.8,2920.05,2969.8,2954.0,2947.9500000000003,2928.9455000000003,2917.2045000000003,2966.9545000000003,2978.6955000000003,2848.4500000000003,3047.4500000000003,,,0.0,0.0,0.0,12,20
2019-03-22 12:25:00,2949.5,2951.7,2948.35,2949.1,2340,2019-03-22,2019,2926.1000000000004,2898.2000000000003,2975.8500000000004,2997.7000000000003,2969.8,2920.05,2969.8,2954.0,2947.9500000000003,2928.9455000000003,2917.2045000000003,2966.9545000000003,2978.6955000000003,2848.4500000000003,3047.4500000000003,,,0.0,0.0,0.0,12,25
2019-03-22 12:30:00,2949.1,2953.0,2949.0,2949.75,2482,2019-03-22,2019,2926.1000000000004,2898.2000000000003,2975.8500000000004,2997.7000000000003,2969.8,2920.05,2969.8,2954.0,2947.9500000000003,2928.9455000000003,2917.2045000000003,2966.9545000000003,2978.6955000000003,2848.4500000000003,3047.4500000000003,,,0.0,0.0,0.0,12,30
2019-03-22 12:35:00,2949.75,2952.9,2948.0,2950.0,6704,2019-03-22,2019,2926.1000000000004,2898.2000000000003,2975.8500000000004,2997.7000000000003,2969.8,2920.05,2969.8,2954.0,2947.9500000000003,2928.9455000000003,2917.2045000000003,2966.9545000000003,2978.6955000000003,2848.4500000000003,3047.4500000000003,,,0.0,0.0,0.0,12,35
2019-03-22 12:40:00,2949.95,2950.0,2949.0,2949.0,1530,2019-03-22,2019,2926.1000000000004,2898.2000000000003,2975.8500000000004,2997.7000000000003,2969.8,2920.05,2969.8,2954.0,2947.9500000000003,2928.9455000000003,2917.2045000000003,2966.9545000000003,2978.6955000000003,2848.4500000000003,3047.4500000000003,,,0.0,0.0,0.0,12,40
2019-03-22 12:45:00,2949.0,2951.75,2949.0,2950.0,1661,2019-03-22,2019,2926.1000000000004,2898.2000000000003,2975.8500000000004,2997.7000000000003,2969.8,2920.05,2969.8,2954.0,2947.9500000000003,2928.9455000000003,2917.2045000000003,2966.9545000000003,2978.6955000000003,2848.4500000000003,3047.4500000000003,,,0.0,0.0,0.0,12,45
2019-03-22 12:50:00,2950.0,2952.0,2949.0,2949.5,3164,2019-03-22,2019,2926.1000000000004,2898.2000000000003,2975.8500000000004,2997.7000000000003,2969.8,2920.05,2969.8,2954.0,2947.9500000000003,2928.9455000000003,2917.2045000000003,2966.9545000000003,2978.6955000000003,2848.4500000000003,3047.4500000000003,,,0.0,0.0,0.0,12,50
2019-03-22 12:55:00,2949.5,2951.8,2949.4,2949.55,2015,2019-03-22,2019,2926.1000000000004,2898.2000000000003,2975.8500000000004,2997.7000000000003,2969.8,2920.05,2969.8,2954.0,2947.9500000000003,2928.9455000000003,2917.2045000000003,2966.9545000000003,2978.6955000000003,2848.4500000000003,3047.4500000000003,,,0.0,0.0,0.0,12,55
2019-03-22 13:00:00,2949.55,2952.0,2949.0,2949.25,3029,2019-03-22,2019,2926.1000000000004,2898.2000000000003,2975.8500000000004,2997.7000000000003,2969.8,2920.05,2969.8,2954.0,2947.9500000000003,2928.9455000000003,2917.2045000000003,2966.9545000000003,2978.6955000000003,2848.4500000000003,3047.4500000000003,,,0.0,0.0,0.0,13,0
2019-03-22 13:05:00,2949.25,2956.0,2949.0,2950.35,4799,2019-03-22,2019,2926.1000000000004,2898.2000000000003,2975.8500000000004,2997.7000000000003,2969.8,2920.05,2969.8,2954.0,2947.9500000000003,2928.9455000000003,2917.2045000000003,2966.9545000000003,2978.6955000000003,2848.4500000000003,3047.4500000000003,,,0.0,0.0,0.0,13,5
2019-03-22 13:10:00,2950.35,2952.5,2948.5,2949.05,2465,2019-03-22,2019,2926.1000000000004,2898.2000000000003,2975.8500000000004,2997.7000000000003,2969.8,2920.05,2969.8,2954.0,2947.9500000000003,2928.9455000000003,2917.2045000000003,2966.9545000000003,2978.6955000000003,2848.4500000000003,3047.4500000000003,,,0.0,0.0,0.0,13,10
2019-03-22 13:15:00,2949.05,2951.75,2949.0,2949.15,3850,2019-03-22,2019,2926.1000000000004,2898.2000000000003,2975.8500000000004,2997.7000000000003,2969.8,2920.05,2969.8,2954.0,2947.9500000000003,2928.9455000000003,2917.2045000000003,2966.9545000000003,2978.6955000000003,2848.4500000000003,3047.4500000000003,,,0.0,0.0,0.0,13,15
2019-03-22 13:20:00,2949.1,2951.0,2949.0,2949.0,2076,2019-03-22,2019,2926.1000000000004,2898.2000000000003,2975.8500000000004,2997.7000000000003,2969.8,2920.05,2969.8,2954.0,2947.9500000000003,2928.9455000000003,2917.2045000000003,2966.9545000000003,2978.6955000000003,2848.4500000000003,3047.4500000000003,,,0.0,0.0,0.0,13,20
2019-03-22 13:25:00,2949.0,2950.65,2948.5,2949.0,1914,2019-03-22,2019,2926.1000000000004,2898.2000000000003,2975.8500000000004,2997.7000000000003,2969.8,2920.05,2969.8,2954.0,2947.9500000000003,2928.9455000000003,2917.2045000000003,2966.9545000000003,2978.6955000000003,2848.4500000000003,3047.4500000000003,,,0.0,0.0,0.0,13,25
2019-03-22 13:30:00,2949.0,2953.0,2948.2,2951.1,5154,2019-03-22,2019,2926.1000000000004,2898.2000000000003,2975.8500000000004,2997.7000000000003,2969.8,2920.05,2969.8,2954.0,2947.9500000000003,2928.9455000000003,2917.2045000000003,2966.9545000000003,2978.6955000000003,2848.4500000000003,3047.4500000000003,,,0.0,0.0,0.0,13,30
2019-03-22 13:35:00,2951.1,2954.25,2950.1,2952.05,2566,2019-03-22,2019,2926.1000000000004,2898.2000000000003,2975.8500000000004,2997.7000000000003,2969.8,2920.05,2969.8,2954.0,2947.9500000000003,2928.9455000000003,2917.2045000000003,2966.9545000000003,2978.6955000000003,2848.4500000000003,3047.4500000000003,,,0.0,0.0,0.0,13,35
2019-03-22 13:40:00,2952.05,2954.7,2952.05,2953.25,2844,2019-03-22,2019,2926.1000000000004,2898.2000000000003,2975.8500000000004,2997.7000000000003,2969.8,2920.05,2969.8,2954.0,2947.9500000000003,2928.9455000000003,2917.2045000000003,2966.9545000000003,2978.6955000000003,2848.4500000000003,3047.4500000000003,,,0.0,0.0,0.0,13,40
2019-03-22 13:45:00,2954.0,2954.0,2949.0,2949.1,3559,2019-03-22,2019,2926.1000000000004,2898.2000000000003,2975.8500000000004,2997.7000000000003,2969.8,2920.05,2969.8,2954.0,2947.9500000000003,2928.9455000000003,2917.2045000000003,2966.9545000000003,2978.6955000000003,2848.4500000000003,3047.4500000000003,,,0.0,0.0,0.0,13,45
2019-03-22 13:50:00,2949.1,2950.95,2949.0,2949.65,3398,2019-03-22,2019,2926.1000000000004,2898.2000000000003,2975.8500000000004,2997.7000000000003,2969.8,2920.05,2969.8,2954.0,2947.9500000000003,2928.9455000000003,2917.2045000000003,2966.9545000000003,2978.6955000000003,2848.4500000000003,3047.4500000000003,,,0.0,0.0,0.0,13,50
2019-03-22 13:55:00,2950.8,2950.8,2948.75,2949.0,3780,2019-03-22,2019,2926.1000000000004,2898.2000000000003,2975.8500000000004,2997.7000000000003,2969.8,2920.05,2969.8,2954.0,2947.9500000000003,2928.9455000000003,2917.2045000000003,2966.9545000000003,2978.6955000000003,2848.4500000000003,3047.4500000000003,,,0.0,0.0,0.0,13,55
2019-03-22 14:00:00,2949.0,2949.95,2948.75,2949.95,4162,2019-03-22,2019,2926.1000000000004,2898.2000000000003,2975.8500000000004,2997.7000000000003,2969.8,2920.05,2969.8,2954.0,2947.9500000000003,2928.9455000000003,2917.2045000000003,2966.9545000000003,2978.6955000000003,2848.4500000000003,3047.4500000000003,,,0.0,0.0,0.0,14,0
2019-03-22 14:05:00,2949.95,2949.95,2948.8,2949.45,2121,2019-03-22,2019,2926.1000000000004,2898.2000000000003,2975.8500000000004,2997.7000000000003,2969.8,2920.05,2969.8,2954.0,2947.9500000000003,2928.9455000000003,2917.2045000000003,2966.9545000000003,2978.6955000000003,2848.4500000000003,3047.4500000000003,,,0.0,0.0,0.0,14,5
2019-03-22 14:10:00,2949.45,2949.45,2948.75,2949.0,3439,2019-03-22,2019,2926.1000000000004,2898.2000000000003,2975.8500000000004,2997.7000000000003,2969.8,2920.05,2969.8,2954.0,2947.9500000000003,2928.9455000000003,2917.2045000000003,2966.9545000000003,2978.6955000000003,2848.4500000000003,3047.4500000000003,,,0.0,0.0,0.0,14,10
2019-03-22 14:15:00,2949.0,2951.9,2949.0,2950.95,8202,2019-03-22,2019,2926.1000000000004,2898.2000000000003,2975.8500000000004,2997.7000000000003,2969.8,2920.05,2969.8,2954.0,2947.9500000000003,2928.9455000000003,2917.2045000000003,2966.9545000000003,2978.6955000000003,2848.4500000000003,3047.4500000000003,,,0.0,0.0,0.0,14,15
2019-03-22 14:20:00,2950.95,2952.5,2949.0,2950.95,2051,2019-03-22,2019,2926.1000000000004,2898.2000000000003,2975.8500000000004,2997.7000000000003,2969.8,2920.05,2969.8,2954.0,2947.9500000000003,2928.9455000000003,2917.2045000000003,2966.9545000000003,2978.6955000000003,2848.4500000000003,3047.4500000000003,,,0.0,0.0,0.0,14,20
2019-03-22 14:25:00,2950.95,2950.95,2949.0,2949.05,3262,2019-03-22,2019,2926.1000000000004,2898.2000000000003,2975.8500000000004,2997.7000000000003,2969.8,2920.05,2969.8,2954.0,2947.9500000000003,2928.9455000000003,2917.2045000000003,2966.9545000000003,2978.6955000000003,2848.4500000000003,3047.4500000000003,,,0.0,0.0,0.0,14,25
2019-03-22 14:30:00,2949.05,2950.0,2944.0,2949.0,14415,2019-03-22,2019,2926.1000000000004,2898.2000000000003,2975.8500000000004,2997.7000000000003,2969.8,2920.05,2969.8,2954.0,2947.9500000000003,2928.9455000000003,2917.2045000000003,2966.9545000000003,2978.6955000000003,2848.4500000000003,3047.4500000000003,,,0.0,0.0,0.0,14,30
2019-03-22 14:35:00,2949.0,2950.95,2945.15,2948.7,13134,2019-03-22,2019,2926.1000000000004,2898.2000000000003,2975.8500000000004,2997.7000000000003,2969.8,2920.05,2969.8,2954.0,2947.9500000000003,2928.9455000000003,2917.2045000000003,2966.9545000000003,2978.6955000000003,2848.4500000000003,3047.4500000000003,,,0.0,0.0,0.0,14,35
2019-03-22 14:40:00,2948.7,2948.75,2946.75,2947.7,3132,2019-03-22,2019,2926.1000000000004,2898.2000000000003,2975.8500000000004,2997.7000000000003,2969.8,2920.05,2969.8,2954.0,2947.9500000000003,2928.9455000000003,2917.2045000000003,2966.9545000000003,2978.6955000000003,2848.4500000000003,3047.4500000000003,,,0.0,0.0,0.0,14,40
2019-03-22 14:45:00,2947.7,2948.25,2946.95,2947.1,3065,2019-03-22,2019,2926.1000000000004,2898.2000000000003,2975.8500000000004,2997.7000000000003,2969.8,2920.05,2969.8,2954.0,2947.9500000000003,2928.9455000000003,2917.2045000000003,2966.9545000000003,2978.6955000000003,2848.4500000000003,3047.4500000000003,,,0.0,0.0,0.0,14,45
2019-03-22 14:50:00,2947.1,2950.0,2946.75,2947.35,7659,2019-03-22,2019,2926.1000000000004,2898.2000000000003,2975.8500000000004,2997.7000000000003,2969.8,2920.05,2969.8,2954.0,2947.9500000000003,2928.9455000000003,2917.2045000000003,2966.9545000000003,2978.6955000000003,2848.4500000000003,3047.4500000000003,,,0.0,0.0,0.0,14,50
2019-03-22 14:55:00,2947.35,2948.0,2945.0,2945.0,43088,2019-03-22,2019,2926.1000000000004,2898.2000000000003,2975.8500000000004,2997.7000000000003,2969.8,2920.05,2969.8,2954.0,2947.9500000000003,2928.9455000000003,2917.2045000000003,2966.9545000000003,2978.6955000000003,2848.4500000000003,3047.4500000000003,,,0.0,0.0,0.0,14,55
2019-03-22 15:00:00,2945.05,2948.45,2945.05,2948.45,11359,2019-03-22,2019,2926.1000000000004,2898.2000000000003,2975.8500000000004,2997.7000000000003,2969.8,2920.05,2969.8,2954.0,2947.9500000000003,2928.9455000000003,2917.2045000000003,2966.9545000000003,2978.6955000000003,2848.4500000000003,3047.4500000000003,,,0.0,0.0,0.0,15,0
2019-03-22 15:05:00,2948.45,2955.0,2948.25,2951.95,13425,2019-03-22,2019,2926.1000000000004,2898.2000000000003,2975.8500000000004,2997.7000000000003,2969.8,2920.05,2969.8,2954.0,2947.9500000000003,2928.9455000000003,2917.2045000000003,2966.9545000000003,2978.6955000000003,2848.4500000000003,3047.4500000000003,,,0.0,0.0,0.0,15,5
2019-03-22 15:10:00,2951.8,2954.0,2949.0,2951.0,13048,2019-03-22,2019,2926.1000000000004,2898.2000000000003,2975.8500000000004,2997.7000000000003,2969.8,2920.05,2969.8,2954.0,2947.9500000000003,2928.9455000000003,2917.2045000000003,2966.9545000000003,2978.6955000000003,2848.4500000000003,3047.4500000000003,,,0.0,0.0,0.0,15,10
2019-03-22 15:15:00,2950.95,2953.2,2949.0,2952.0,16497,2019-03-22,2019,2926.1000000000004,2898.2000000000003,2975.8500000000004,2997.7000000000003,2969.8,2920.05,2969.8,2954.0,2947.9500000000003,2928.9455000000003,2917.2045000000003,2966.9545000000003,2978.6955000000003,2848.4500000000003,3047.4500000000003,,,0.0,0.0,0.0,15,15
2019-03-22 15:20:00,2952.45,2953.85,2945.0,2949.55,11215,2019-03-22,2019,2926.1000000000004,2898.2000000000003,2975.8500000000004,2997.7000000000003,2969.8,2920.05,2969.8,2954.0,2947.9500000000003,2928.9455000000003,2917.2045000000003,2966.9545000000003,2978.6955000000003,2848.4500000000003,3047.4500000000003,Exit,Buy,2949.55,0.0,0.0,15,20
2019-03-22 15:25:00,2949.55,2953.6,2935.0,2939.75,7719,2019-03-22,2019,2926.1000000000004,2898.2000000000003,2975.8500000000004,2997.7000000000003,2969.8,2920.05,2969.8,2954.0,2947.9500000000003,2928.9455000000003,2917.2045000000003,2966.9545000000003,2978.6955000000003,2848.4500000000003,3047.4500000000003,,,0.0,0.0,0.0,15,25
2019-03-25 09:15:00,2934.0,2938.0,2915.25,2927.0,13189,2019-03-25,2019,2913.5833333333335,2887.416666666667,2982.383333333333,3025.0166666666664,2998.85,2930.05,2961.7,2939.75,2956.2166666666667,2929.935066666667,2913.6982666666668,2982.4982666666665,2998.7350666666666,2818.6166666666672,3093.816666666666,,,0.0,0.0,0.0,9,15
2019-03-25 09:20:00,2927.0,2939.0,2925.1,2935.85,7453,2019-03-25,2019,2913.5833333333335,2887.416666666667,2982.383333333333,3025.0166666666664,2998.85,2930.05,2961.7,2939.75,2956.2166666666667,2929.935066666667,2913.6982666666668,2982.4982666666665,2998.7350666666666,2818.6166666666672,3093.816666666666,,,0.0,0.0,0.0,9,20
2019-03-25 09:25:00,2935.95,2935.95,2930.0,2932.7,3301,2019-03-25,2019,2913.5833333333335,2887.416666666667,2982.383333333333,3025.0166666666664,2998.85,2930.05,2961.7,2939.75,2956.2166666666667,2929.935066666667,2913.6982666666668,2982.4982666666665,2998.7350666666666,2818.6166666666672,3093.816666666666,,,0.0,0.0,0.0,9,25
2019-03-25 09:30:00,2932.25,2933.6,2930.0,2930.8,2139,2019-03-25,2019,2913.5833333333335,2887.416666666667,2982.383333333333,3025.0166666666664,2998.85,2930.05,2961.7,2939.75,2956.2166666666667,2929.935066666667,2913.6982666666668,2982.4982666666665,2998.7350666666666,2818.6166666666672,3093.816666666666,,,0.0,0.0,0.0,9,30
2019-03-25 09:35:00,2930.15,2932.0,2929.5,2931.7,4064,2019-03-25,2019,2913.5833333333335,2887.416666666667,2982.383333333333,3025.0166666666664,2998.85,2930.05,2961.7,2939.75,2956.2166666666667,2929.935066666667,2913.6982666666668,2982.4982666666665,2998.7350666666666,2818.6166666666672,3093.816666666666,,,0.0,0.0,0.0,9,35
2019-03-25 09:40:00,2931.85,2932.0,2930.0,2931.0,1841,2019-03-25,2019,2913.5833333333335,2887.416666666667,2982.383333333333,3025.0166666666664,2998.85,2930.05,2961.7,2939.75,2956.2166666666667,2929.935066666667,2913.6982666666668,2982.4982666666665,2998.7350666666666,2818.6166666666672,3093.816666666666,,,0.0,0.0,0.0,9,40
2019-03-25 09:45:00,2932.0,2932.0,2930.0,2932.0,2314,2019-03-25,2019,2913.5833333333335,2887.416666666667,2982.383333333333,3025.0166666666664,2998.85,2930.05,2961.7,2939.75,2956.2166666666667,2929.935066666667,2913.6982666666668,2982.4982666666665,2998.7350666666666,2818.6166666666672,3093.816666666666,,,0.0,0.0,0.0,9,45
2019-03-25 09:50:00,2932.0,2936.0,2930.05,2930.1,2973,2019-03-25,2019,2913.5833333333335,2887.416666666667,2982.383333333333,3025.0166666666664,2998.85,2930.05,2961.7,2939.75,2956.2166666666667,2929.935066666667,2913.6982666666668,2982.4982666666665,2998.7350666666666,2818.6166666666672,3093.816666666666,,,0.0,0.0,0.0,9,50
2019-03-25 09:55:00,2931.75,2933.35,2930.0,2932.05,11169,2019-03-25,2019,2913.5833333333335,2887.416666666667,2982.383333333333,3025.0166666666664,2998.85,2930.05,2961.7,2939.75,2956.2166666666667,2929.935066666667,2913.6982666666668,2982.4982666666665,2998.7350666666666,2818.6166666666672,3093.816666666666,,,0.0,0.0,0.0,9,55
2019-03-25 10:00:00,2932.0,2934.9,2930.65,2933.0,11094,2019-03-25,2019,2913.5833333333335,2887.416666666667,2982.383333333333,3025.0166666666664,2998.85,2930.05,2961.7,2939.75,2956.2166666666667,2929.935066666667,2913.6982666666668,2982.4982666666665,2998.7350666666666,2818.6166666666672,3093.816666666666,,,0.0,0.0,0.0,10,0
2019-03-25 10:05:00,2933.0,2943.9,2931.5,2941.0,6914,2019-03-25,2019,2913.5833333333335,2887.416666666667,2982.383333333333,3025.0166666666664,2998.85,2930.05,2961.7,2939.75,2956.2166666666667,2929.935066666667,2913.6982666666668,2982.4982666666665,2998.7350666666666,2818.6166666666672,3093.816666666666,Entry,Buy,2941.0,2956.2166666666667,2915.25,10,5
2019-03-25 10:10:00,2941.95,2947.0,2940.0,2943.0,5757,2019-03-25,2019,2913.5833333333335,2887.416666666667,2982.383333333333,3025.0166666666664,2998.85,2930.05,2961.7,2939.75,2956.2166666666667,2929.935066666667,2913.6982666666668,2982.4982666666665,2998.7350666666666,2818.6166666666672,3093.816666666666,,,0.0,0.0,0.0,10,10
2019-03-25 10:15:00,2943.0,2944.0,2940.9,2943.5,2464,2019-03-25,2019,2913.5833333333335,2887.416666666667,2982.383333333333,3025.0166666666664,2998.85,2930.05,2961.7,2939.75,2956.2166666666667,2929.935066666667,2913.6982666666668,2982.4982666666665,2998.7350666666666,2818.6166666666672,3093.816666666666,,,0.0,0.0,0.0,10,15
2019-03-25 10:20:00,2943.5,2950.0,2942.1,2950.0,4876,2019-03-25,2019,2913.5833333333335,2887.416666666667,2982.383333333333,3025.0166666666664,2998.85,2930.05,2961.7,2939.75,2956.2166666666667,2929.935066666667,2913.6982666666668,2982.4982666666665,2998.7350666666666,2818.6166666666672,3093.816666666666,,,0.0,0.0,0.0,10,20
2019-03-25 10:25:00,2950.3,2956.3,2949.15,2952.85,7969,2019-03-25,2019,2913.5833333333335,2887.416666666667,2982.383333333333,3025.0166666666664,2998.85,2930.05,2961.7,2939.75,2956.2166666666667,2929.935066666667,2913.6982666666668,2982.4982666666665,2998.7350666666666,2818.6166666666672,3093.816666666666,Exit,Sell,2956.2166666666667,0.0,0.0,10,25
2019-03-25 10:30:00,2954.5,2963.0,2951.75,2959.95,12757,2019-03-25,2019,2913.5833333333335,2887.416666666667,2982.383333333333,3025.0166666666664,2998.85,2930.05,2961.7,2939.75,2956.2166666666667,2929.935066666667,2913.6982666666668,2982.4982666666665,2998.7350666666666,2818.6166666666672,3093.816666666666,,,0.0,0.0,0.0,10,30
2019-03-25 10:35:00,2959.95,2960.0,2955.2,2956.15,3998,2019-03-25,2019,2913.5833333333335,2887.416666666667,2982.383333333333,3025.0166666666664,2998.85,2930.05,2961.7,2939.75,2956.2166666666667,2929.935066666667,2913.6982666666668,2982.4982666666665,2998.7350666666666,2818.6166666666672,3093.816666666666,,,0.0,0.0,0.0,10,35
2019-03-25 10:40:00,2956.0,2958.0,2955.05,2956.9,2865,2019-03-25,2019,2913.5833333333335,2887.416666666667,2982.383333333333,3025.0166666666664,2998.85,2930.05,2961.7,2939.75,2956.2166666666667,2929.935066666667,2913.6982666666668,2982.4982666666665,2998.7350666666666,2818.6166666666672,3093.816666666666,,,0.0,0.0,0.0,10,40
2019-03-25 10:45:00,2955.2,2956.9,2946.5,2950.9,4487,2019-03-25,2019,2913.5833333333335,2887.416666666667,2982.383333333333,3025.0166666666664,2998.85,2930.05,2961.7,2939.75,2956.2166666666667,2929.935066666667,2913.6982666666668,2982.4982666666665,2998.7350666666666,2818.6166666666672,3093.816666666666,,,0.0,0.0,0.0,10,45
2019-03-25 10:50:00,2949.0,2950.85,2941.0,2944.6,4213,2019-03-25,2019,2913.5833333333335,2887.416666666667,2982.383333333333,3025.0166666666664,2998.85,2930.05,2961.7,2939.75,2956.2166666666667,2929.935066666667,2913.6982666666668,2982.4982666666665,2998.7350666666666,2818.6166666666672,3093.816666666666,,,0.0,0.0,0.0,10,50
2019-03-25 10:55:00,2944.45,2945.95,2942.3,2945.55,1634,2019-03-25,2019,2913.5833333333335,2887.416666666667,2982.383333333333,3025.0166666666664,2998.85,2930.05,2961.7,2939.75,2956.2166666666667,2929.935066666667,2913.6982666666668,2982.4982666666665,2998.7350666666666,2818.6166666666672,3093.816666666666,,,0.0,0.0,0.0,10,55
2019-03-25 11:00:00,2945.75,2948.35,2943.3,2948.35,1279,2019-03-25,2019,2913.5833333333335,2887.416666666667,2982.383333333333,3025.0166666666664,2998.85,2930.05,2961.7,2939.75,2956.2166666666667,2929.935066666667,2913.6982666666668,2982.4982666666665,2998.7350666666666,2818.6166666666672,3093.816666666666,,,0.0,0.0,0.0,11,0
2019-03-25 11:05:00,2948.35,2948.9,2946.1,2947.9,2635,2019-03-25,2019,2913.5833333333335,2887.416666666667,2982.383333333333,3025.0166666666664,2998.85,2930.05,2961.7,2939.75,2956.2166666666667,2929.935066666667,2913.6982666666668,2982.4982666666665,2998.7350666666666,2818.6166666666672,3093.816666666666,,,0.0,0.0,0.0,11,5
2019-03-25 11:10:00,2948.0,2948.0,2942.0,2942.95,1334,2019-03-25,2019,2913.5833333333335,2887.416666666667,2982.383333333333,3025.0166666666664,2998.85,2930.05,2961.7,2939.75,2956.2166666666667,2929.935066666667,2913.6982666666668,2982.4982666666665,2998.7350666666666,2818.6166666666672,3093.816666666666,,,0.0,0.0,0.0,11,10
2019-03-25 11:15:00,2942.95,2943.0,2940.0,2940.1,2456,2019-03-25,2019,2913.5833333333335,2887.416666666667,2982.383333333333,3025.0166666666664,2998.85,2930.05,2961.7,2939.75,2956.2166666666667,2929.935066666667,2913.6982666666668,2982.4982666666665,2998.7350666666666,2818.6166666666672,3093.816666666666,,,0.0,0.0,0.0,11,15
2019-03-25 11:20:00,2940.1,2941.9,2940.0,2940.0,1355,2019-03-25,2019,2913.5833333333335,2887.416666666667,2982.383333333333,3025.0166666666664,2998.85,2930.05,2961.7,2939.75,2956.2166666666667,2929.935066666667,2913.6982666666668,2982.4982666666665,2998.7350666666666,2818.6166666666672,3093.816666666666,,,0.0,0.0,0.0,11,20
2019-03-25 11:25:00,2940.95,2942.45,2939.0,2941.65,4157,2019-03-25,2019,2913.5833333333335,2887.416666666667,2982.383333333333,3025.0166666666664,2998.85,2930.05,2961.7,2939.75,2956.2166666666667,2929.935066666667,2913.6982666666668,2982.4982666666665,2998.7350666666666,2818.6166666666672,3093.816666666666,,,0.0,0.0,0.0,11,25
2019-03-25 11:30:00,2941.65,2944.0,2940.0,2942.15,906,2019-03-25,2019,2913.5833333333335,2887.416666666667,2982.383333333333,3025.0166666666664,2998.85,2930.05,2961.7,2939.75,2956.2166666666667,2929.935066666667,2913.6982666666668,2982.4982666666665,2998.7350666666666,2818.6166666666672,3093.816666666666,,,0.0,0.0,0.0,11,30
2019-03-25 11:35:00,2942.15,2948.4,2940.25,2943.8,2163,2019-03-25,2019,2913.5833333333335,2887.416666666667,2982.383333333333,3025.0166666666664,2998.85,2930.05,2961.7,2939.75,2956.2166666666667,2929.935066666667,2913.6982666666668,2982.4982666666665,2998.7350666666666,2818.6166666666672,3093.816666666666,,,0.0,0.0,0.0,11,35
2019-03-25 11:40:00,2944.8,2947.35,2942.8,2946.5,1605,2019-03-25,2019,2913.5833333333335,2887.416666666667,2982.383333333333,3025.0166666666664,2998.85,2930.05,2961.7,2939.75,2956.2166666666667,2929.935066666667,2913.6982666666668,2982.4982666666665,2998.7350666666666,2818.6166666666672,3093.816666666666,,,0.0,0.0,0.0,11,40
2019-03-25 11:45:00,2946.5,2946.5,2943.8,2945.95,819,2019-03-25,2019,2913.5833333333335,2887.416666666667,2982.383333333333,3025.0166666666664,2998.85,2930.05,2961.7,2939.75,2956.2166666666667,2929.935066666667,2913.6982666666668,2982.4982666666665,2998.7350666666666,2818.6166666666672,3093.816666666666,,,0.0,0.0,0.0,11,45
2019-03-25 11:50:00,2945.95,2945.95,2942.5,2945.45,1203,2019-03-25,2019,2913.5833333333335,2887.416666666667,2982.383333333333,3025.0166666666664,2998.85,2930.05,2961.7,2939.75,2956.2166666666667,2929.935066666667,2913.6982666666668,2982.4982666666665,2998.7350666666666,2818.6166666666672,3093.816666666666,,,0.0,0.0,0.0,11,50
2019-03-25 11:55:00,2945.45,2945.45,2943.3,2945.3,823,2019-03-25,2019,2913.5833333333335,2887.416666666667,2982.383333333333,3025.0166666666664,2998.85,2930.05,2961.7,2939.75,2956.2166666666667,2929.935066666667,2913.6982666666668,2982.4982666666665,2998.7350666666666,2818.6166666666672,3093.816666666666,,,0.0,0.0,0.0,11,55
2019-03-25 12:00:00,2945.3,2945.45,2943.0,2945.45,1109,2019-03-25,2019,2913.5833333333335,2887.416666666667,2982.383333333333,3025.0166666666664,2998.85,2930.05,2961.7,2939.75,2956.2166666666667,2929.935066666667,2913.6982666666668,2982.4982666666665,2998.7350666666666,2818.6166666666672,3093.816666666666,,,0.0,0.0,0.0,12,0
2019-03-25 12:05:00,2945.0,2946.5,2945.0,2946.0,842,2019-03-25,2019,2913.5833333333335,2887.416666666667,2982.383333333333,3025.0166666666664,2998.85,2930.05,2961.7,2939.75,2956.2166666666667,2929.935066666667,2913.6982666666668,2982.4982666666665,2998.7350666666666,2818.6166666666672,3093.816666666666,,,0.0,0.0,0.0,12,5
2019-03-25 12:10:00,2945.95,2946.3,2944.75,2946.1,1306,2019-03-25,2019,2913.5833333333335,2887.416666666667,2982.383333333333,3025.0166666666664,2998.85,2930.05,2961.7,2939.75,2956.2166666666667,2929.935066666667,2913.6982666666668,2982.4982666666665,2998.7350666666666,2818.6166666666672,3093.816666666666,,,0.0,0.0,0.0,12,10
2019-03-25 12:15:00,2946.1,2946.15,2944.75,2945.4,849,2019-03-25,2019,2913.5833333333335,2887.416666666667,2982.383333333333,3025.0166666666664,2998.85,2930.05,2961.7,2939.75,2956.2166666666667,2929.935066666667,2913.6982666666668,2982.4982666666665,2998.7350666666666,2818.6166666666672,3093.816666666666,,,0.0,0.0,0.0,12,15
2019-03-25 12:20:00,2945.4,2947.3,2945.0,2945.0,941,2019-03-25,2019,2913.5833333333335,2887.416666666667,2982.383333333333,3025.0166666666664,2998.85,2930.05,2961.7,2939.75,2956.2166666666667,2929.935066666667,2913.6982666666668,2982.4982666666665,2998.7350666666666,2818.6166666666672,3093.816666666666,,,0.0,0.0,0.0,12,20
2019-03-25 12:25:00,2946.35,2947.05,2944.75,2946.1,2696,2019-03-25,2019,2913.5833333333335,2887.416666666667,2982.383333333333,3025.0166666666664,2998.85,2930.05,2961.7,2939.75,2956.2166666666667,2929.935066666667,2913.6982666666668,2982.4982666666665,2998.7350666666666,2818.6166666666672,3093.816666666666,,,0.0,0.0,0.0,12,25
2019-03-25 12:30:00,2945.05,2947.95,2945.0,2945.2,2342,2019-03-25,2019,2913.5833333333335,2887.416666666667,2982.383333333333,3025.0166666666664,2998.85,2930.05,2961.7,2939.75,2956.2166666666667,2929.935066666667,2913.6982666666668,2982.4982666666665,2998.7350666666666,2818.6166666666672,3093.816666666666,,,0.0,0.0,0.0,12,30
2019-03-25 12:35:00,2945.0,2947.65,2945.0,2945.5,1315,2019-03-25,2019,2913.5833333333335,2887.416666666667,2982.383333333333,3025.0166666666664,2998.85,2930.05,2961.7,2939.75,2956.2166666666667,2929.935066666667,2913.6982666666668,2982.4982666666665,2998.7350666666666,2818.6166666666672,3093.816666666666,,,0.0,0.0,0.0,12,35
2019-03-25 12:40:00,2945.45,2946.65,2944.85,2946.0,6526,2019-03-25,2019,2913.5833333333335,2887.416666666667,2982.383333333333,3025.0166666666664,2998.85,2930.05,2961.7,2939.75,2956.2166666666667,2929.935066666667,2913.6982666666668,2982.4982666666665,2998.7350666666666,2818.6166666666672,3093.816666666666,,,0.0,0.0,0.0,12,40
2019-03-25 12:45:00,2946.0,2946.4,2945.0,2945.0,1365,2019-03-25,2019,2913.5833333333335,2887.416666666667,2982.383333333333,3025.0166666666664,2998.85,2930.05,2961.7,2939.75,2956.2166666666667,2929.935066666667,2913.6982666666668,2982.4982666666665,2998.7350666666666,2818.6166666666672,3093.816666666666,,,0.0,0.0,0.0,12,45
2019-03-25 12:50:00,2945.0,2946.5,2945.0,2946.45,1882,2019-03-25,2019,2913.5833333333335,2887.416666666667,2982.383333333333,3025.0166666666664,2998.85,2930.05,2961.7,2939.75,2956.2166666666667,2929.935066666667,2913.6982666666668,2982.4982666666665,2998.7350666666666,2818.6166666666672,3093.816666666666,,,0.0,0.0,0.0,12,50
2019-03-25 12:55:00,2946.4,2946.5,2945.0,2946.35,3027,2019-03-25,2019,2913.5833333333335,2887.416666666667,2982.383333333333,3025.0166666666664,2998.85,2930.05,2961.7,2939.75,2956.2166666666667,2929.935066666667,2913.6982666666668,2982.4982666666665,2998.7350666666666,2818.6166666666672,3093.816666666666,,,0.0,0.0,0.0,12,55
2019-03-25 13:00:00,2946.4,2947.05,2945.0,2946.15,1101,2019-03-25,2019,2913.5833333333335,2887.416666666667,2982.383333333333,3025.0166666666664,2998.85,2930.05,2961.7,2939.75,2956.2166666666667,2929.935066666667,2913.6982666666668,2982.4982666666665,2998.7350666666666,2818.6166666666672,3093.816666666666,,,0.0,0.0,0.0,13,0
2019-03-25 13:05:00,2946.0,2946.4,2945.0,2945.15,3628,2019-03-25,2019,2913.5833333333335,2887.416666666667,2982.383333333333,3025.0166666666664,2998.85,2930.05,2961.7,2939.75,2956.2166666666667,2929.935066666667,2913.6982666666668,2982.4982666666665,2998.7350666666666,2818.6166666666672,3093.816666666666,,,0.0,0.0,0.0,13,5
2019-03-25 13:10:00,2945.15,2946.65,2945.0,2945.5,3384,2019-03-25,2019,2913.5833333333335,2887.416666666667,2982.383333333333,3025.0166666666664,2998.85,2930.05,2961.7,2939.75,2956.2166666666667,2929.935066666667,2913.6982666666668,2982.4982666666665,2998.7350666666666,2818.6166666666672,3093.816666666666,,,0.0,0.0,0.0,13,10
2019-03-25 13:15:00,2945.5,2946.45,2945.0,2945.0,2481,2019-03-25,2019,2913.5833333333335,2887.416666666667,2982.383333333333,3025.0166666666664,2998.85,2930.05,2961.7,2939.75,2956.2166666666667,2929.935066666667,2913.6982666666668,2982.4982666666665,2998.7350666666666,2818.6166666666672,3093.816666666666,,,0.0,0.0,0.0,13,15
2019-03-25 13:20:00,2945.0,2946.35,2945.0,2945.0,9004,2019-03-25,2019,2913.5833333333335,2887.416666666667,2982.383333333333,3025.0166666666664,2998.85,2930.05,2961.7,2939.75,2956.2166666666667,2929.935066666667,2913.6982666666668,2982.4982666666665,2998.7350666666666,2818.6166666666672,3093.816666666666,,,0.0,0.0,0.0,13,20
2019-03-25 13:25:00,2945.65,2945.8,2939.95,2940.0,21869,2019-03-25,2019,2913.5833333333335,2887.416666666667,2982.383333333333,3025.0166666666664,2998.85,2930.05,2961.7,2939.75,2956.2166666666667,2929.935066666667,2913.6982666666668,2982.4982666666665,2998.7350666666666,2818.6166666666672,3093.816666666666,,,0.0,0.0,0.0,13,25
2019-03-25 13:30:00,2940.0,2942.65,2940.0,2941.3,12801,2019-03-25,2019,2913.5833333333335,2887.416666666667,2982.383333333333,3025.0166666666664,2998.85,2930.05,2961.7,2939.75,2956.2166666666667,2929.935066666667,2913.6982666666668,2982.4982666666665,2998.7350666666666,2818.6166666666672,3093.816666666666,,,0.0,0.0,0.0,13,30
2019-03-25 13:35:00,2941.3,2943.05,2938.0,2940.0,8908,2019-03-25,2019,2913.5833333333335,2887.416666666667,2982.383333333333,3025.0166666666664,2998.85,2930.05,2961.7,2939.75,2956.2166666666667,2929.935066666667,2913.6982666666668,2982.4982666666665,2998.7350666666666,2818.6166666666672,3093.816666666666,,,0.0,0.0,0.0,13,35
2019-03-25 13:40:00,2940.0,2943.8,2939.05,2943.75,1506,2019-03-25,2019,2913.5833333333335,2887.416666666667,2982.383333333333,3025.0166666666664,2998.85,2930.05,2961.7,2939.75,2956.2166666666667,2929.935066666667,2913.6982666666668,2982.4982666666665,2998.7350666666666,2818.6166666666672,3093.816666666666,,,0.0,0.0,0.0,13,40
2019-03-25 13:45:00,2943.75,2944.0,2939.5,2940.0,1960,2019-03-25,2019,2913.5833333333335,2887.416666666667,2982.383333333333,3025.0166666666664,2998.85,2930.05,2961.7,2939.75,2956.2166666666667,2929.935066666667,2913.6982666666668,2982.4982666666665,2998.7350666666666,2818.6166666666672,3093.816666666666,,,0.0,0.0,0.0,13,45
2019-03-25 13:50:00,2940.0,2945.0,2939.5,2943.95,1054,2019-03-25,2019,2913.5833333333335,2887.416666666667,2982.383333333333,3025.0166666666664,2998.85,2930.05,2961.7,2939.75,2956.2166666666667,2929.935066666667,2913.6982666666668,2982.4982666666665,2998.7350666666666,2818.6166666666672,3093.816666666666,,,0.0,0.0,0.0,13,50
2019-03-25 13:55:00,2942.7,2943.95,2939.0,2940.65,1940,2019-03-25,2019,2913.5833333333335,2887.416666666667,2982.383333333333,3025.0166666666664,2998.85,2930.05,2961.7,2939.75,2956.2166666666667,2929.935066666667,2913.6982666666668,2982.4982666666665,2998.7350666666666,2818.6166666666672,3093.816666666666,,,0.0,0.0,0.0,13,55
2019-03-25 14:00:00,2940.7,2940.7,2939.0,2940.4,2731,2019-03-25,2019,2913.5833333333335,2887.416666666667,2982.383333333333,3025.0166666666664,2998.85,2930.05,2961.7,2939.75,2956.2166666666667,2929.935066666667,2913.6982666666668,2982.4982666666665,2998.7350666666666,2818.6166666666672,3093.816666666666,,,0.0,0.0,0.0,14,0
2019-03-25 14:05:00,2940.65,2943.7,2939.5,2943.6,1098,2019-03-25,2019,2913.5833333333335,2887.416666666667,2982.383333333333,3025.0166666666664,2998.85,2930.05,2961.7,2939.75,2956.2166666666667,2929.935066666667,2913.6982666666668,2982.4982666666665,2998.7350666666666,2818.6166666666672,3093.816666666666,,,0.0,0.0,0.0,14,5
2019-03-25 14:10:00,2943.6,2943.7,2940.05,2941.75,1692,2019-03-25,2019,2913.5833333333335,2887.416666666667,2982.383333333333,3025.0166666666664,2998.85,2930.05,2961.7,2939.75,2956.2166666666667,2929.935066666667,2913.6982666666668,2982.4982666666665,2998.7350666666666,2818.6166666666672,3093.816666666666,,,0.0,0.0,0.0,14,10
2019-03-25 14:15:00,2941.75,2942.0,2939.5,2942.0,1930,2019-03-25,2019,2913.5833333333335,2887.416666666667,2982.383333333333,3025.0166666666664,2998.85,2930.05,2961.7,2939.75,2956.2166666666667,2929.935066666667,2913.6982666666668,2982.4982666666665,2998.7350666666666,2818.6166666666672,3093.816666666666,,,0.0,0.0,0.0,14,15
2019-03-25 14:20:00,2942.0,2944.9,2940.45,2943.0,4041,2019-03-25,2019,2913.5833333333335,2887.416666666667,2982.383333333333,3025.0166666666664,2998.85,2930.05,2961.7,2939.75,2956.2166666666667,2929.935066666667,2913.6982666666668,2982.4982666666665,2998.7350666666666,2818.6166666666672,3093.816666666666,,,0.0,0.0,0.0,14,20
2019-03-25 14:25:00,2943.05,2944.6,2942.55,2943.0,3571,2019-03-25,2019,2913.5833333333335,2887.416666666667,2982.383333333333,3025.0166666666664,2998.85,2930.05,2961.7,2939.75,2956.2166666666667,2929.935066666667,2913.6982666666668,2982.4982666666665,2998.7350666666666,2818.6166666666672,3093.816666666666,,,0.0,0.0,0.0,14,25
2019-03-25 14:30:00,2941.15,2945.0,2940.0,2943.6,3962,2019-03-25,2019,2913.5833333333335,2887.416666666667,2982.383333333333,3025.0166666666664,2998.85,2930.05,2961.7,2939.75,2956.2166666666667,2929.935066666667,2913.6982666666668,2982.4982666666665,2998.7350666666666,2818.6166666666672,3093.816666666666,,,0.0,0.0,0.0,14,30
2019-03-25 14:35:00,2943.6,2946.5,2942.2,2945.8,2774,2019-03-25,2019,2913.5833333333335,2887.416666666667,2982.383333333333,3025.0166666666664,2998.85,2930.05,2961.7,2939.75,2956.2166666666667,2929.935066666667,2913.6982666666668,2982.4982666666665,2998.7350666666666,2818.6166666666672,3093.816666666666,,,0.0,0.0,0.0,14,35
2019-03-25 14:40:00,2946.05,2953.75,2944.55,2950.75,5615,2019-03-25,2019,2913.5833333333335,2887.416666666667,2982.383333333333,3025.0166666666664,2998.85,2930.05,2961.7,2939.75,2956.2166666666667,2929.935066666667,2913.6982666666668,2982.4982666666665,2998.7350666666666,2818.6166666666672,3093.816666666666,,,0.0,0.0,0.0,14,40
2019-03-25 14:45:00,2951.9,2952.0,2949.55,2952.0,3551,2019-03-25,2019,2913.5833333333335,2887.416666666667,2982.383333333333,3025.0166666666664,2998.85,2930.05,2961.7,2939.75,2956.2166666666667,2929.935066666667,2913.6982666666668,2982.4982666666665,2998.7350666666666,2818.6166666666672,3093.816666666666,,,0.0,0.0,0.0,14,45
2019-03-25 14:50:00,2952.0,2954.95,2951.0,2952.45,4110,2019-03-25,2019,2913.5833333333335,2887.416666666667,2982.383333333333,3025.0166666666664,2998.85,2930.05,2961.7,2939.75,2956.2166666666667,2929.935066666667,2913.6982666666668,2982.4982666666665,2998.7350666666666,2818.6166666666672,3093.816666666666,,,0.0,0.0,0.0,14,50
2019-03-25 14:55:00,2954.15,2954.8,2950.4,2953.45,3620,2019-03-25,2019,2913.5833333333335,2887.416666666667,2982.383333333333,3025.0166666666664,2998.85,2930.05,2961.7,2939.75,2956.2166666666667,2929.935066666667,2913.6982666666668,2982.4982666666665,2998.7350666666666,2818.6166666666672,3093.816666666666,,,0.0,0.0,0.0,14,55
2019-03-25 15:00:00,2953.55,2959.3,2951.35,2958.05,6188,2019-03-25,2019,2913.5833333333335,2887.416666666667,2982.383333333333,3025.0166666666664,2998.85,2930.05,2961.7,2939.75,2956.2166666666667,2929.935066666667,2913.6982666666668,2982.4982666666665,2998.7350666666666,2818.6166666666672,3093.816666666666,,,0.0,0.0,0.0,15,0
2019-03-25 15:05:00,2958.6,2959.05,2954.05,2956.95,5801,2019-03-25,2019,2913.5833333333335,2887.416666666667,2982.383333333333,3025.0166666666664,2998.85,2930.05,2961.7,2939.75,2956.2166666666667,2929.935066666667,2913.6982666666668,2982.4982666666665,2998.7350666666666,2818.6166666666672,3093.816666666666,,,0.0,0.0,0.0,15,5
2019-03-25 15:10:00,2956.65,2960.0,2954.6,2955.9,9028,2019-03-25,2019,2913.5833333333335,2887.416666666667,2982.383333333333,3025.0166666666664,2998.85,2930.05,2961.7,2939.75,2956.2166666666667,2929.935066666667,2913.6982666666668,2982.4982666666665,2998.7350666666666,2818.6166666666672,3093.816666666666,,,0.0,0.0,0.0,15,10
2019-03-25 15:15:00,2955.9,2959.5,2955.8,2959.5,10985,2019-03-25,2019,2913.5833333333335,2887.416666666667,2982.383333333333,3025.0166666666664,2998.85,2930.05,2961.7,2939.75,2956.2166666666667,2929.935066666667,2913.6982666666668,2982.4982666666665,2998.7350666666666,2818.6166666666672,3093.816666666666,,,0.0,0.0,0.0,15,15
2019-03-25 15:20:00,2959.5,2965.6,2958.0,2959.35,9505,2019-03-25,2019,2913.5833333333335,2887.416666666667,2982.383333333333,3025.0166666666664,2998.85,2930.05,2961.7,2939.75,2956.2166666666667,2929.935066666667,2913.6982666666668,2982.4982666666665,2998.7350666666666,2818.6166666666672,3093.816666666666,,,0.0,0.0,0.0,15,20
2019-03-25 15:25:00,2959.35,2960.8,2950.0,2960.35,6595,2019-03-25,2019,2913.5833333333335,2887.416666666667,2982.383333333333,3025.0166666666664,2998.85,2930.05,2961.7,2939.75,2956.2166666666667,2929.935066666667,2913.6982666666668,2982.4982666666665,2998.7350666666666,2818.6166666666672,3093.816666666666,,,0.0,0.0,0.0,15,25
2019-03-26 09:15:00,2961.05,2967.95,2945.0,2950.05,16318,2019-03-26,2019,2928.533333333334,2896.716666666667,2978.883333333334,2997.416666666667,2965.6,2915.25,2934.0,2960.35,2947.066666666667,2927.8329666666673,2915.950366666667,2966.300366666667,2978.182966666667,2846.3666666666672,3047.766666666667,,,0.0,0.0,0.0,9,15
2019-03-26 09:20:00,2950.05,2951.9,2945.0,2947.0,11345,2019-03-26,2019,2928.533333333334,2896.716666666667,2978.883333333334,2997.416666666667,2965.6,2915.25,2934.0,2960.35,2947.066666666667,2927.8329666666673,2915.950366666667,2966.300366666667,2978.182966666667,2846.3666666666672,3047.766666666667,,,0.0,0.0,0.0,9,20
2019-03-26 09:25:00,2947.0,2948.65,2945.0,2947.55,4465,2019-03-26,2019,2928.533333333334,2896.716666666667,2978.883333333334,2997.416666666667,2965.6,2915.25,2934.0,2960.35,2947.066666666667,2927.8329666666673,2915.950366666667,2966.300366666667,2978.182966666667,2846.3666666666672,3047.766666666667,,,0.0,0.0,0.0,9,25
2019-03-26 09:30:00,2947.5,2947.75,2944.0,2947.0,6914,2019-03-26,2019,2928.533333333334,2896.716666666667,2978.883333333334,2997.416666666667,2965.6,2915.25,2934.0,2960.35,2947.066666666667,2927.8329666666673,2915.950366666667,2966.300366666667,2978.182966666667,2846.3666666666672,3047.766666666667,,,0.0,0.0,0.0,9,30
2019-03-26 09:35:00,2945.5,2948.7,2944.8,2944.8,3894,2019-03-26,2019,2928.533333333334,2896.716666666667,2978.883333333334,2997.416666666667,2965.6,2915.25,2934.0,2960.35,2947.066666666667,2927.8329666666673,2915.950366666667,2966.300366666667,2978.182966666667,2846.3666666666672,3047.766666666667,,,0.0,0.0,0.0,9,35
2019-03-26 09:40:00,2944.75,2948.1,2944.5,2946.2,4916,2019-03-26,2019,2928.533333333334,2896.716666666667,2978.883333333334,2997.416666666667,2965.6,2915.25,2934.0,2960.35,2947.066666666667,2927.8329666666673,2915.950366666667,2966.300366666667,2978.182966666667,2846.3666666666672,3047.766666666667,,,0.0,0.0,0.0,9,40
2019-03-26 09:45:00,2946.2,2949.0,2946.0,2947.9,3160,2019-03-26,2019,2928.533333333334,2896.716666666667,2978.883333333334,2997.416666666667,2965.6,2915.25,2934.0,2960.35,2947.066666666667,2927.8329666666673,2915.950366666667,2966.300366666667,2978.182966666667,2846.3666666666672,3047.766666666667,,,0.0,0.0,0.0,9,45
2019-03-26 09:50:00,2947.9,2949.1,2946.0,2946.7,3663,2019-03-26,2019,2928.533333333334,2896.716666666667,2978.883333333334,2997.416666666667,2965.6,2915.25,2934.0,2960.35,2947.066666666667,2927.8329666666673,2915.950366666667,2966.300366666667,2978.182966666667,2846.3666666666672,3047.766666666667,,,0.0,0.0,0.0,9,50
2019-03-26 09:55:00,2945.5,2946.6,2940.0,2940.2,7742,2019-03-26,2019,2928.533333333334,2896.716666666667,2978.883333333334,2997.416666666667,2965.6,2915.25,2934.0,2960.35,2947.066666666667,2927.8329666666673,2915.950366666667,2966.300366666667,2978.182966666667,2846.3666666666672,3047.766666666667,Entry,Sell,2940.2,2915.950366666667,2967.95,9,55
2019-03-26 10:00:00,2940.25,2942.7,2940.0,2941.7,3896,2019-03-26,2019,2928.533333333334,2896.716666666667,2978.883333333334,2997.416666666667,2965.6,2915.25,2934.0,2960.35,2947.066666666667,2927.8329666666673,2915.950366666667,2966.300366666667,2978.182966666667,2846.3666666666672,3047.766666666667,,,0.0,0.0,0.0,10,0
2019-03-26 10:05:00,2941.7,2945.55,2939.0,2945.35,11172,2019-03-26,2019,2928.533333333334,2896.716666666667,2978.883333333334,2997.416666666667,2965.6,2915.25,2934.0,2960.35,2947.066666666667,2927.8329666666673,2915.950366666667,2966.300366666667,2978.182966666667,2846.3666666666672,3047.766666666667,,,0.0,0.0,0.0,10,5
2019-03-26 10:10:00,2945.35,2948.95,2945.0,2946.2,2808,2019-03-26,2019,2928.533333333334,2896.716666666667,2978.883333333334,2997.416666666667,2965.6,2915.25,2934.0,2960.35,2947.066666666667,2927.8329666666673,2915.950366666667,2966.300366666667,2978.182966666667,2846.3666666666672,3047.766666666667,,,0.0,0.0,0.0,10,10
2019-03-26 10:15:00,2947.1,2948.0,2945.0,2945.85,2198,2019-03-26,2019,2928.533333333334,2896.716666666667,2978.883333333334,2997.416666666667,2965.6,2915.25,2934.0,2960.35,2947.066666666667,2927.8329666666673,2915.950366666667,2966.300366666667,2978.182966666667,2846.3666666666672,3047.766666666667,,,0.0,0.0,0.0,10,15
2019-03-26 10:20:00,2945.85,2945.9,2943.65,2945.9,1402,2019-03-26,2019,2928.533333333334,2896.716666666667,2978.883333333334,2997.416666666667,2965.6,2915.25,2934.0,2960.35,2947.066666666667,2927.8329666666673,2915.950366666667,2966.300366666667,2978.182966666667,2846.3666666666672,3047.766666666667,,,0.0,0.0,0.0,10,20
2019-03-26 10:25:00,2945.9,2946.85,2945.0,2945.0,771,2019-03-26,2019,2928.533333333334,2896.716666666667,2978.883333333334,2997.416666666667,2965.6,2915.25,2934.0,2960.35,2947.066666666667,2927.8329666666673,2915.950366666667,2966.300366666667,2978.182966666667,2846.3666666666672,3047.766666666667,,,0.0,0.0,0.0,10,25
2019-03-26 10:30:00,2945.0,2946.5,2945.0,2945.45,10294,2019-03-26,2019,2928.533333333334,2896.716666666667,2978.883333333334,2997.416666666667,2965.6,2915.25,2934.0,2960.35,2947.066666666667,2927.8329666666673,2915.950366666667,2966.300366666667,2978.182966666667,2846.3666666666672,3047.766666666667,,,0.0,0.0,0.0,10,30
2019-03-26 10:35:00,2945.45,2946.5,2945.0,2946.3,2883,2019-03-26,2019,2928.533333333334,2896.716666666667,2978.883333333334,2997.416666666667,2965.6,2915.25,2934.0,2960.35,2947.066666666667,2927.8329666666673,2915.950366666667,2966.300366666667,2978.182966666667,2846.3666666666672,3047.766666666667,,,0.0,0.0,0.0,10,35
2019-03-26 10:40:00,2946.3,2946.5,2945.0,2945.25,3804,2019-03-26,2019,2928.533333333334,2896.716666666667,2978.883333333334,2997.416666666667,2965.6,2915.25,2934.0,2960.35,2947.066666666667,2927.8329666666673,2915.950366666667,2966.300366666667,2978.182966666667,2846.3666666666672,3047.766666666667,,,0.0,0.0,0.0,10,40
2019-03-26 10:45:00,2945.45,2946.5,2944.25,2946.05,5021,2019-03-26,2019,2928.533333333334,2896.716666666667,2978.883333333334,2997.416666666667,2965.6,2915.25,2934.0,2960.35,2947.066666666667,2927.8329666666673,2915.950366666667,2966.300366666667,2978.182966666667,2846.3666666666672,3047.766666666667,,,0.0,0.0,0.0,10,45
2019-03-26 10:50:00,2946.05,2947.45,2945.15,2947.45,1594,2019-03-26,2019,2928.533333333334,2896.716666666667,2978.883333333334,2997.416666666667,2965.6,2915.25,2934.0,2960.35,2947.066666666667,2927.8329666666673,2915.950366666667,2966.300366666667,2978.182966666667,2846.3666666666672,3047.766666666667,,,0.0,0.0,0.0,10,50
2019-03-26 10:55:00,2947.45,2948.95,2945.65,2948.35,2452,2019-03-26,2019,2928.533333333334,2896.716666666667,2978.883333333334,2997.416666666667,2965.6,2915.25,2934.0,2960.35,2947.066666666667,2927.8329666666673,2915.950366666667,2966.300366666667,2978.182966666667,2846.3666666666672,3047.766666666667,,,0.0,0.0,0.0,10,55
2019-03-26 11:00:00,2948.4,2948.7,2944.95,2945.9,17529,2019-03-26,2019,2928.533333333334,2896.716666666667,2978.883333333334,2997.416666666667,2965.6,2915.25,2934.0,2960.35,2947.066666666667,2927.8329666666673,2915.950366666667,2966.300366666667,2978.182966666667,2846.3666666666672,3047.766666666667,,,0.0,0.0,0.0,11,0
2019-03-26 11:05:00,2946.0,2947.95,2945.9,2947.0,10907,2019-03-26,2019,2928.533333333334,2896.716666666667,2978.883333333334,2997.416666666667,2965.6,2915.25,2934.0,2960.35,2947.066666666667,2927.8329666666673,2915.950366666667,2966.300366666667,2978.182966666667,2846.3666666666672,3047.766666666667,,,0.0,0.0,0.0,11,5
2019-03-26 11:10:00,2947.0,2947.45,2945.1,2946.7,2781,2019-03-26,2019,2928.533333333334,2896.716666666667,2978.883333333334,2997.416666666667,2965.6,2915.25,2934.0,2960.35,2947.066666666667,2927.8329666666673,2915.950366666667,2966.300366666667,2978.182966666667,2846.3666666666672,3047.766666666667,,,0.0,0.0,0.0,11,10
2019-03-26 11:15:00,2946.7,2947.0,2946.0,2946.45,943,2019-03-26,2019,2928.533333333334,2896.716666666667,2978.883333333334,2997.416666666667,2965.6,2915.25,2934.0,2960.35,2947.066666666667,2927.8329666666673,2915.950366666667,2966.300366666667,2978.182966666667,2846.3666666666672,3047.766666666667,,,0.0,0.0,0.0,11,15
2019-03-26 11:20:00,2946.45,2947.55,2945.8,2947.5,4736,2019-03-26,2019,2928.533333333334,2896.716666666667,2978.883333333334,2997.416666666667,2965.6,2915.25,2934.0,2960.35,2947.066666666667,2927.8329666666673,2915.950366666667,2966.300366666667,2978.182966666667,2846.3666666666672,3047.766666666667,,,0.0,0.0,0.0,11,20
2019-03-26 11:25:00,2947.5,2948.95,2947.0,2948.65,1769,2019-03-26,2019,2928.533333333334,2896.716666666667,2978.883333333334,2997.416666666667,2965.6,2915.25,2934.0,2960.35,2947.066666666667,2927.8329666666673,2915.950366666667,2966.300366666667,2978.182966666667,2846.3666666666672,3047.766666666667,,,0.0,0.0,0.0,11,25
2019-03-26 11:30:00,2951.15,2951.9,2949.5,2950.4,8577,2019-03-26,2019,2928.533333333334,2896.716666666667,2978.883333333334,2997.416666666667,2965.6,2915.25,2934.0,2960.35,2947.066666666667,2927.8329666666673,2915.950366666667,2966.300366666667,2978.182966666667,2846.3666666666672,3047.766666666667,,,0.0,0.0,0.0,11,30
2019-03-26 11:35:00,2950.4,2952.45,2950.0,2952.0,3245,2019-03-26,2019,2928.533333333334,2896.716666666667,2978.883333333334,2997.416666666667,2965.6,2915.25,2934.0,2960.35,2947.066666666667,2927.8329666666673,2915.950366666667,2966.300366666667,2978.182966666667,2846.3666666666672,3047.766666666667,,,0.0,0.0,0.0,11,35
2019-03-26 11:40:00,2952.0,2953.95,2950.25,2950.25,7146,2019-03-26,2019,2928.533333333334,2896.716666666667,2978.883333333334,2997.416666666667,2965.6,2915.25,2934.0,2960.35,2947.066666666667,2927.8329666666673,2915.950366666667,2966.300366666667,2978.182966666667,2846.3666666666672,3047.766666666667,,,0.0,0.0,0.0,11,40
2019-03-26 11:45:00,2951.45,2951.55,2949.55,2950.75,10966,2019-03-26,2019,2928.533333333334,2896.716666666667,2978.883333333334,2997.416666666667,2965.6,2915.25,2934.0,2960.35,2947.066666666667,2927.8329666666673,2915.950366666667,2966.300366666667,2978.182966666667,2846.3666666666672,3047.766666666667,,,0.0,0.0,0.0,11,45
2019-03-26 11:50:00,2951.0,2951.8,2950.0,2950.8,1552,2019-03-26,2019,2928.533333333334,2896.716666666667,2978.883333333334,2997.416666666667,2965.6,2915.25,2934.0,2960.35,2947.066666666667,2927.8329666666673,2915.950366666667,2966.300366666667,2978.182966666667,2846.3666666666672,3047.766666666667,,,0.0,0.0,0.0,11,50
2019-03-26 11:55:00,2950.8,2952.0,2950.0,2952.0,1274,2019-03-26,2019,2928.533333333334,2896.716666666667,2978.883333333334,2997.416666666667,2965.6,2915.25,2934.0,2960.35,2947.066666666667,2927.8329666666673,2915.950366666667,2966.300366666667,2978.182966666667,2846.3666666666672,3047.766666666667,,,0.0,0.0,0.0,11,55
2019-03-26 12:00:00,2951.85,2952.0,2949.5,2949.9,3495,2019-03-26,2019,2928.533333333334,2896.716666666667,2978.883333333334,2997.416666666667,2965.6,2915.25,2934.0,2960.35,2947.066666666667,2927.8329666666673,2915.950366666667,2966.300366666667,2978.182966666667,2846.3666666666672,3047.766666666667,,,0.0,0.0,0.0,12,0
2019-03-26 12:05:00,2949.95,2951.05,2949.0,2950.4,1497,2019-03-26,2019,2928.533333333334,2896.716666666667,2978.883333333334,2997.416666666667,2965.6,2915.25,2934.0,2960.35,2947.066666666667,2927.8329666666673,2915.950366666667,2966.300366666667,2978.182966666667,2846.3666666666672,3047.766666666667,,,0.0,0.0,0.0,12,5
2019-03-26 12:10:00,2950.4,2950.4,2949.0,2949.95,667,2019-03-26,2019,2928.533333333334,2896.716666666667,2978.883333333334,2997.416666666667,2965.6,2915.25,2934.0,2960.35,2947.066666666667,2927.8329666666673,2915.950366666667,2966.300366666667,2978.182966666667,2846.3666666666672,3047.766666666667,,,0.0,0.0,0.0,12,10
2019-03-26 12:15:00,2949.95,2949.95,2948.05,2949.45,3076,2019-03-26,2019,2928.533333333334,2896.716666666667,2978.883333333334,2997.416666666667,2965.6,2915.25,2934.0,2960.35,2947.066666666667,2927.8329666666673,2915.950366666667,2966.300366666667,2978.182966666667,2846.3666666666672,3047.766666666667,,,0.0,0.0,0.0,12,15
2019-03-26 12:20:00,2949.45,2949.75,2948.0,2949.5,4075,2019-03-26,2019,2928.533333333334,2896.716666666667,2978.883333333334,2997.416666666667,2965.6,2915.25,2934.0,2960.35,2947.066666666667,2927.8329666666673,2915.950366666667,2966.300366666667,2978.182966666667,2846.3666666666672,3047.766666666667,,,0.0,0.0,0.0,12,20
2019-03-26 12:25:00,2949.5,2951.0,2948.2,2948.7,2835,2019-03-26,2019,2928.533333333334,2896.716666666667,2978.883333333334,2997.416666666667,2965.6,2915.25,2934.0,2960.35,2947.066666666667,2927.8329666666673,2915.950366666667,2966.300366666667,2978.182966666667,2846.3666666666672,3047.766666666667,,,0.0,0.0,0.0,12,25
2019-03-26 12:30:00,2950.0,2951.2,2948.7,2949.95,3980,2019-03-26,2019,2928.533333333334,2896.716666666667,2978.883333333334,2997.416666666667,2965.6,2915.25,2934.0,2960.35,2947.066666666667,2927.8329666666673,2915.950366666667,2966.300366666667,2978.182966666667,2846.3666666666672,3047.766666666667,,,0.0,0.0,0.0,12,30
2019-03-26 12:35:00,2949.95,2951.0,2949.95,2950.9,1240,2019-03-26,2019,2928.533333333334,2896.716666666667,2978.883333333334,2997.416666666667,2965.6,2915.25,2934.0,2960.35,2947.066666666667,2927.8329666666673,2915.950366666667,2966.300366666667,2978.182966666667,2846.3666666666672,3047.766666666667,,,0.0,0.0,0.0,12,35
2019-03-26 12:40:00,2950.05,2952.95,2949.25,2952.45,2874,2019-03-26,2019,2928.533333333334,2896.716666666667,2978.883333333334,2997.416666666667,2965.6,2915.25,2934.0,2960.35,2947.066666666667,2927.8329666666673,2915.950366666667,2966.300366666667,2978.182966666667,2846.3666666666672,3047.766666666667,,,0.0,0.0,0.0,12,40
2019-03-26 12:45:00,2953.0,2953.5,2949.95,2952.7,2240,2019-03-26,2019,2928.533333333334,2896.716666666667,2978.883333333334,2997.416666666667,2965.6,2915.25,2934.0,2960.35,2947.066666666667,2927.8329666666673,2915.950366666667,2966.300366666667,2978.182966666667,2846.3666666666672,3047.766666666667,,,0.0,0.0,0.0,12,45
2019-03-26 12:50:00,2952.0,2952.7,2950.0,2951.4,906,2019-03-26,2019,2928.533333333334,2896.716666666667,2978.883333333334,2997.416666666667,2965.6,2915.25,2934.0,2960.35,2947.066666666667,2927.8329666666673,2915.950366666667,2966.300366666667,2978.182966666667,2846.3666666666672,3047.766666666667,,,0.0,0.0,0.0,12,50
2019-03-26 12:55:00,2950.1,2951.45,2949.0,2950.2,1088,2019-03-26,2019,2928.533333333334,2896.716666666667,2978.883333333334,2997.416666666667,2965.6,2915.25,2934.0,2960.35,2947.066666666667,2927.8329666666673,2915.950366666667,2966.300366666667,2978.182966666667,2846.3666666666672,3047.766666666667,,,0.0,0.0,0.0,12,55
2019-03-26 13:00:00,2949.0,2950.0,2949.0,2949.45,266,2019-03-26,2019,2928.533333333334,2896.716666666667,2978.883333333334,2997.416666666667,2965.6,2915.25,2934.0,2960.35,2947.066666666667,2927.8329666666673,2915.950366666667,2966.300366666667,2978.182966666667,2846.3666666666672,3047.766666666667,,,0.0,0.0,0.0,13,0
2019-03-26 13:05:00,2949.4,2951.0,2949.05,2950.4,2397,2019-03-26,2019,2928.533333333334,2896.716666666667,2978.883333333334,2997.416666666667,2965.6,2915.25,2934.0,2960.35,2947.066666666667,2927.8329666666673,2915.950366666667,2966.300366666667,2978.182966666667,2846.3666666666672,3047.766666666667,,,0.0,0.0,0.0,13,5
2019-03-26 13:10:00,2950.0,2952.9,2950.0,2952.65,2116,2019-03-26,2019,2928.533333333334,2896.716666666667,2978.883333333334,2997.416666666667,2965.6,2915.25,2934.0,2960.35,2947.066666666667,2927.8329666666673,2915.950366666667,2966.300366666667,2978.182966666667,2846.3666666666672,3047.766666666667,,,0.0,0.0,0.0,13,10
2019-03-26 13:15:00,2952.65,2953.9,2950.55,2952.55,1116,2019-03-26,2019,2928.533333333334,2896.716666666667,2978.883333333334,2997.416666666667,2965.6,2915.25,2934.0,2960.35,2947.066666666667,2927.8329666666673,2915.950366666667,2966.300366666667,2978.182966666667,2846.3666666666672,3047.766666666667,,,0.0,0.0,0.0,13,15
2019-03-26 13:20:00,2951.05,2955.0,2950.5,2955.0,3230,2019-03-26,2019,2928.533333333334,2896.716666666667,2978.883333333334,2997.416666666667,2965.6,2915.25,2934.0,2960.35,2947.066666666667,2927.8329666666673,2915.950366666667,2966.300366666667,2978.182966666667,2846.3666666666672,3047.766666666667,,,0.0,0.0,0.0,13,20
2019-03-26 13:25:00,2955.0,2957.05,2953.1,2957.0,4172,2019-03-26,2019,2928.533333333334,2896.716666666667,2978.883333333334,2997.416666666667,2965.6,2915.25,2934.0,2960.35,2947.066666666667,2927.8329666666673,2915.950366666667,2966.300366666667,2978.182966666667,2846.3666666666672,3047.766666666667,,,0.0,0.0,0.0,13,25
2019-03-26 13:30:00,2957.0,2959.95,2956.0,2957.8,4918,2019-03-26,2019,2928.533333333334,2896.716666666667,2978.883333333334,2997.416666666667,2965.6,2915.25,2934.0,2960.35,2947.066666666667,2927.8329666666673,2915.950366666667,2966.300366666667,2978.182966666667,2846.3666666666672,3047.766666666667,,,0.0,0.0,0.0,13,30
2019-03-26 13:35:00,2957.8,2958.0,2954.0,2955.45,1674,2019-03-26,2019,2928.533333333334,2896.716666666667,2978.883333333334,2997.416666666667,2965.6,2915.25,2934.0,2960.35,2947.066666666667,2927.8329666666673,2915.950366666667,2966.300366666667,2978.182966666667,2846.3666666666672,3047.766666666667,,,0.0,0.0,0.0,13,35
2019-03-26 13:40:00,2955.45,2958.5,2953.0,2954.95,2010,2019-03-26,2019,2928.533333333334,2896.716666666667,2978.883333333334,2997.416666666667,2965.6,2915.25,2934.0,2960.35,2947.066666666667,2927.8329666666673,2915.950366666667,2966.300366666667,2978.182966666667,2846.3666666666672,3047.766666666667,,,0.0,0.0,0.0,13,40
2019-03-26 13:45:00,2954.8,2956.1,2952.4,2954.5,1850,2019-03-26,2019,2928.533333333334,2896.716666666667,2978.883333333334,2997.416666666667,2965.6,2915.25,2934.0,2960.35,2947.066666666667,2927.8329666666673,2915.950366666667,2966.300366666667,2978.182966666667,2846.3666666666672,3047.766666666667,,,0.0,0.0,0.0,13,45
2019-03-26 13:50:00,2954.5,2955.0,2951.0,2954.0,792,2019-03-26,2019,2928.533333333334,2896.716666666667,2978.883333333334,2997.416666666667,2965.6,2915.25,2934.0,2960.35,2947.066666666667,2927.8329666666673,2915.950366666667,2966.300366666667,2978.182966666667,2846.3666666666672,3047.766666666667,,,0.0,0.0,0.0,13,50
2019-03-26 13:55:00,2954.0,2958.0,2952.25,2955.0,2104,2019-03-26,2019,2928.533333333334,2896.716666666667,2978.883333333334,2997.416666666667,2965.6,2915.25,2934.0,2960.35,2947.066666666667,2927.8329666666673,2915.950366666667,2966.300366666667,2978.182966666667,2846.3666666666672,3047.766666666667,,,0.0,0.0,0.0,13,55
2019-03-26 14:00:00,2955.0,2956.85,2952.95,2955.5,600,2019-03-26,2019,2928.533333333334,2896.716666666667,2978.883333333334,2997.416666666667,2965.6,2915.25,2934.0,2960.35,2947.066666666667,2927.8329666666673,2915.950366666667,2966.300366666667,2978.182966666667,2846.3666666666672,3047.766666666667,,,0.0,0.0,0.0,14,0
2019-03-26 14:05:00,2955.5,2956.95,2951.5,2954.45,2729,2019-03-26,2019,2928.533333333334,2896.716666666667,2978.883333333334,2997.416666666667,2965.6,2915.25,2934.0,2960.35,2947.066666666667,2927.8329666666673,2915.950366666667,2966.300366666667,2978.182966666667,2846.3666666666672,3047.766666666667,,,0.0,0.0,0.0,14,5
2019-03-26 14:10:00,2954.95,2956.8,2953.25,2954.65,2888,2019-03-26,2019,2928.533333333334,2896.716666666667,2978.883333333334,2997.416666666667,2965.6,2915.25,2934.0,2960.35,2947.066666666667,2927.8329666666673,2915.950366666667,2966.300366666667,2978.182966666667,2846.3666666666672,3047.766666666667,,,0.0,0.0,0.0,14,10
2019-03-26 14:15:00,2954.5,2954.6,2949.0,2951.4,3699,2019-03-26,2019,2928.533333333334,2896.716666666667,2978.883333333334,2997.416666666667,2965.6,2915.25,2934.0,2960.35,2947.066666666667,2927.8329666666673,2915.950366666667,2966.300366666667,2978.182966666667,2846.3666666666672,3047.766666666667,,,0.0,0.0,0.0,14,15
2019-03-26 14:20:00,2951.4,2954.95,2950.0,2954.95,2510,2019-03-26,2019,2928.533333333334,2896.716666666667,2978.883333333334,2997.416666666667,2965.6,2915.25,2934.0,2960.35,2947.066666666667,2927.8329666666673,2915.950366666667,2966.300366666667,2978.182966666667,2846.3666666666672,3047.766666666667,,,0.0,0.0,0.0,14,20
2019-03-26 14:25:00,2952.65,2956.0,2952.65,2955.0,2153,2019-03-26,2019,2928.533333333334,2896.716666666667,2978.883333333334,2997.416666666667,2965.6,2915.25,2934.0,2960.35,2947.066666666667,2927.8329666666673,2915.950366666667,2966.300366666667,2978.182966666667,2846.3666666666672,3047.766666666667,,,0.0,0.0,0.0,14,25
2019-03-26 14:30:00,2954.75,2955.65,2954.0,2955.65,1258,2019-03-26,2019,2928.533333333334,2896.716666666667,2978.883333333334,2997.416666666667,2965.6,2915.25,2934.0,2960.35,2947.066666666667,2927.8329666666673,2915.950366666667,2966.300366666667,2978.182966666667,2846.3666666666672,3047.766666666667,,,0.0,0.0,0.0,14,30
2019-03-26 14:35:00,2955.65,2957.8,2954.4,2957.8,3545,2019-03-26,2019,2928.533333333334,2896.716666666667,2978.883333333334,2997.416666666667,2965.6,2915.25,2934.0,2960.35,2947.066666666667,2927.8329666666673,2915.950366666667,2966.300366666667,2978.182966666667,2846.3666666666672,3047.766666666667,,,0.0,0.0,0.0,14,35
2019-03-26 14:40:00,2957.55,2960.0,2956.85,2958.2,5562,2019-03-26,2019,2928.533333333334,2896.716666666667,2978.883333333334,2997.416666666667,2965.6,2915.25,2934.0,2960.35,2947.066666666667,2927.8329666666673,2915.950366666667,2966.300366666667,2978.182966666667,2846.3666666666672,3047.766666666667,,,0.0,0.0,0.0,14,40
2019-03-26 14:45:00,2958.5,2959.95,2956.85,2958.0,2107,2019-03-26,2019,2928.533333333334,2896.716666666667,2978.883333333334,2997.416666666667,2965.6,2915.25,2934.0,2960.35,2947.066666666667,2927.8329666666673,2915.950366666667,2966.300366666667,2978.182966666667,2846.3666666666672,3047.766666666667,,,0.0,0.0,0.0,14,45
2019-03-26 14:50:00,2958.0,2959.5,2956.15,2959.0,4262,2019-03-26,2019,2928.533333333334,2896.716666666667,2978.883333333334,2997.416666666667,2965.6,2915.25,2934.0,2960.35,2947.066666666667,2927.8329666666673,2915.950366666667,2966.300366666667,2978.182966666667,2846.3666666666672,3047.766666666667,,,0.0,0.0,0.0,14,50
2019-03-26 14:55:00,2959.0,2959.25,2955.05,2958.75,3239,2019-03-26,2019,2928.533333333334,2896.716666666667,2978.883333333334,2997.416666666667,2965.6,2915.25,2934.0,2960.35,2947.066666666667,2927.8329666666673,2915.950366666667,2966.300366666667,2978.182966666667,2846.3666666666672,3047.766666666667,,,0.0,0.0,0.0,14,55
2019-03-26 15:00:00,2958.75,2959.5,2955.7,2958.2,8141,2019-03-26,2019,2928.533333333334,2896.716666666667,2978.883333333334,2997.416666666667,2965.6,2915.25,2934.0,2960.35,2947.066666666667,2927.8329666666673,2915.950366666667,2966.300366666667,2978.182966666667,2846.3666666666672,3047.766666666667,,,0.0,0.0,0.0,15,0
2019-03-26 15:05:00,2958.2,2958.85,2950.35,2951.3,7398,2019-03-26,2019,2928.533333333334,2896.716666666667,2978.883333333334,2997.416666666667,2965.6,2915.25,2934.0,2960.35,2947.066666666667,2927.8329666666673,2915.950366666667,2966.300366666667,2978.182966666667,2846.3666666666672,3047.766666666667,,,0.0,0.0,0.0,15,5
2019-03-26 15:10:00,2950.7,2953.9,2948.9,2953.15,9582,2019-03-26,2019,2928.533333333334,2896.716666666667,2978.883333333334,2997.416666666667,2965.6,2915.25,2934.0,2960.35,2947.066666666667,2927.8329666666673,2915.950366666667,2966.300366666667,2978.182966666667,2846.3666666666672,3047.766666666667,,,0.0,0.0,0.0,15,10
2019-03-26 15:15:00,2952.4,2956.95,2950.0,2956.05,11689,2019-03-26,2019,2928.533333333334,2896.716666666667,2978.883333333334,2997.416666666667,2965.6,2915.25,2934.0,2960.35,2947.066666666667,2927.8329666666673,2915.950366666667,2966.300366666667,2978.182966666667,2846.3666666666672,3047.766666666667,,,0.0,0.0,0.0,15,15
2019-03-26 15:20:00,2956.05,2957.0,2948.0,2949.05,7914,2019-03-26,2019,2928.533333333334,2896.716666666667,2978.883333333334,2997.416666666667,2965.6,2915.25,2934.0,2960.35,2947.066666666667,2927.8329666666673,2915.950366666667,2966.300366666667,2978.182966666667,2846.3666666666672,3047.766666666667,Exit,Buy,2949.05,0.0,0.0,15,20
2019-03-26 15:25:00,2949.25,2957.0,2948.0,2957.0,5481,2019-03-26,2019,2928.533333333334,2896.716666666667,2978.883333333334,2997.416666666667,2965.6,2915.25,2934.0,2960.35,2947.066666666667,2927.8329666666673,2915.950366666667,2966.300366666667,2978.182966666667,2846.3666666666672,3047.766666666667,,,0.0,0.0,0.0,15,25
2019-03-27 09:15:00,2965.0,2976.95,2957.15,2959.9,15152,2019-03-27,2019,2941.3500000000004,2925.7000000000003,2970.3,2983.6,2967.95,2939.0,2961.05,2957.0,2954.65,2943.5911,2936.7589000000003,2965.7089,2972.5411,2896.7500000000005,3012.5499999999997,,,0.0,0.0,0.0,9,15
2019-03-27 09:20:00,2959.85,2960.35,2950.0,2955.25,7857,2019-03-27,2019,2941.3500000000004,2925.7000000000003,2970.3,2983.6,2967.95,2939.0,2961.05,2957.0,2954.65,2943.5911,2936.7589000000003,2965.7089,2972.5411,2896.7500000000005,3012.5499999999997,Entry,Sell,2955.25,2936.7589000000003,2976.95,9,20
2019-03-27 09:25:00,2955.25,2964.95,2953.2,2962.75,6404,2019-03-27,2019,2941.3500000000004,2925.7000000000003,2970.3,2983.6,2967.95,2939.0,2961.05,2957.0,2954.65,2943.5911,2936.7589000000003,2965.7089,2972.5411,2896.7500000000005,3012.5499999999997,,,0.0,0.0,0.0,9,25
2019-03-27 09:30:00,2962.75,2963.85,2955.8,2962.5,4265,2019-03-27,2019,2941.3500000000004,2925.7000000000003,2970.3,2983.6,2967.95,2939.0,2961.05,2957.0,2954.65,2943.5911,2936.7589000000003,2965.7089,2972.5411,2896.7500000000005,3012.5499999999997,,,0.0,0.0,0.0,9,30
2019-03-27 09:35:00,2961.7,2962.4,2955.0,2955.0,3393,2019-03-27,2019,2941.3500000000004,2925.7000000000003,2970.3,2983.6,2967.95,2939.0,2961.05,2957.0,2954.65,2943.5911,2936.7589000000003,2965.7089,2972.5411,2896.7500000000005,3012.5499999999997,,,0.0,0.0,0.0,9,35
2019-03-27 09:40:00,2956.7,2961.2,2954.0,2961.2,2733,2019-03-27,2019,2941.3500000000004,2925.7000000000003,2970.3,2983.6,2967.95,2939.0,2961.05,2957.0,2954.65,2943.5911,2936.7589000000003,2965.7089,2972.5411,2896.7500000000005,3012.5499999999997,,,0.0,0.0,0.0,9,40
2019-03-27 09:45:00,2961.15,2961.5,2957.05,2959.1,1585,2019-03-27,2019,2941.3500000000004,2925.7000000000003,2970.3,2983.6,2967.95,2939.0,2961.05,2957.0,2954.65,2943.5911,2936.7589000000003,2965.7089,2972.5411,2896.7500000000005,3012.5499999999997,,,0.0,0.0,0.0,9,45
2019-03-27 09:50:00,2957.0,2960.0,2957.0,2959.95,1364,2019-03-27,2019,2941.3500000000004,2925.7000000000003,2970.3,2983.6,2967.95,2939.0,2961.05,2957.0,2954.65,2943.5911,2936.7589000000003,2965.7089,2972.5411,2896.7500000000005,3012.5499999999997,,,0.0,0.0,0.0,9,50
2019-03-27 09:55:00,2959.95,2964.0,2957.65,2962.45,2364,2019-03-27,2019,2941.3500000000004,2925.7000000000003,2970.3,2983.6,2967.95,2939.0,2961.05,2957.0,2954.65,2943.5911,2936.7589000000003,2965.7089,2972.5411,2896.7500000000005,3012.5499999999997,,,0.0,0.0,0.0,9,55
2019-03-27 10:00:00,2961.0,2963.45,2958.15,2960.25,2910,2019-03-27,2019,2941.3500000000004,2925.7000000000003,2970.3,2983.6,2967.95,2939.0,2961.05,2957.0,2954.65,2943.5911,2936.7589000000003,2965.7089,2972.5411,2896.7500000000005,3012.5499999999997,,,0.0,0.0,0.0,10,0
2019-03-27 10:05:00,2960.25,2960.55,2957.0,2960.55,799,2019-03-27,2019,2941.3500000000004,2925.7000000000003,2970.3,2983.6,2967.95,2939.0,2961.05,2957.0,2954.65,2943.5911,2936.7589000000003,2965.7089,2972.5411,2896.7500000000005,3012.5499999999997,,,0.0,0.0,0.0,10,5
2019-03-27 10:10:00,2960.85,2964.25,2960.55,2964.2,2022,2019-03-27,2019,2941.3500000000004,2925.7000000000003,2970.3,2983.6,2967.95,2939.0,2961.05,2957.0,2954.65,2943.5911,2936.7589000000003,2965.7089,2972.5411,2896.7500000000005,3012.5499999999997,,,0.0,0.0,0.0,10,10
2019-03-27 10:15:00,2964.2,2964.25,2959.0,2961.95,2125,2019-03-27,2019,2941.3500000000004,2925.7000000000003,2970.3,2983.6,2967.95,2939.0,2961.05,2957.0,2954.65,2943.5911,2936.7589000000003,2965.7089,2972.5411,2896.7500000000005,3012.5499999999997,,,0.0,0.0,0.0,10,15
2019-03-27 10:20:00,2961.95,2962.95,2960.0,2962.55,2186,2019-03-27,2019,2941.3500000000004,2925.7000000000003,2970.3,2983.6,2967.95,2939.0,2961.05,2957.0,2954.65,2943.5911,2936.7589000000003,2965.7089,2972.5411,2896.7500000000005,3012.5499999999997,,,0.0,0.0,0.0,10,20
2019-03-27 10:25:00,2962.65,2962.7,2955.55,2957.0,4280,2019-03-27,2019,2941.3500000000004,2925.7000000000003,2970.3,2983.6,2967.95,2939.0,2961.05,2957.0,2954.65,2943.5911,2936.7589000000003,2965.7089,2972.5411,2896.7500000000005,3012.5499999999997,,,0.0,0.0,0.0,10,25
2019-03-27 10:30:00,2957.0,2957.0,2950.0,2955.5,8397,2019-03-27,2019,2941.3500000000004,2925.7000000000003,2970.3,2983.6,2967.95,2939.0,2961.05,2957.0,2954.65,2943.5911,2936.7589000000003,2965.7089,2972.5411,2896.7500000000005,3012.5499999999997,,,0.0,0.0,0.0,10,30
2019-03-27 10:35:00,2955.5,2957.75,2952.8,2957.1,2670,2019-03-27,2019,2941.3500000000004,2925.7000000000003,2970.3,2983.6,2967.95,2939.0,2961.05,2957.0,2954.65,2943.5911,2936.7589000000003,2965.7089,2972.5411,2896.7500000000005,3012.5499999999997,,,0.0,0.0,0.0,10,35
2019-03-27 10:40:00,2957.15,2957.85,2953.0,2953.35,1698,2019-03-27,2019,2941.3500000000004,2925.7000000000003,2970.3,2983.6,2967.95,2939.0,2961.05,2957.0,2954.65,2943.5911,2936.7589000000003,2965.7089,2972.5411,2896.7500000000005,3012.5499999999997,,,0.0,0.0,0.0,10,40
2019-03-27 10:45:00,2954.9,2957.25,2954.45,2954.9,2062,2019-03-27,2019,2941.3500000000004,2925.7000000000003,2970.3,2983.6,2967.95,2939.0,2961.05,2957.0,2954.65,2943.5911,2936.7589000000003,2965.7089,2972.5411,2896.7500000000005,3012.5499999999997,,,0.0,0.0,0.0,10,45
2019-03-27 10:50:00,2954.9,2958.05,2953.65,2955.95,2259,2019-03-27,2019,2941.3500000000004,2925.7000000000003,2970.3,2983.6,2967.95,2939.0,2961.05,2957.0,2954.65,2943.5911,2936.7589000000003,2965.7089,2972.5411,2896.7500000000005,3012.5499999999997,,,0.0,0.0,0.0,10,50
2019-03-27 10:55:00,2955.95,2957.2,2953.5,2956.8,1122,2019-03-27,2019,2941.3500000000004,2925.7000000000003,2970.3,2983.6,2967.95,2939.0,2961.05,2957.0,2954.65,2943.5911,2936.7589000000003,2965.7089,2972.5411,2896.7500000000005,3012.5499999999997,,,0.0,0.0,0.0,10,55
2019-03-27 11:00:00,2956.8,2956.85,2952.95,2955.1,905,2019-03-27,2019,2941.3500000000004,2925.7000000000003,2970.3,2983.6,2967.95,2939.0,2961.05,2957.0,2954.65,2943.5911,2936.7589000000003,2965.7089,2972.5411,2896.7500000000005,3012.5499999999997,,,0.0,0.0,0.0,11,0
2019-03-27 11:05:00,2955.1,2958.85,2954.05,2956.8,2307,2019-03-27,2019,2941.3500000000004,2925.7000000000003,2970.3,2983.6,2967.95,2939.0,2961.05,2957.0,2954.65,2943.5911,2936.7589000000003,2965.7089,2972.5411,2896.7500000000005,3012.5499999999997,,,0.0,0.0,0.0,11,5
2019-03-27 11:10:00,2956.85,2958.05,2956.8,2957.85,549,2019-03-27,2019,2941.3500000000004,2925.7000000000003,2970.3,2983.6,2967.95,2939.0,2961.05,2957.0,2954.65,2943.5911,2936.7589000000003,2965.7089,2972.5411,2896.7500000000005,3012.5499999999997,,,0.0,0.0,0.0,11,10
2019-03-27 11:15:00,2957.85,2957.85,2954.0,2955.95,402,2019-03-27,2019,2941.3500000000004,2925.7000000000003,2970.3,2983.6,2967.95,2939.0,2961.05,2957.0,2954.65,2943.5911,2936.7589000000003,2965.7089,2972.5411,2896.7500000000005,3012.5499999999997,,,0.0,0.0,0.0,11,15
2019-03-27 11:20:00,2955.95,2958.45,2952.6,2955.75,4820,2019-03-27,2019,2941.3500000000004,2925.7000000000003,2970.3,2983.6,2967.95,2939.0,2961.05,2957.0,2954.65,2943.5911,2936.7589000000003,2965.7089,2972.5411,2896.7500000000005,3012.5499999999997,,,0.0,0.0,0.0,11,20
2019-03-27 11:25:00,2956.0,2958.8,2954.2,2957.0,5527,2019-03-27,2019,2941.3500000000004,2925.7000000000003,2970.3,2983.6,2967.95,2939.0,2961.05,2957.0,2954.65,2943.5911,2936.7589000000003,2965.7089,2972.5411,2896.7500000000005,3012.5499999999997,,,0.0,0.0,0.0,11,25
2019-03-27 11:30:00,2957.0,2962.15,2957.0,2961.0,7494,2019-03-27,2019,2941.3500000000004,2925.7000000000003,2970.3,2983.6,2967.95,2939.0,2961.05,2957.0,2954.65,2943.5911,2936.7589000000003,2965.7089,2972.5411,2896.7500000000005,3012.5499999999997,,,0.0,0.0,0.0,11,30
2019-03-27 11:35:00,2961.0,2965.5,2960.0,2965.0,10209,2019-03-27,2019,2941.3500000000004,2925.7000000000003,2970.3,2983.6,2967.95,2939.0,2961.05,2957.0,2954.65,2943.5911,2936.7589000000003,2965.7089,2972.5411,2896.7500000000005,3012.5499999999997,,,0.0,0.0,0.0,11,35
2019-03-27 11:40:00,2965.0,2967.2,2962.0,2967.2,3284,2019-03-27,2019,2941.3500000000004,2925.7000000000003,2970.3,2983.6,2967.95,2939.0,2961.05,2957.0,2954.65,2943.5911,2936.7589000000003,2965.7089,2972.5411,2896.7500000000005,3012.5499999999997,,,0.0,0.0,0.0,11,40
2019-03-27 11:45:00,2967.2,2975.5,2966.0,2975.0,11746,2019-03-27,2019,2941.3500000000004,2925.7000000000003,2970.3,2983.6,2967.95,2939.0,2961.05,2957.0,2954.65,2943.5911,2936.7589000000003,2965.7089,2972.5411,2896.7500000000005,3012.5499999999997,,,0.0,0.0,0.0,11,45
2019-03-27 11:50:00,2973.85,2979.5,2971.15,2975.05,9251,2019-03-27,2019,2941.3500000000004,2925.7000000000003,2970.3,2983.6,2967.95,2939.0,2961.05,2957.0,2954.65,2943.5911,2936.7589000000003,2965.7089,2972.5411,2896.7500000000005,3012.5499999999997,Exit,Buy,2976.95,3014.4499999999994,2950.0,11,50
2019-03-27 11:55:00,2975.0,2976.55,2974.0,2975.4,4529,2019-03-27,2019,2941.3500000000004,2925.7000000000003,2970.3,2983.6,2967.95,2939.0,2961.05,2957.0,2954.65,2943.5911,2936.7589000000003,2965.7089,2972.5411,2896.7500000000005,3012.5499999999997,,,0.0,0.0,0.0,11,55
2019-03-27 12:00:00,2975.4,2975.4,2974.0,2975.0,2969,2019-03-27,2019,2941.3500000000004,2925.7000000000003,2970.3,2983.6,2967.95,2939.0,2961.05,2957.0,2954.65,2943.5911,2936.7589000000003,2965.7089,2972.5411,2896.7500000000005,3012.5499999999997,,,0.0,0.0,0.0,12,0
2019-03-27 12:05:00,2975.0,2977.0,2974.0,2975.2,2380,2019-03-27,2019,2941.3500000000004,2925.7000000000003,2970.3,2983.6,2967.95,2939.0,2961.05,2957.0,2954.65,2943.5911,2936.7589000000003,2965.7089,2972.5411,2896.7500000000005,3012.5499999999997,,,0.0,0.0,0.0,12,5
2019-03-27 12:10:00,2975.2,2977.0,2974.0,2975.0,3588,2019-03-27,2019,2941.3500000000004,2925.7000000000003,2970.3,2983.6,2967.95,2939.0,2961.05,2957.0,2954.65,2943.5911,2936.7589000000003,2965.7089,2972.5411,2896.7500000000005,3012.5499999999997,,,0.0,0.0,0.0,12,10
2019-03-27 12:15:00,2975.0,2975.85,2974.8,2975.0,2607,2019-03-27,2019,2941.3500000000004,2925.7000000000003,2970.3,2983.6,2967.95,2939.0,2961.05,2957.0,2954.65,2943.5911,2936.7589000000003,2965.7089,2972.5411,2896.7500000000005,3012.5499999999997,,,0.0,0.0,0.0,12,15
2019-03-27 12:20:00,2975.0,2980.0,2974.0,2979.85,6580,2019-03-27,2019,2941.3500000000004,2925.7000000000003,2970.3,2983.6,2967.95,2939.0,2961.05,2957.0,2954.65,2943.5911,2936.7589000000003,2965.7089,2972.5411,2896.7500000000005,3012.5499999999997,,,0.0,0.0,0.0,12,20
2019-03-27 12:25:00,2979.85,2981.75,2975.3,2976.7,6443,2019-03-27,2019,2941.3500000000004,2925.7000000000003,2970.3,2983.6,2967.95,2939.0,2961.05,2957.0,2954.65,2943.5911,2936.7589000000003,2965.7089,2972.5411,2896.7500000000005,3012.5499999999997,,,0.0,0.0,0.0,12,25
2019-03-27 12:30:00,2976.7,2978.7,2975.0,2978.7,2100,2019-03-27,2019,2941.3500000000004,2925.7000000000003,2970.3,2983.6,2967.95,2939.0,2961.05,2957.0,2954.65,2943.5911,2936.7589000000003,2965.7089,2972.5411,2896.7500000000005,3012.5499999999997,,,0.0,0.0,0.0,12,30
2019-03-27 12:35:00,2978.7,2981.0,2977.5,2981.0,4158,2019-03-27,2019,2941.3500000000004,2925.7000000000003,2970.3,2983.6,2967.95,2939.0,2961.05,2957.0,2954.65,2943.5911,2936.7589000000003,2965.7089,2972.5411,2896.7500000000005,3012.5499999999997,,,0.0,0.0,0.0,12,35
2019-03-27 12:40:00,2981.0,2982.0,2980.0,2982.0,3466,2019-03-27,2019,2941.3500000000004,2925.7000000000003,2970.3,2983.6,2967.95,2939.0,2961.05,2957.0,2954.65,2943.5911,2936.7589000000003,2965.7089,2972.5411,2896.7500000000005,3012.5499999999997,,,0.0,0.0,0.0,12,40
2019-03-27 12:45:00,2982.0,2990.0,2980.35,2989.8,8947,2019-03-27,2019,2941.3500000000004,2925.7000000000003,2970.3,2983.6,2967.95,2939.0,2961.05,2957.0,2954.65,2943.5911,2936.7589000000003,2965.7089,2972.5411,2896.7500000000005,3012.5499999999997,,,0.0,0.0,0.0,12,45
2019-03-27 12:50:00,2989.8,2995.0,2985.5,2987.05,8462,2019-03-27,2019,2941.3500000000004,2925.7000000000003,2970.3,2983.6,2967.95,2939.0,2961.05,2957.0,2954.65,2943.5911,2936.7589000000003,2965.7089,2972.5411,2896.7500000000005,3012.5499999999997,,,0.0,0.0,0.0,12,50
2019-03-27 12:55:00,2986.2,2987.05,2979.2,2984.85,4966,2019-03-27,2019,2941.3500000000004,2925.7000000000003,2970.3,2983.6,2967.95,2939.0,2961.05,2957.0,2954.65,2943.5911,2936.7589000000003,2965.7089,2972.5411,2896.7500000000005,3012.5499999999997,Exit,Sell,2988.8577999999998,2969.7167,2995.0,12,55
2019-03-27 13:00:00,2984.85,2986.5,2984.85,2985.3,2648,2019-03-27,2019,2941.3500000000004,2925.7000000000003,2970.3,2983.6,2967.95,2939.0,2961.05,2957.0,2954.65,2943.5911,2936.7589000000003,2965.7089,2972.5411,2896.7500000000005,3012.5499999999997,,,0.0,0.0,0.0,13,0
2019-03-27 13:05:00,2985.3,2985.65,2980.25,2984.0,2659,2019-03-27,2019,2941.3500000000004,2925.7000000000003,2970.3,2983.6,2967.95,2939.0,2961.05,2957.0,2954.65,2943.5911,2936.7589000000003,2965.7089,2972.5411,2896.7500000000005,3012.5499999999997,,,0.0,0.0,0.0,13,5
2019-03-27 13:10:00,2984.0,2985.5,2982.45,2985.45,3488,2019-03-27,2019,2941.3500000000004,2925.7000000000003,2970.3,2983.6,2967.95,2939.0,2961.05,2957.0,2954.65,2943.5911,2936.7589000000003,2965.7089,2972.5411,2896.7500000000005,3012.5499999999997,,,0.0,0.0,0.0,13,10
2019-03-27 13:15:00,2985.45,2990.0,2982.75,2988.0,6717,2019-03-27,2019,2941.3500000000004,2925.7000000000003,2970.3,2983.6,2967.95,2939.0,2961.05,2957.0,2954.65,2943.5911,2936.7589000000003,2965.7089,2972.5411,2896.7500000000005,3012.5499999999997,,,0.0,0.0,0.0,13,15
2019-03-27 13:20:00,2988.0,2992.0,2986.6,2991.1,3611,2019-03-27,2019,2941.3500000000004,2925.7000000000003,2970.3,2983.6,2967.95,2939.0,2961.05,2957.0,2954.65,2943.5911,2936.7589000000003,2965.7089,2972.5411,2896.7500000000005,3012.5499999999997,,,0.0,0.0,0.0,13,20
2019-03-27 13:25:00,2991.0,2991.1,2989.0,2990.9,2313,2019-03-27,2019,2941.3500000000004,2925.7000000000003,2970.3,2983.6,2967.95,2939.0,2961.05,2957.0,2954.65,2943.5911,2936.7589000000003,2965.7089,2972.5411,2896.7500000000005,3012.5499999999997,,,0.0,0.0,0.0,13,25
2019-03-27 13:30:00,2990.9,2991.85,2982.8,2986.4,8337,2019-03-27,2019,2941.3500000000004,2925.7000000000003,2970.3,2983.6,2967.95,2939.0,2961.05,2957.0,2954.65,2943.5911,2936.7589000000003,2965.7089,2972.5411,2896.7500000000005,3012.5499999999997,,,0.0,0.0,0.0,13,30
2019-03-27 13:35:00,2986.4,2986.4,2982.3,2984.0,3565,2019-03-27,2019,2941.3500000000004,2925.7000000000003,2970.3,2983.6,2967.95,2939.0,2961.05,2957.0,2954.65,2943.5911,2936.7589000000003,2965.7089,2972.5411,2896.7500000000005,3012.5499999999997,,,0.0,0.0,0.0,13,35
2019-03-27 13:40:00,2985.0,2985.0,2980.1,2982.6,4639,2019-03-27,2019,2941.3500000000004,2925.7000000000003,2970.3,2983.6,2967.95,2939.0,2961.05,2957.0,2954.65,2943.5911,2936.7589000000003,2965.7089,2972.5411,2896.7500000000005,3012.5499999999997,,,0.0,0.0,0.0,13,40
2019-03-27 13:45:00,2981.0,2983.5,2979.0,2980.6,10450,2019-03-27,2019,2941.3500000000004,2925.7000000000003,2970.3,2983.6,2967.95,2939.0,2961.05,2957.0,2954.65,2943.5911,2936.7589000000003,2965.7089,2972.5411,2896.7500000000005,3012.5499999999997,,,0.0,0.0,0.0,13,45
2019-03-27 13:50:00,2980.65,2991.6,2978.0,2980.1,19955,2019-03-27,2019,2941.3500000000004,2925.7000000000003,2970.3,2983.6,2967.95,2939.0,2961.05,2957.0,2954.65,2943.5911,2936.7589000000003,2965.7089,2972.5411,2896.7500000000005,3012.5499999999997,,,0.0,0.0,0.0,13,50
2019-03-27 13:55:00,2980.65,2988.0,2978.0,2987.65,6962,2019-03-27,2019,2941.3500000000004,2925.7000000000003,2970.3,2983.6,2967.95,2939.0,2961.05,2957.0,2954.65,2943.5911,2936.7589000000003,2965.7089,2972.5411,2896.7500000000005,3012.5499999999997,,,0.0,0.0,0.0,13,55
2019-03-27 14:00:00,2987.65,2992.0,2987.0,2990.0,5279,2019-03-27,2019,2941.3500000000004,2925.7000000000003,2970.3,2983.6,2967.95,2939.0,2961.05,2957.0,2954.65,2943.5911,2936.7589000000003,2965.7089,2972.5411,2896.7500000000005,3012.5499999999997,,,0.0,0.0,0.0,14,0
2019-03-27 14:05:00,2990.0,2990.6,2989.1,2990.0,4825,2019-03-27,2019,2941.3500000000004,2925.7000000000003,2970.3,2983.6,2967.95,2939.0,2961.05,2957.0,2954.65,2943.5911,2936.7589000000003,2965.7089,2972.5411,2896.7500000000005,3012.5499999999997,,,0.0,0.0,0.0,14,5
2019-03-27 14:10:00,2990.05,2995.0,2981.0,2982.55,6937,2019-03-27,2019,2941.3500000000004,2925.7000000000003,2970.3,2983.6,2967.95,2939.0,2961.05,2957.0,2954.65,2943.5911,2936.7589000000003,2965.7089,2972.5411,2896.7500000000005,3012.5499999999997,Exit,Buy,2995.0,3024.9999999999995,2950.0,14,10
2019-03-27 14:15:00,2982.55,2984.8,2980.25,2981.0,3571,2019-03-27,2019,2941.3500000000004,2925.7000000000003,2970.3,2983.6,2967.95,2939.0,2961.05,2957.0,2954.65,2943.5911,2936.7589000000003,2965.7089,2972.5411,2896.7500000000005,3012.5499999999997,,,0.0,0.0,0.0,14,15
2019-03-27 14:20:00,2981.0,2986.6,2980.25,2985.3,2877,2019-03-27,2019,2941.3500000000004,2925.7000000000003,2970.3,2983.6,2967.95,2939.0,2961.05,2957.0,2954.65,2943.5911,2936.7589000000003,2965.7089,2972.5411,2896.7500000000005,3012.5499999999997,,,0.0,0.0,0.0,14,20
2019-03-27 14:25:00,2984.9,2985.85,2981.0,2981.2,2353,2019-03-27,2019,2941.3500000000004,2925.7000000000003,2970.3,2983.6,2967.95,2939.0,2961.05,2957.0,2954.65,2943.5911,2936.7589000000003,2965.7089,2972.5411,2896.7500000000005,3012.5499999999997,,,0.0,0.0,0.0,14,25
2019-03-27 14:30:00,2981.2,2984.9,2979.0,2984.9,6212,2019-03-27,2019,2941.3500000000004,2925.7000000000003,2970.3,2983.6,2967.95,2939.0,2961.05,2957.0,2954.65,2943.5911,2936.7589000000003,2965.7089,2972.5411,2896.7500000000005,3012.5499999999997,,,0.0,0.0,0.0,14,30
2019-03-27 14:35:00,2984.9,2986.8,2982.9,2984.05,3334,2019-03-27,2019,2941.3500000000004,2925.7000000000003,2970.3,2983.6,2967.95,2939.0,2961.05,2957.0,2954.65,2943.5911,2936.7589000000003,2965.7089,2972.5411,2896.7500000000005,3012.5499999999997,,,0.0,0.0,0.0,14,35
2019-03-27 14:40:00,2985.2,2985.3,2980.25,2983.3,3955,2019-03-27,2019,2941.3500000000004,2925.7000000000003,2970.3,2983.6,2967.95,2939.0,2961.05,2957.0,2954.65,2943.5911,2936.7589000000003,2965.7089,2972.5411,2896.7500000000005,3012.5499999999997,,,0.0,0.0,0.0,14,40
2019-03-27 14:45:00,2983.3,2983.4,2980.05,2980.5,2969,2019-03-27,2019,2941.3500000000004,2925.7000000000003,2970.3,2983.6,2967.95,2939.0,2961.05,2957.0,2954.65,2943.5911,2936.7589000000003,2965.7089,2972.5411,2896.7500000000005,3012.5499999999997,,,0.0,0.0,0.0,14,45
2019-03-27 14:50:00,2980.5,2984.7,2980.0,2983.2,6159,2019-03-27,2019,2941.3500000000004,2925.7000000000003,2970.3,2983.6,2967.95,2939.0,2961.05,2957.0,2954.65,2943.5911,2936.7589000000003,2965.7089,2972.5411,2896.7500000000005,3012.5499999999997,,,0.0,0.0,0.0,14,50
2019-03-27 14:55:00,2983.5,2983.5,2979.95,2980.0,8505,2019-03-27,2019,2941.3500000000004,2925.7000000000003,2970.3,2983.6,2967.95,2939.0,2961.05,2957.0,2954.65,2943.5911,2936.7589000000003,2965.7089,2972.5411,2896.7500000000005,3012.5499999999997,,,0.0,0.0,0.0,14,55
2019-03-27 15:00:00,2980.0,2980.05,2979.0,2980.0,19709,2019-03-27,2019,2941.3500000000004,2925.7000000000003,2970.3,2983.6,2967.95,2939.0,2961.05,2957.0,2954.65,2943.5911,2936.7589000000003,2965.7089,2972.5411,2896.7500000000005,3012.5499999999997,,,0.0,0.0,0.0,15,0
2019-03-27 15:05:00,2980.0,2980.8,2979.5,2980.0,7680,2019-03-27,2019,2941.3500000000004,2925.7000000000003,2970.3,2983.6,2967.95,2939.0,2961.05,2957.0,2954.65,2943.5911,2936.7589000000003,2965.7089,2972.5411,2896.7500000000005,3012.5499999999997,,,0.0,0.0,0.0,15,5
2019-03-27 15:10:00,2980.0,2983.8,2979.5,2980.0,11851,2019-03-27,2019,2941.3500000000004,2925.7000000000003,2970.3,2983.6,2967.95,2939.0,2961.05,2957.0,2954.65,2943.5911,2936.7589000000003,2965.7089,2972.5411,2896.7500000000005,3012.5499999999997,,,0.0,0.0,0.0,15,10
2019-03-27 15:15:00,2980.0,2982.65,2979.5,2980.15,11260,2019-03-27,2019,2941.3500000000004,2925.7000000000003,2970.3,2983.6,2967.95,2939.0,2961.05,2957.0,2954.65,2943.5911,2936.7589000000003,2965.7089,2972.5411,2896.7500000000005,3012.5499999999997,,,0.0,0.0,0.0,15,15
2019-03-27 15:20:00,2980.15,2980.9,2979.6,2980.0,10092,2019-03-27,2019,2941.3500000000004,2925.7000000000003,2970.3,2983.6,2967.95,2939.0,2961.05,2957.0,2954.65,2943.5911,2936.7589000000003,2965.7089,2972.5411,2896.7500000000005,3012.5499999999997,Exit,Sell,2980.0,0.0,0.0,15,20
2019-03-27 15:25:00,2980.0,2985.0,2979.95,2985.0,13865,2019-03-27,2019,2941.3500000000004,2925.7000000000003,2970.3,2983.6,2967.95,2939.0,2961.05,2957.0,2954.65,2943.5911,2936.7589000000003,2965.7089,2972.5411,2896.7500000000005,3012.5499999999997,,,0.0,0.0,0.0,15,25
2019-03-28 09:15:00,2989.0,2998.9,2985.0,2989.05,41402,2019-03-28,2019,2958.333333333333,2931.6666666666665,3003.333333333333,3021.6666666666665,2995.0,2950.0,2965.0,2985.0,2976.6666666666665,2959.4766666666665,2948.8566666666666,2993.8566666666666,3004.4766666666665,2886.6666666666665,3066.6666666666665,,,0.0,0.0,0.0,9,15
2019-03-28 09:20:00,2990.8,2994.75,2987.35,2993.95,20677,2019-03-28,2019,2958.333333333333,2931.6666666666665,3003.333333333333,3021.6666666666665,2995.0,2950.0,2965.0,2985.0,2976.6666666666665,2959.4766666666665,2948.8566666666666,2993.8566666666666,3004.4766666666665,2886.6666666666665,3066.6666666666665,,,0.0,0.0,0.0,9,20
2019-03-28 09:25:00,2992.8,2996.3,2986.65,2990.0,25305,2019-03-28,2019,2958.333333333333,2931.6666666666665,3003.333333333333,3021.6666666666665,2995.0,2950.0,2965.0,2985.0,2976.6666666666665,2959.4766666666665,2948.8566666666666,2993.8566666666666,3004.4766666666665,2886.6666666666665,3066.6666666666665,,,0.0,0.0,0.0,9,25
2019-03-28 09:30:00,2990.0,2993.65,2987.45,2993.65,13286,2019-03-28,2019,2958.333333333333,2931.6666666666665,3003.333333333333,3021.6666666666665,2995.0,2950.0,2965.0,2985.0,2976.6666666666665,2959.4766666666665,2948.8566666666666,2993.8566666666666,3004.4766666666665,2886.6666666666665,3066.6666666666665,,,0.0,0.0,0.0,9,30
2019-03-28 09:35:00,2993.65,2994.05,2990.15,2993.9,4154,2019-03-28,2019,2958.333333333333,2931.6666666666665,3003.333333333333,3021.6666666666665,2995.0,2950.0,2965.0,2985.0,2976.6666666666665,2959.4766666666665,2948.8566666666666,2993.8566666666666,3004.4766666666665,2886.6666666666665,3066.6666666666665,,,0.0,0.0,0.0,9,35
2019-03-28 09:40:00,2992.35,2993.95,2988.35,2990.3,5894,2019-03-28,2019,2958.333333333333,2931.6666666666665,3003.333333333333,3021.6666666666665,2995.0,2950.0,2965.0,2985.0,2976.6666666666665,2959.4766666666665,2948.8566666666666,2993.8566666666666,3004.4766666666665,2886.6666666666665,3066.6666666666665,,,0.0,0.0,0.0,9,40
2019-03-28 09:45:00,2990.3,2999.7,2988.2,2998.2,15306,2019-03-28,2019,2958.333333333333,2931.6666666666665,3003.333333333333,3021.6666666666665,2995.0,2950.0,2965.0,2985.0,2976.6666666666665,2959.4766666666665,2948.8566666666666,2993.8566666666666,3004.4766666666665,2886.6666666666665,3066.6666666666665,,,0.0,0.0,0.0,9,45
2019-03-28 09:50:00,2998.25,3017.0,2996.1,3014.5,27554,2019-03-28,2019,2958.333333333333,2931.6666666666665,3003.333333333333,3021.6666666666665,2995.0,2950.0,2965.0,2985.0,2976.6666666666665,2959.4766666666665,2948.8566666666666,2993.8566666666666,3004.4766666666665,2886.6666666666665,3066.6666666666665,Entry,Buy,3014.5,3066.6666666666665,2985.0,9,50
2019-03-28 09:55:00,3014.5,3016.45,3007.1,3014.4,12335,2019-03-28,2019,2958.333333333333,2931.6666666666665,3003.333333333333,3021.6666666666665,2995.0,2950.0,2965.0,2985.0,2976.6666666666665,2959.4766666666665,2948.8566666666666,2993.8566666666666,3004.4766666666665,2886.6666666666665,3066.6666666666665,,,0.0,0.0,0.0,9,55
2019-03-28 10:00:00,3014.4,3018.7,3013.35,3017.95,11334,2019-03-28,2019,2958.333333333333,2931.6666666666665,3003.333333333333,3021.6666666666665,2995.0,2950.0,2965.0,2985.0,2976.6666666666665,2959.4766666666665,2948.8566666666666,2993.8566666666666,3004.4766666666665,2886.6666666666665,3066.6666666666665,,,0.0,0.0,0.0,10,0
2019-03-28 10:05:00,3016.55,3018.0,3012.8,3013.6,4479,2019-03-28,2019,2958.333333333333,2931.6666666666665,3003.333333333333,3021.6666666666665,2995.0,2950.0,2965.0,2985.0,2976.6666666666665,2959.4766666666665,2948.8566666666666,2993.8566666666666,3004.4766666666665,2886.6666666666665,3066.6666666666665,,,0.0,0.0,0.0,10,5
2019-03-28 10:10:00,3014.0,3015.6,3010.0,3012.6,7152,2019-03-28,2019,2958.333333333333,2931.6666666666665,3003.333333333333,3021.6666666666665,2995.0,2950.0,2965.0,2985.0,2976.6666666666665,2959.4766666666665,2948.8566666666666,2993.8566666666666,3004.4766666666665,2886.6666666666665,3066.6666666666665,,,0.0,0.0,0.0,10,10
2019-03-28 10:15:00,3012.8,3019.5,3010.0,3019.45,10795,2019-03-28,2019,2958.333333333333,2931.6666666666665,3003.333333333333,3021.6666666666665,2995.0,2950.0,2965.0,2985.0,2976.6666666666665,2959.4766666666665,2948.8566666666666,2993.8566666666666,3004.4766666666665,2886.6666666666665,3066.6666666666665,,,0.0,0.0,0.0,10,15
2019-03-28 10:20:00,3019.2,3020.25,3015.7,3018.05,537945,2019-03-28,2019,2958.333333333333,2931.6666666666665,3003.333333333333,3021.6666666666665,2995.0,2950.0,2965.0,2985.0,2976.6666666666665,2959.4766666666665,2948.8566666666666,2993.8566666666666,3004.4766666666665,2886.6666666666665,3066.6666666666665,,,0.0,0.0,0.0,10,20
2019-03-28 10:25:00,3018.05,3018.05,2995.65,2997.95,26682,2019-03-28,2019,2958.333333333333,2931.6666666666665,3003.333333333333,3021.6666666666665,2995.0,2950.0,2965.0,2985.0,2976.6666666666665,2959.4766666666665,2948.8566666666666,2993.8566666666666,3004.4766666666665,2886.6666666666665,3066.6666666666665,,,0.0,0.0,0.0,10,25
2019-03-28 10:30:00,2996.0,2997.3,2945.7,2957.85,50203,2019-03-28,2019,2958.333333333333,2931.6666666666665,3003.333333333333,3021.6666666666665,2995.0,2950.0,2965.0,2985.0,2976.6666666666665,2959.4766666666665,2948.8566666666666,2993.8566666666666,3004.4766666666665,2886.6666666666665,3066.6666666666665,Exit,Sell,2985.0,2958.8166666666666,3020.25,10,30
2019-03-28 10:35:00,2956.0,2969.0,2952.75,2967.0,22093,2019-03-28,2019,2958.333333333333,2931.6666666666665,3003.333333333333,3021.6666666666665,2995.0,2950.0,2965.0,2985.0,2976.6666666666665,2959.4766666666665,2948.8566666666666,2993.8566666666666,3004.4766666666665,2886.6666666666665,3066.6666666666665,Exit,Buy,2958.8166666666666,0.0,0.0,10,35
2019-03-28 10:40:00,2969.0,2969.0,2920.7,2936.75,44498,2019-03-28,2019,2958.333333333333,2931.6666666666665,3003.333333333333,3021.6666666666665,2995.0,2950.0,2965.0,2985.0,2976.6666666666665,2959.4766666666665,2948.8566666666666,2993.8566666666666,3004.4766666666665,2886.6666666666665,3066.6666666666665,,,0.0,0.0,0.0,10,40
2019-03-28 10:45:00,2937.5,2950.1,2932.0,2950.0,33050,2019-03-28,2019,2958.333333333333,2931.6666666666665,3003.333333333333,3021.6666666666665,2995.0,2950.0,2965.0,2985.0,2976.6666666666665,2959.4766666666665,2948.8566666666666,2993.8566666666666,3004.4766666666665,2886.6666666666665,3066.6666666666665,,,0.0,0.0,0.0,10,45
2019-03-28 10:50:00,2949.55,2964.0,2948.65,2957.1,18955,2019-03-28,2019,2958.333333333333,2931.6666666666665,3003.333333333333,3021.6666666666665,2995.0,2950.0,2965.0,2985.0,2976.6666666666665,2959.4766666666665,2948.8566666666666,2993.8566666666666,3004.4766666666665,2886.6666666666665,3066.6666666666665,,,0.0,0.0,0.0,10,50
2019-03-28 10:55:00,2957.1,2958.0,2936.1,2940.35,17078,2019-03-28,2019,2958.333333333333,2931.6666666666665,3003.333333333333,3021.6666666666665,2995.0,2950.0,2965.0,2985.0,2976.6666666666665,2959.4766666666665,2948.8566666666666,2993.8566666666666,3004.4766666666665,2886.6666666666665,3066.6666666666665,,,0.0,0.0,0.0,10,55
2019-03-28 11:00:00,2940.35,2949.85,2940.05,2947.9,8720,2019-03-28,2019,2958.333333333333,2931.6666666666665,3003.333333333333,3021.6666666666665,2995.0,2950.0,2965.0,2985.0,2976.6666666666665,2959.4766666666665,2948.8566666666666,2993.8566666666666,3004.4766666666665,2886.6666666666665,3066.6666666666665,,,0.0,0.0,0.0,11,0
2019-03-28 11:05:00,2947.9,2953.0,2945.5,2953.0,12945,2019-03-28,2019,2958.333333333333,2931.6666666666665,3003.333333333333,3021.6666666666665,2995.0,2950.0,2965.0,2985.0,2976.6666666666665,2959.4766666666665,2948.8566666666666,2993.8566666666666,3004.4766666666665,2886.6666666666665,3066.6666666666665,,,0.0,0.0,0.0,11,5
2019-03-28 11:10:00,2953.0,2954.3,2942.3,2944.0,9467,2019-03-28,2019,2958.333333333333,2931.6666666666665,3003.333333333333,3021.6666666666665,2995.0,2950.0,2965.0,2985.0,2976.6666666666665,2959.4766666666665,2948.8566666666666,2993.8566666666666,3004.4766666666665,2886.6666666666665,3066.6666666666665,,,0.0,0.0,0.0,11,10
2019-03-28 11:15:00,2944.0,2947.45,2940.0,2945.1,7673,2019-03-28,2019,2958.333333333333,2931.6666666666665,3003.333333333333,3021.6666666666665,2995.0,2950.0,2965.0,2985.0,2976.6666666666665,2959.4766666666665,2948.8566666666666,2993.8566666666666,3004.4766666666665,2886.6666666666665,3066.6666666666665,,,0.0,0.0,0.0,11,15
2019-03-28 11:20:00,2945.1,2951.7,2945.05,2947.1,9167,2019-03-28,2019,2958.333333333333,2931.6666666666665,3003.333333333333,3021.6666666666665,2995.0,2950.0,2965.0,2985.0,2976.6666666666665,2959.4766666666665,2948.8566666666666,2993.8566666666666,3004.4766666666665,2886.6666666666665,3066.6666666666665,,,0.0,0.0,0.0,11,20
2019-03-28 11:25:00,2947.1,2948.7,2944.0,2948.7,4226,2019-03-28,2019,2958.333333333333,2931.6666666666665,3003.333333333333,3021.6666666666665,2995.0,2950.0,2965.0,2985.0,2976.6666666666665,2959.4766666666665,2948.8566666666666,2993.8566666666666,3004.4766666666665,2886.6666666666665,3066.6666666666665,,,0.0,0.0,0.0,11,25
2019-03-28 11:30:00,2948.45,2951.05,2948.0,2950.0,5528,2019-03-28,2019,2958.333333333333,2931.6666666666665,3003.333333333333,3021.6666666666665,2995.0,2950.0,2965.0,2985.0,2976.6666666666665,2959.4766666666665,2948.8566666666666,2993.8566666666666,3004.4766666666665,2886.6666666666665,3066.6666666666665,,,0.0,0.0,0.0,11,30
2019-03-28 11:35:00,2951.7,2952.8,2948.4,2952.1,6357,2019-03-28,2019,2958.333333333333,2931.6666666666665,3003.333333333333,3021.6666666666665,2995.0,2950.0,2965.0,2985.0,2976.6666666666665,2959.4766666666665,2948.8566666666666,2993.8566666666666,3004.4766666666665,2886.6666666666665,3066.6666666666665,,,0.0,0.0,0.0,11,35
2019-03-28 11:40:00,2952.8,2955.0,2951.55,2955.0,3765,2019-03-28,2019,2958.333333333333,2931.6666666666665,3003.333333333333,3021.6666666666665,2995.0,2950.0,2965.0,2985.0,2976.6666666666665,2959.4766666666665,2948.8566666666666,2993.8566666666666,3004.4766666666665,2886.6666666666665,3066.6666666666665,,,0.0,0.0,0.0,11,40
2019-03-28 11:45:00,2955.0,2955.0,2952.5,2952.5,1248,2019-03-28,2019,2958.333333333333,2931.6666666666665,3003.333333333333,3021.6666666666665,2995.0,2950.0,2965.0,2985.0,2976.6666666666665,2959.4766666666665,2948.8566666666666,2993.8566666666666,3004.4766666666665,2886.6666666666665,3066.6666666666665,,,0.0,0.0,0.0,11,45
2019-03-28 11:50:00,2952.5,2956.2,2950.5,2955.0,9860,2019-03-28,2019,2958.333333333333,2931.6666666666665,3003.333333333333,3021.6666666666665,2995.0,2950.0,2965.0,2985.0,2976.6666666666665,2959.4766666666665,2948.8566666666666,2993.8566666666666,3004.4766666666665,2886.6666666666665,3066.6666666666665,,,0.0,0.0,0.0,11,50
2019-03-28 11:55:00,2955.0,2956.3,2950.1,2953.05,8768,2019-03-28,2019,2958.333333333333,2931.6666666666665,3003.333333333333,3021.6666666666665,2995.0,2950.0,2965.0,2985.0,2976.6666666666665,2959.4766666666665,2948.8566666666666,2993.8566666666666,3004.4766666666665,2886.6666666666665,3066.6666666666665,,,0.0,0.0,0.0,11,55
2019-03-28 12:00:00,2953.1,2955.9,2950.25,2955.0,11740,2019-03-28,2019,2958.333333333333,2931.6666666666665,3003.333333333333,3021.6666666666665,2995.0,2950.0,2965.0,2985.0,2976.6666666666665,2959.4766666666665,2948.8566666666666,2993.8566666666666,3004.4766666666665,2886.6666666666665,3066.6666666666665,,,0.0,0.0,0.0,12,0
2019-03-28 12:05:00,2955.0,2955.5,2953.0,2955.0,3671,2019-03-28,2019,2958.333333333333,2931.6666666666665,3003.333333333333,3021.6666666666665,2995.0,2950.0,2965.0,2985.0,2976.6666666666665,2959.4766666666665,2948.8566666666666,2993.8566666666666,3004.4766666666665,2886.6666666666665,3066.6666666666665,,,0.0,0.0,0.0,12,5
2019-03-28 12:10:00,2955.0,2955.3,2945.05,2945.05,6514,2019-03-28,2019,2958.333333333333,2931.6666666666665,3003.333333333333,3021.6666666666665,2995.0,2950.0,2965.0,2985.0,2976.6666666666665,2959.4766666666665,2948.8566666666666,2993.8566666666666,3004.4766666666665,2886.6666666666665,3066.6666666666665,,,0.0,0.0,0.0,12,10
2019-03-28 12:15:00,2945.05,2952.25,2940.15,2946.85,33229,2019-03-28,2019,2958.333333333333,2931.6666666666665,3003.333333333333,3021.6666666666665,2995.0,2950.0,2965.0,2985.0,2976.6666666666665,2959.4766666666665,2948.8566666666666,2993.8566666666666,3004.4766666666665,2886.6666666666665,3066.6666666666665,,,0.0,0.0,0.0,12,15
2019-03-28 12:20:00,2946.85,2950.6,2945.0,2950.4,6255,2019-03-28,2019,2958.333333333333,2931.6666666666665,3003.333333333333,3021.6666666666665,2995.0,2950.0,2965.0,2985.0,2976.6666666666665,2959.4766666666665,2948.8566666666666,2993.8566666666666,3004.4766666666665,2886.6666666666665,3066.6666666666665,,,0.0,0.0,0.0,12,20
2019-03-28 12:25:00,2950.0,2951.5,2947.0,2951.05,6671,2019-03-28,2019,2958.333333333333,2931.6666666666665,3003.333333333333,3021.6666666666665,2995.0,2950.0,2965.0,2985.0,2976.6666666666665,2959.4766666666665,2948.8566666666666,2993.8566666666666,3004.4766666666665,2886.6666666666665,3066.6666666666665,,,0.0,0.0,0.0,12,25
2019-03-28 12:30:00,2951.05,2951.95,2948.8,2948.8,8071,2019-03-28,2019,2958.333333333333,2931.6666666666665,3003.333333333333,3021.6666666666665,2995.0,2950.0,2965.0,2985.0,2976.6666666666665,2959.4766666666665,2948.8566666666666,2993.8566666666666,3004.4766666666665,2886.6666666666665,3066.6666666666665,,,0.0,0.0,0.0,12,30
2019-03-28 12:35:00,2948.8,2951.0,2947.0,2950.0,7677,2019-03-28,2019,2958.333333333333,2931.6666666666665,3003.333333333333,3021.6666666666665,2995.0,2950.0,2965.0,2985.0,2976.6666666666665,2959.4766666666665,2948.8566666666666,2993.8566666666666,3004.4766666666665,2886.6666666666665,3066.6666666666665,,,0.0,0.0,0.0,12,35
2019-03-28 12:40:00,2950.0,2951.0,2949.0,2950.25,2684,2019-03-28,2019,2958.333333333333,2931.6666666666665,3003.333333333333,3021.6666666666665,2995.0,2950.0,2965.0,2985.0,2976.6666666666665,2959.4766666666665,2948.8566666666666,2993.8566666666666,3004.4766666666665,2886.6666666666665,3066.6666666666665,,,0.0,0.0,0.0,12,40
2019-03-28 12:45:00,2950.25,2950.25,2944.0,2944.25,5979,2019-03-28,2019,2958.333333333333,2931.6666666666665,3003.333333333333,3021.6666666666665,2995.0,2950.0,2965.0,2985.0,2976.6666666666665,2959.4766666666665,2948.8566666666666,2993.8566666666666,3004.4766666666665,2886.6666666666665,3066.6666666666665,,,0.0,0.0,0.0,12,45
2019-03-28 12:50:00,2944.25,2946.55,2943.5,2944.1,8598,2019-03-28,2019,2958.333333333333,2931.6666666666665,3003.333333333333,3021.6666666666665,2995.0,2950.0,2965.0,2985.0,2976.6666666666665,2959.4766666666665,2948.8566666666666,2993.8566666666666,3004.4766666666665,2886.6666666666665,3066.6666666666665,,,0.0,0.0,0.0,12,50
2019-03-28 12:55:00,2945.6,2948.75,2944.1,2947.8,3428,2019-03-28,2019,2958.333333333333,2931.6666666666665,3003.333333333333,3021.6666666666665,2995.0,2950.0,2965.0,2985.0,2976.6666666666665,2959.4766666666665,2948.8566666666666,2993.8566666666666,3004.4766666666665,2886.6666666666665,3066.6666666666665,,,0.0,0.0,0.0,12,55
2019-03-28 13:00:00,2947.2,2948.0,2946.0,2947.25,6301,2019-03-28,2019,2958.333333333333,2931.6666666666665,3003.333333333333,3021.6666666666665,2995.0,2950.0,2965.0,2985.0,2976.6666666666665,2959.4766666666665,2948.8566666666666,2993.8566666666666,3004.4766666666665,2886.6666666666665,3066.6666666666665,,,0.0,0.0,0.0,13,0
2019-03-28 13:05:00,2947.25,2948.0,2946.0,2947.25,5941,2019-03-28,2019,2958.333333333333,2931.6666666666665,3003.333333333333,3021.6666666666665,2995.0,2950.0,2965.0,2985.0,2976.6666666666665,2959.4766666666665,2948.8566666666666,2993.8566666666666,3004.4766666666665,2886.6666666666665,3066.6666666666665,,,0.0,0.0,0.0,13,5
2019-03-28 13:10:00,2947.25,2947.45,2944.0,2945.0,7428,2019-03-28,2019,2958.333333333333,2931.6666666666665,3003.333333333333,3021.6666666666665,2995.0,2950.0,2965.0,2985.0,2976.6666666666665,2959.4766666666665,2948.8566666666666,2993.8566666666666,3004.4766666666665,2886.6666666666665,3066.6666666666665,,,0.0,0.0,0.0,13,10
2019-03-28 13:15:00,2945.0,2947.9,2945.0,2947.45,6516,2019-03-28,2019,2958.333333333333,2931.6666666666665,3003.333333333333,3021.6666666666665,2995.0,2950.0,2965.0,2985.0,2976.6666666666665,2959.4766666666665,2948.8566666666666,2993.8566666666666,3004.4766666666665,2886.6666666666665,3066.6666666666665,,,0.0,0.0,0.0,13,15
2019-03-28 13:20:00,2947.45,2948.0,2946.0,2946.85,11213,2019-03-28,2019,2958.333333333333,2931.6666666666665,3003.333333333333,3021.6666666666665,2995.0,2950.0,2965.0,2985.0,2976.6666666666665,2959.4766666666665,2948.8566666666666,2993.8566666666666,3004.4766666666665,2886.6666666666665,3066.6666666666665,,,0.0,0.0,0.0,13,20
2019-03-28 13:25:00,2946.85,2947.0,2945.0,2945.8,9750,2019-03-28,2019,2958.333333333333,2931.6666666666665,3003.333333333333,3021.6666666666665,2995.0,2950.0,2965.0,2985.0,2976.6666666666665,2959.4766666666665,2948.8566666666666,2993.8566666666666,3004.4766666666665,2886.6666666666665,3066.6666666666665,,,0.0,0.0,0.0,13,25
2019-03-28 13:30:00,2945.8,2947.5,2945.0,2945.45,8244,2019-03-28,2019,2958.333333333333,2931.6666666666665,3003.333333333333,3021.6666666666665,2995.0,2950.0,2965.0,2985.0,2976.6666666666665,2959.4766666666665,2948.8566666666666,2993.8566666666666,3004.4766666666665,2886.6666666666665,3066.6666666666665,,,0.0,0.0,0.0,13,30
2019-03-28 13:35:00,2945.45,2946.65,2936.95,2940.9,25429,2019-03-28,2019,2958.333333333333,2931.6666666666665,3003.333333333333,3021.6666666666665,2995.0,2950.0,2965.0,2985.0,2976.6666666666665,2959.4766666666665,2948.8566666666666,2993.8566666666666,3004.4766666666665,2886.6666666666665,3066.6666666666665,,,0.0,0.0,0.0,13,35
2019-03-28 13:40:00,2941.5,2944.9,2940.0,2941.2,3779,2019-03-28,2019,2958.333333333333,2931.6666666666665,3003.333333333333,3021.6666666666665,2995.0,2950.0,2965.0,2985.0,2976.6666666666665,2959.4766666666665,2948.8566666666666,2993.8566666666666,3004.4766666666665,2886.6666666666665,3066.6666666666665,,,0.0,0.0,0.0,13,40
2019-03-28 13:45:00,2941.2,2944.2,2940.0,2943.9,7689,2019-03-28,2019,2958.333333333333,2931.6666666666665,3003.333333333333,3021.6666666666665,2995.0,2950.0,2965.0,2985.0,2976.6666666666665,2959.4766666666665,2948.8566666666666,2993.8566666666666,3004.4766666666665,2886.6666666666665,3066.6666666666665,,,0.0,0.0,0.0,13,45
2019-03-28 13:50:00,2943.9,2948.0,2942.4,2945.05,7541,2019-03-28,2019,2958.333333333333,2931.6666666666665,3003.333333333333,3021.6666666666665,2995.0,2950.0,2965.0,2985.0,2976.6666666666665,2959.4766666666665,2948.8566666666666,2993.8566666666666,3004.4766666666665,2886.6666666666665,3066.6666666666665,,,0.0,0.0,0.0,13,50
2019-03-28 13:55:00,2945.05,2947.5,2940.95,2943.7,6113,2019-03-28,2019,2958.333333333333,2931.6666666666665,3003.333333333333,3021.6666666666665,2995.0,2950.0,2965.0,2985.0,2976.6666666666665,2959.4766666666665,2948.8566666666666,2993.8566666666666,3004.4766666666665,2886.6666666666665,3066.6666666666665,,,0.0,0.0,0.0,13,55
2019-03-28 14:00:00,2943.85,2945.4,2941.2,2944.1,3093,2019-03-28,2019,2958.333333333333,2931.6666666666665,3003.333333333333,3021.6666666666665,2995.0,2950.0,2965.0,2985.0,2976.6666666666665,2959.4766666666665,2948.8566666666666,2993.8566666666666,3004.4766666666665,2886.6666666666665,3066.6666666666665,,,0.0,0.0,0.0,14,0
2019-03-28 14:05:00,2944.1,2945.8,2942.3,2945.7,2030,2019-03-28,2019,2958.333333333333,2931.6666666666665,3003.333333333333,3021.6666666666665,2995.0,2950.0,2965.0,2985.0,2976.6666666666665,2959.4766666666665,2948.8566666666666,2993.8566666666666,3004.4766666666665,2886.6666666666665,3066.6666666666665,,,0.0,0.0,0.0,14,5
2019-03-28 14:10:00,2945.7,2947.0,2944.15,2945.9,2262,2019-03-28,2019,2958.333333333333,2931.6666666666665,3003.333333333333,3021.6666666666665,2995.0,2950.0,2965.0,2985.0,2976.6666666666665,2959.4766666666665,2948.8566666666666,2993.8566666666666,3004.4766666666665,2886.6666666666665,3066.6666666666665,,,0.0,0.0,0.0,14,10
2019-03-28 14:15:00,2945.9,2946.2,2937.05,2938.1,9003,2019-03-28,2019,2958.333333333333,2931.6666666666665,3003.333333333333,3021.6666666666665,2995.0,2950.0,2965.0,2985.0,2976.6666666666665,2959.4766666666665,2948.8566666666666,2993.8566666666666,3004.4766666666665,2886.6666666666665,3066.6666666666665,,,0.0,0.0,0.0,14,15
2019-03-28 14:20:00,2938.1,2938.25,2930.1,2938.0,11604,2019-03-28,2019,2958.333333333333,2931.6666666666665,3003.333333333333,3021.6666666666665,2995.0,2950.0,2965.0,2985.0,2976.6666666666665,2959.4766666666665,2948.8566666666666,2993.8566666666666,3004.4766666666665,2886.6666666666665,3066.6666666666665,,,0.0,0.0,0.0,14,20
2019-03-28 14:25:00,2938.0,2938.5,2930.0,2932.0,7198,2019-03-28,2019,2958.333333333333,2931.6666666666665,3003.333333333333,3021.6666666666665,2995.0,2950.0,2965.0,2985.0,2976.6666666666665,2959.4766666666665,2948.8566666666666,2993.8566666666666,3004.4766666666665,2886.6666666666665,3066.6666666666665,,,0.0,0.0,0.0,14,25
2019-03-28 14:30:00,2934.3,2936.7,2928.0,2931.85,13503,2019-03-28,2019,2958.333333333333,2931.6666666666665,3003.333333333333,3021.6666666666665,2995.0,2950.0,2965.0,2985.0,2976.6666666666665,2959.4766666666665,2948.8566666666666,2993.8566666666666,3004.4766666666665,2886.6666666666665,3066.6666666666665,,,0.0,0.0,0.0,14,30
2019-03-28 14:35:00,2931.85,2933.9,2925.0,2927.8,7305,2019-03-28,2019,2958.333333333333,2931.6666666666665,3003.333333333333,3021.6666666666665,2995.0,2950.0,2965.0,2985.0,2976.6666666666665,2959.4766666666665,2948.8566666666666,2993.8566666666666,3004.4766666666665,2886.6666666666665,3066.6666666666665,,,0.0,0.0,0.0,14,35
2019-03-28 14:40:00,2927.8,2934.0,2927.0,2930.0,6345,2019-03-28,2019,2958.333333333333,2931.6666666666665,3003.333333333333,3021.6666666666665,2995.0,2950.0,2965.0,2985.0,2976.6666666666665,2959.4766666666665,2948.8566666666666,2993.8566666666666,3004.4766666666665,2886.6666666666665,3066.6666666666665,,,0.0,0.0,0.0,14,40
2019-03-28 14:45:00,2930.0,2932.4,2927.05,2929.05,6468,2019-03-28,2019,2958.333333333333,2931.6666666666665,3003.333333333333,3021.6666666666665,2995.0,2950.0,2965.0,2985.0,2976.6666666666665,2959.4766666666665,2948.8566666666666,2993.8566666666666,3004.4766666666665,2886.6666666666665,3066.6666666666665,,,0.0,0.0,0.0,14,45
2019-03-28 14:50:00,2929.05,2929.4,2915.0,2922.5,19440,2019-03-28,2019,2958.333333333333,2931.6666666666665,3003.333333333333,3021.6666666666665,2995.0,2950.0,2965.0,2985.0,2976.6666666666665,2959.4766666666665,2948.8566666666666,2993.8566666666666,3004.4766666666665,2886.6666666666665,3066.6666666666665,,,0.0,0.0,0.0,14,50
2019-03-28 14:55:00,2922.5,2932.0,2922.45,2930.0,18467,2019-03-28,2019,2958.333333333333,2931.6666666666665,3003.333333333333,3021.6666666666665,2995.0,2950.0,2965.0,2985.0,2976.6666666666665,2959.4766666666665,2948.8566666666666,2993.8566666666666,3004.4766666666665,2886.6666666666665,3066.6666666666665,,,0.0,0.0,0.0,14,55
2019-03-28 15:00:00,2932.0,2947.75,2920.0,2942.95,79606,2019-03-28,2019,2958.333333333333,2931.6666666666665,3003.333333333333,3021.6666666666665,2995.0,2950.0,2965.0,2985.0,2976.6666666666665,2959.4766666666665,2948.8566666666666,2993.8566666666666,3004.4766666666665,2886.6666666666665,3066.6666666666665,,,0.0,0.0,0.0,15,0
2019-03-28 15:05:00,2941.6,2950.8,2941.35,2950.0,58603,2019-03-28,2019,2958.333333333333,2931.6666666666665,3003.333333333333,3021.6666666666665,2995.0,2950.0,2965.0,2985.0,2976.6666666666665,2959.4766666666665,2948.8566666666666,2993.8566666666666,3004.4766666666665,2886.6666666666665,3066.6666666666665,,,0.0,0.0,0.0,15,5
2019-03-28 15:10:00,2950.0,2960.95,2949.2,2959.0,79813,2019-03-28,2019,2958.333333333333,2931.6666666666665,3003.333333333333,3021.6666666666665,2995.0,2950.0,2965.0,2985.0,2976.6666666666665,2959.4766666666665,2948.8566666666666,2993.8566666666666,3004.4766666666665,2886.6666666666665,3066.6666666666665,,,0.0,0.0,0.0,15,10
2019-03-28 15:15:00,2961.0,2968.9,2955.35,2955.4,82124,2019-03-28,2019,2958.333333333333,2931.6666666666665,3003.333333333333,3021.6666666666665,2995.0,2950.0,2965.0,2985.0,2976.6666666666665,2959.4766666666665,2948.8566666666666,2993.8566666666666,3004.4766666666665,2886.6666666666665,3066.6666666666665,,,0.0,0.0,0.0,15,15
2019-03-28 15:20:00,2955.2,2957.85,2936.2,2942.65,84421,2019-03-28,2019,2958.333333333333,2931.6666666666665,3003.333333333333,3021.6666666666665,2995.0,2950.0,2965.0,2985.0,2976.6666666666665,2959.4766666666665,2948.8566666666666,2993.8566666666666,3004.4766666666665,2886.6666666666665,3066.6666666666665,,,0.0,0.0,0.0,15,20
2019-03-28 15:25:00,2942.0,2957.0,2938.05,2954.0,59935,2019-03-28,2019,2958.333333333333,2931.6666666666665,3003.333333333333,3021.6666666666665,2995.0,2950.0,2965.0,2985.0,2976.6666666666665,2959.4766666666665,2948.8566666666666,2993.8566666666666,3004.4766666666665,2886.6666666666665,3066.6666666666665,,,0.0,0.0,0.0,15,25
2019-03-29 09:15:00,2953.0,2953.0,2924.0,2927.85,28835,2019-03-29,2019,2905.916666666667,2857.8333333333335,3011.166666666667,3068.3333333333335,3020.25,2915.0,2989.0,2954.0,2963.0833333333335,2922.8778333333335,2898.0388333333335,3003.2888333333335,3028.1278333333335,2752.5833333333335,3173.5833333333335,,,0.0,0.0,0.0,9,15
2019-03-29 09:20:00,2926.2,2942.0,2923.85,2930.4,17634,2019-03-29,2019,2905.916666666667,2857.8333333333335,3011.166666666667,3068.3333333333335,3020.25,2915.0,2989.0,2954.0,2963.0833333333335,2922.8778333333335,2898.0388333333335,3003.2888333333335,3028.1278333333335,2752.5833333333335,3173.5833333333335,Entry,Sell,2924.0,2899.516666666667,2953.0,9,20
2019-03-29 09:25:00,2930.3,2937.45,2924.25,2924.9,30512,2019-03-29,2019,2905.916666666667,2857.8333333333335,3011.166666666667,3068.3333333333335,3020.25,2915.0,2989.0,2954.0,2963.0833333333335,2922.8778333333335,2898.0388333333335,3003.2888333333335,3028.1278333333335,2752.5833333333335,3173.5833333333335,,,0.0,0.0,0.0,9,25
2019-03-29 09:30:00,2925.0,2928.95,2917.0,2922.7,28605,2019-03-29,2019,2905.916666666667,2857.8333333333335,3011.166666666667,3068.3333333333335,3020.25,2915.0,2989.0,2954.0,2963.0833333333335,2922.8778333333335,2898.0388333333335,3003.2888333333335,3028.1278333333335,2752.5833333333335,3173.5833333333335,,,0.0,0.0,0.0,9,30
2019-03-29 09:35:00,2923.9,2926.95,2922.2,2924.9,8357,2019-03-29,2019,2905.916666666667,2857.8333333333335,3011.166666666667,3068.3333333333335,3020.25,2915.0,2989.0,2954.0,2963.0833333333335,2922.8778333333335,2898.0388333333335,3003.2888333333335,3028.1278333333335,2752.5833333333335,3173.5833333333335,,,0.0,0.0,0.0,9,35
2019-03-29 09:40:00,2924.9,2930.0,2917.25,2927.7,18396,2019-03-29,2019,2905.916666666667,2857.8333333333335,3011.166666666667,3068.3333333333335,3020.25,2915.0,2989.0,2954.0,2963.0833333333335,2922.8778333333335,2898.0388333333335,3003.2888333333335,3028.1278333333335,2752.5833333333335,3173.5833333333335,,,0.0,0.0,0.0,9,40
2019-03-29 09:45:00,2927.7,2935.0,2926.9,2931.55,13746,2019-03-29,2019,2905.916666666667,2857.8333333333335,3011.166666666667,3068.3333333333335,3020.25,2915.0,2989.0,2954.0,2963.0833333333335,2922.8778333333335,2898.0388333333335,3003.2888333333335,3028.1278333333335,2752.5833333333335,3173.5833333333335,,,0.0,0.0,0.0,9,45
2019-03-29 09:50:00,2932.75,2934.95,2927.95,2934.65,7663,2019-03-29,2019,2905.916666666667,2857.8333333333335,3011.166666666667,3068.3333333333335,3020.25,2915.0,2989.0,2954.0,2963.0833333333335,2922.8778333333335,2898.0388333333335,3003.2888333333335,3028.1278333333335,2752.5833333333335,3173.5833333333335,,,0.0,0.0,0.0,9,50
2019-03-29 09:55:00,2934.65,2934.85,2928.05,2928.1,7774,2019-03-29,2019,2905.916666666667,2857.8333333333335,3011.166666666667,3068.3333333333335,3020.25,2915.0,2989.0,2954.0,2963.0833333333335,2922.8778333333335,2898.0388333333335,3003.2888333333335,3028.1278333333335,2752.5833333333335,3173.5833333333335,,,0.0,0.0,0.0,9,55
2019-03-29 10:00:00,2928.1,2932.7,2925.85,2929.0,5932,2019-03-29,2019,2905.916666666667,2857.8333333333335,3011.166666666667,3068.3333333333335,3020.25,2915.0,2989.0,2954.0,2963.0833333333335,2922.8778333333335,2898.0388333333335,3003.2888333333335,3028.1278333333335,2752.5833333333335,3173.5833333333335,,,0.0,0.0,0.0,10,0
2019-03-29 10:05:00,2929.0,2932.5,2927.55,2930.9,5108,2019-03-29,2019,2905.916666666667,2857.8333333333335,3011.166666666667,3068.3333333333335,3020.25,2915.0,2989.0,2954.0,2963.0833333333335,2922.8778333333335,2898.0388333333335,3003.2888333333335,3028.1278333333335,2752.5833333333335,3173.5833333333335,,,0.0,0.0,0.0,10,5
2019-03-29 10:10:00,2930.9,2932.5,2925.0,2930.9,7970,2019-03-29,2019,2905.916666666667,2857.8333333333335,3011.166666666667,3068.3333333333335,3020.25,2915.0,2989.0,2954.0,2963.0833333333335,2922.8778333333335,2898.0388333333335,3003.2888333333335,3028.1278333333335,2752.5833333333335,3173.5833333333335,,,0.0,0.0,0.0,10,10
2019-03-29 10:15:00,2930.9,2930.9,2922.3,2925.95,7699,2019-03-29,2019,2905.916666666667,2857.8333333333335,3011.166666666667,3068.3333333333335,3020.25,2915.0,2989.0,2954.0,2963.0833333333335,2922.8778333333335,2898.0388333333335,3003.2888333333335,3028.1278333333335,2752.5833333333335,3173.5833333333335,,,0.0,0.0,0.0,10,15
2019-03-29 10:20:00,2925.95,2926.65,2920.0,2926.15,9868,2019-03-29,2019,2905.916666666667,2857.8333333333335,3011.166666666667,3068.3333333333335,3020.25,2915.0,2989.0,2954.0,2963.0833333333335,2922.8778333333335,2898.0388333333335,3003.2888333333335,3028.1278333333335,2752.5833333333335,3173.5833333333335,,,0.0,0.0,0.0,10,20
2019-03-29 10:25:00,2926.15,2929.95,2921.2,2921.5,7701,2019-03-29,2019,2905.916666666667,2857.8333333333335,3011.166666666667,3068.3333333333335,3020.25,2915.0,2989.0,2954.0,2963.0833333333335,2922.8778333333335,2898.0388333333335,3003.2888333333335,3028.1278333333335,2752.5833333333335,3173.5833333333335,,,0.0,0.0,0.0,10,25
2019-03-29 10:30:00,2921.5,2925.55,2918.05,2924.3,11840,2019-03-29,2019,2905.916666666667,2857.8333333333335,3011.166666666667,3068.3333333333335,3020.25,2915.0,2989.0,2954.0,2963.0833333333335,2922.8778333333335,2898.0388333333335,3003.2888333333335,3028.1278333333335,2752.5833333333335,3173.5833333333335,,,0.0,0.0,0.0,10,30
2019-03-29 10:35:00,2924.3,2924.35,2915.2,2916.7,8762,2019-03-29,2019,2905.916666666667,2857.8333333333335,3011.166666666667,3068.3333333333335,3020.25,2915.0,2989.0,2954.0,2963.0833333333335,2922.8778333333335,2898.0388333333335,3003.2888333333335,3028.1278333333335,2752.5833333333335,3173.5833333333335,,,0.0,0.0,0.0,10,35
2019-03-29 10:40:00,2917.0,2918.85,2907.45,2908.6,20498,2019-03-29,2019,2905.916666666667,2857.8333333333335,3011.166666666667,3068.3333333333335,3020.25,2915.0,2989.0,2954.0,2963.0833333333335,2922.8778333333335,2898.0388333333335,3003.2888333333335,3028.1278333333335,2752.5833333333335,3173.5833333333335,,,0.0,0.0,0.0,10,40
2019-03-29 10:45:00,2908.6,2918.9,2906.05,2918.8,10405,2019-03-29,2019,2905.916666666667,2857.8333333333335,3011.166666666667,3068.3333333333335,3020.25,2915.0,2989.0,2954.0,2963.0833333333335,2922.8778333333335,2898.0388333333335,3003.2888333333335,3028.1278333333335,2752.5833333333335,3173.5833333333335,Exit,Buy,2912.304,2956.5873333333334,2907.45,10,45
2019-03-29 10:50:00,2918.8,2920.1,2911.0,2913.05,6054,2019-03-29,2019,2905.916666666667,2857.8333333333335,3011.166666666667,3068.3333333333335,3020.25,2915.0,2989.0,2954.0,2963.0833333333335,2922.8778333333335,2898.0388333333335,3003.2888333333335,3028.1278333333335,2752.5833333333335,3173.5833333333335,,,0.0,0.0,0.0,10,50
2019-03-29 10:55:00,2913.05,2913.05,2906.2,2911.0,6425,2019-03-29,2019,2905.916666666667,2857.8333333333335,3011.166666666667,3068.3333333333335,3020.25,2915.0,2989.0,2954.0,2963.0833333333335,2922.8778333333335,2898.0388333333335,3003.2888333333335,3028.1278333333335,2752.5833333333335,3173.5833333333335,Exit,Sell,2907.45,2854.2833333333333,2953.0,10,55
2019-03-29 11:00:00,2911.0,2915.85,2906.6,2908.75,7633,2019-03-29,2019,2905.916666666667,2857.8333333333335,3011.166666666667,3068.3333333333335,3020.25,2915.0,2989.0,2954.0,2963.0833333333335,2922.8778333333335,2898.0388333333335,3003.2888333333335,3028.1278333333335,2752.5833333333335,3173.5833333333335,,,0.0,0.0,0.0,11,0
2019-03-29 11:05:00,2908.75,2910.9,2906.1,2906.2,6421,2019-03-29,2019,2905.916666666667,2857.8333333333335,3011.166666666667,3068.3333333333335,3020.25,2915.0,2989.0,2954.0,2963.0833333333335,2922.8778333333335,2898.0388333333335,3003.2888333333335,3028.1278333333335,2752.5833333333335,3173.5833333333335,,,0.0,0.0,0.0,11,5
2019-03-29 11:10:00,2906.1,2908.4,2902.8,2906.35,8579,2019-03-29,2019,2905.916666666667,2857.8333333333335,3011.166666666667,3068.3333333333335,3020.25,2915.0,2989.0,2954.0,2963.0833333333335,2922.8778333333335,2898.0388333333335,3003.2888333333335,3028.1278333333335,2752.5833333333335,3173.5833333333335,,,0.0,0.0,0.0,11,10
2019-03-29 11:15:00,2906.35,2907.2,2895.1,2898.0,16871,2019-03-29,2019,2905.916666666667,2857.8333333333335,3011.166666666667,3068.3333333333335,3020.25,2915.0,2989.0,2954.0,2963.0833333333335,2922.8778333333335,2898.0388333333335,3003.2888333333335,3028.1278333333335,2752.5833333333335,3173.5833333333335,,,0.0,0.0,0.0,11,15
2019-03-29 11:20:00,2898.0,2905.0,2891.55,2902.05,12206,2019-03-29,2019,2905.916666666667,2857.8333333333335,3011.166666666667,3068.3333333333335,3020.25,2915.0,2989.0,2954.0,2963.0833333333335,2922.8778333333335,2898.0388333333335,3003.2888333333335,3028.1278333333335,2752.5833333333335,3173.5833333333335,,,0.0,0.0,0.0,11,20
2019-03-29 11:25:00,2902.05,2903.4,2897.35,2901.0,7219,2019-03-29,2019,2905.916666666667,2857.8333333333335,3011.166666666667,3068.3333333333335,3020.25,2915.0,2989.0,2954.0,2963.0833333333335,2922.8778333333335,2898.0388333333335,3003.2888333333335,3028.1278333333335,2752.5833333333335,3173.5833333333335,Exit,Buy,2895.8201999999997,2917.698033333333,2891.55,11,25
2019-03-29 11:30:00,2901.25,2908.1,2900.05,2901.9,6891,2019-03-29,2019,2905.916666666667,2857.8333333333335,3011.166666666667,3068.3333333333335,3020.25,2915.0,2989.0,2954.0,2963.0833333333335,2922.8778333333335,2898.0388333333335,3003.2888333333335,3028.1278333333335,2752.5833333333335,3173.5833333333335,,,0.0,0.0,0.0,11,30
2019-03-29 11:35:00,2901.9,2902.1,2897.35,2899.0,57988,2019-03-29,2019,2905.916666666667,2857.8333333333335,3011.166666666667,3068.3333333333335,3020.25,2915.0,2989.0,2954.0,2963.0833333333335,2922.8778333333335,2898.0388333333335,3003.2888333333335,3028.1278333333335,2752.5833333333335,3173.5833333333335,,,0.0,0.0,0.0,11,35
2019-03-29 11:40:00,2899.0,2903.95,2899.0,2903.95,4755,2019-03-29,2019,2905.916666666667,2857.8333333333335,3011.166666666667,3068.3333333333335,3020.25,2915.0,2989.0,2954.0,2963.0833333333335,2922.8778333333335,2898.0388333333335,3003.2888333333335,3028.1278333333335,2752.5833333333335,3173.5833333333335,,,0.0,0.0,0.0,11,40
2019-03-29 11:45:00,2903.95,2903.95,2900.0,2901.15,2718,2019-03-29,2019,2905.916666666667,2857.8333333333335,3011.166666666667,3068.3333333333335,3020.25,2915.0,2989.0,2954.0,2963.0833333333335,2922.8778333333335,2898.0388333333335,3003.2888333333335,3028.1278333333335,2752.5833333333335,3173.5833333333335,,,0.0,0.0,0.0,11,45
2019-03-29 11:50:00,2901.15,2903.9,2900.0,2900.3,6221,2019-03-29,2019,2905.916666666667,2857.8333333333335,3011.166666666667,3068.3333333333335,3020.25,2915.0,2989.0,2954.0,2963.0833333333335,2922.8778333333335,2898.0388333333335,3003.2888333333335,3028.1278333333335,2752.5833333333335,3173.5833333333335,,,0.0,0.0,0.0,11,50
2019-03-29 11:55:00,2900.3,2908.0,2900.0,2906.0,11144,2019-03-29,2019,2905.916666666667,2857.8333333333335,3011.166666666667,3068.3333333333335,3020.25,2915.0,2989.0,2954.0,2963.0833333333335,2922.8778333333335,2898.0388333333335,3003.2888333333335,3028.1278333333335,2752.5833333333335,3173.5833333333335,,,0.0,0.0,0.0,11,55
2019-03-29 12:00:00,2905.5,2910.95,2905.0,2909.8,8885,2019-03-29,2019,2905.916666666667,2857.8333333333335,3011.166666666667,3068.3333333333335,3020.25,2915.0,2989.0,2954.0,2963.0833333333335,2922.8778333333335,2898.0388333333335,3003.2888333333335,3028.1278333333335,2752.5833333333335,3173.5833333333335,,,0.0,0.0,0.0,12,0
2019-03-29 12:05:00,2909.8,2909.8,2905.8,2908.3,4493,2019-03-29,2019,2905.916666666667,2857.8333333333335,3011.166666666667,3068.3333333333335,3020.25,2915.0,2989.0,2954.0,2963.0833333333335,2922.8778333333335,2898.0388333333335,3003.2888333333335,3028.1278333333335,2752.5833333333335,3173.5833333333335,Exit,Sell,2907.4034807999997,2856.936814133333,2953.0,12,5
2019-03-29 12:10:00,2908.3,2921.0,2908.3,2919.3,20129,2019-03-29,2019,2905.916666666667,2857.8333333333335,3011.166666666667,3068.3333333333335,3020.25,2915.0,2989.0,2954.0,2963.0833333333335,2922.8778333333335,2898.0388333333335,3003.2888333333335,3028.1278333333335,2752.5833333333335,3173.5833333333335,,,0.0,0.0,0.0,12,10
2019-03-29 12:15:00,2919.25,2919.8,2909.0,2912.8,8156,2019-03-29,2019,2905.916666666667,2857.8333333333335,3011.166666666667,3068.3333333333335,3020.25,2915.0,2989.0,2954.0,2963.0833333333335,2922.8778333333335,2898.0388333333335,3003.2888333333335,3028.1278333333335,2752.5833333333335,3173.5833333333335,,,0.0,0.0,0.0,12,15
2019-03-29 12:20:00,2912.8,2913.45,2910.5,2910.75,4930,2019-03-29,2019,2905.916666666667,2857.8333333333335,3011.166666666667,3068.3333333333335,3020.25,2915.0,2989.0,2954.0,2963.0833333333335,2922.8778333333335,2898.0388333333335,3003.2888333333335,3028.1278333333335,2752.5833333333335,3173.5833333333335,,,0.0,0.0,0.0,12,20
2019-03-29 12:25:00,2910.75,2911.05,2906.8,2909.55,5934,2019-03-29,2019,2905.916666666667,2857.8333333333335,3011.166666666667,3068.3333333333335,3020.25,2915.0,2989.0,2954.0,2963.0833333333335,2922.8778333333335,2898.0388333333335,3003.2888333333335,3028.1278333333335,2752.5833333333335,3173.5833333333335,,,0.0,0.0,0.0,12,25
2019-03-29 12:30:00,2909.55,2912.0,2907.35,2912.0,3993,2019-03-29,2019,2905.916666666667,2857.8333333333335,3011.166666666667,3068.3333333333335,3020.25,2915.0,2989.0,2954.0,2963.0833333333335,2922.8778333333335,2898.0388333333335,3003.2888333333335,3028.1278333333335,2752.5833333333335,3173.5833333333335,,,0.0,0.0,0.0,12,30
2019-03-29 12:35:00,2912.0,2912.95,2908.0,2910.55,1935,2019-03-29,2019,2905.916666666667,2857.8333333333335,3011.166666666667,3068.3333333333335,3020.25,2915.0,2989.0,2954.0,2963.0833333333335,2922.8778333333335,2898.0388333333335,3003.2888333333335,3028.1278333333335,2752.5833333333335,3173.5833333333335,,,0.0,0.0,0.0,12,35
2019-03-29 12:40:00,2910.95,2913.0,2908.0,2908.0,3146,2019-03-29,2019,2905.916666666667,2857.8333333333335,3011.166666666667,3068.3333333333335,3020.25,2915.0,2989.0,2954.0,2963.0833333333335,2922.8778333333335,2898.0388333333335,3003.2888333333335,3028.1278333333335,2752.5833333333335,3173.5833333333335,,,0.0,0.0,0.0,12,40
2019-03-29 12:45:00,2908.35,2909.2,2904.95,2906.9,2857,2019-03-29,2019,2905.916666666667,2857.8333333333335,3011.166666666667,3068.3333333333335,3020.25,2915.0,2989.0,2954.0,2963.0833333333335,2922.8778333333335,2898.0388333333335,3003.2888333333335,3028.1278333333335,2752.5833333333335,3173.5833333333335,,,0.0,0.0,0.0,12,45
2019-03-29 12:50:00,2906.9,2908.9,2906.75,2908.1,1025,2019-03-29,2019,2905.916666666667,2857.8333333333335,3011.166666666667,3068.3333333333335,3020.25,2915.0,2989.0,2954.0,2963.0833333333335,2922.8778333333335,2898.0388333333335,3003.2888333333335,3028.1278333333335,2752.5833333333335,3173.5833333333335,,,0.0,0.0,0.0,12,50
2019-03-29 12:55:00,2908.1,2910.0,2900.0,2902.35,9506,2019-03-29,2019,2905.916666666667,2857.8333333333335,3011.166666666667,3068.3333333333335,3020.25,2915.0,2989.0,2954.0,2963.0833333333335,2922.8778333333335,2898.0388333333335,3003.2888333333335,3028.1278333333335,2752.5833333333335,3173.5833333333335,,,0.0,0.0,0.0,12,55
2019-03-29 13:00:00,2902.35,2902.75,2900.0,2900.4,5888,2019-03-29,2019,2905.916666666667,2857.8333333333335,3011.166666666667,3068.3333333333335,3020.25,2915.0,2989.0,2954.0,2963.0833333333335,2922.8778333333335,2898.0388333333335,3003.2888333333335,3028.1278333333335,2752.5833333333335,3173.5833333333335,,,0.0,0.0,0.0,13,0
2019-03-29 13:05:00,2900.4,2904.9,2899.5,2904.3,19925,2019-03-29,2019,2905.916666666667,2857.8333333333335,3011.166666666667,3068.3333333333335,3020.25,2915.0,2989.0,2954.0,2963.0833333333335,2922.8778333333335,2898.0388333333335,3003.2888333333335,3028.1278333333335,2752.5833333333335,3173.5833333333335,,,0.0,0.0,0.0,13,5
2019-03-29 13:10:00,2904.3,2910.0,2904.3,2908.15,3945,2019-03-29,2019,2905.916666666667,2857.8333333333335,3011.166666666667,3068.3333333333335,3020.25,2915.0,2989.0,2954.0,2963.0833333333335,2922.8778333333335,2898.0388333333335,3003.2888333333335,3028.1278333333335,2752.5833333333335,3173.5833333333335,,,0.0,0.0,0.0,13,10
2019-03-29 13:15:00,2908.15,2908.95,2907.05,2907.8,1038,2019-03-29,2019,2905.916666666667,2857.8333333333335,3011.166666666667,3068.3333333333335,3020.25,2915.0,2989.0,2954.0,2963.0833333333335,2922.8778333333335,2898.0388333333335,3003.2888333333335,3028.1278333333335,2752.5833333333335,3173.5833333333335,,,0.0,0.0,0.0,13,15
2019-03-29 13:20:00,2907.8,2908.95,2904.75,2908.45,2028,2019-03-29,2019,2905.916666666667,2857.8333333333335,3011.166666666667,3068.3333333333335,3020.25,2915.0,2989.0,2954.0,2963.0833333333335,2922.8778333333335,2898.0388333333335,3003.2888333333335,3028.1278333333335,2752.5833333333335,3173.5833333333335,,,0.0,0.0,0.0,13,20
2019-03-29 13:25:00,2908.5,2909.45,2906.7,2909.45,2022,2019-03-29,2019,2905.916666666667,2857.8333333333335,3011.166666666667,3068.3333333333335,3020.25,2915.0,2989.0,2954.0,2963.0833333333335,2922.8778333333335,2898.0388333333335,3003.2888333333335,3028.1278333333335,2752.5833333333335,3173.5833333333335,,,0.0,0.0,0.0,13,25
2019-03-29 13:30:00,2909.45,2910.0,2907.75,2909.15,3027,2019-03-29,2019,2905.916666666667,2857.8333333333335,3011.166666666667,3068.3333333333335,3020.25,2915.0,2989.0,2954.0,2963.0833333333335,2922.8778333333335,2898.0388333333335,3003.2888333333335,3028.1278333333335,2752.5833333333335,3173.5833333333335,,,0.0,0.0,0.0,13,30
2019-03-29 13:35:00,2908.1,2909.15,2906.9,2908.0,1985,2019-03-29,2019,2905.916666666667,2857.8333333333335,3011.166666666667,3068.3333333333335,3020.25,2915.0,2989.0,2954.0,2963.0833333333335,2922.8778333333335,2898.0388333333335,3003.2888333333335,3028.1278333333335,2752.5833333333335,3173.5833333333335,,,0.0,0.0,0.0,13,35
2019-03-29 13:40:00,2908.0,2908.0,2902.0,2903.35,3013,2019-03-29,2019,2905.916666666667,2857.8333333333335,3011.166666666667,3068.3333333333335,3020.25,2915.0,2989.0,2954.0,2963.0833333333335,2922.8778333333335,2898.0388333333335,3003.2888333333335,3028.1278333333335,2752.5833333333335,3173.5833333333335,,,0.0,0.0,0.0,13,40
2019-03-29 13:45:00,2903.0,2908.5,2902.4,2906.9,4084,2019-03-29,2019,2905.916666666667,2857.8333333333335,3011.166666666667,3068.3333333333335,3020.25,2915.0,2989.0,2954.0,2963.0833333333335,2922.8778333333335,2898.0388333333335,3003.2888333333335,3028.1278333333335,2752.5833333333335,3173.5833333333335,,,0.0,0.0,0.0,13,45
2019-03-29 13:50:00,2906.9,2906.9,2903.0,2904.65,2447,2019-03-29,2019,2905.916666666667,2857.8333333333335,3011.166666666667,3068.3333333333335,3020.25,2915.0,2989.0,2954.0,2963.0833333333335,2922.8778333333335,2898.0388333333335,3003.2888333333335,3028.1278333333335,2752.5833333333335,3173.5833333333335,,,0.0,0.0,0.0,13,50
2019-03-29 13:55:00,2905.0,2910.0,2905.0,2909.7,5710,2019-03-29,2019,2905.916666666667,2857.8333333333335,3011.166666666667,3068.3333333333335,3020.25,2915.0,2989.0,2954.0,2963.0833333333335,2922.8778333333335,2898.0388333333335,3003.2888333333335,3028.1278333333335,2752.5833333333335,3173.5833333333335,,,0.0,0.0,0.0,13,55
2019-03-29 14:00:00,2909.7,2909.7,2906.05,2907.7,1394,2019-03-29,2019,2905.916666666667,2857.8333333333335,3011.166666666667,3068.3333333333335,3020.25,2915.0,2989.0,2954.0,2963.0833333333335,2922.8778333333335,2898.0388333333335,3003.2888333333335,3028.1278333333335,2752.5833333333335,3173.5833333333335,,,0.0,0.0,0.0,14,0
2019-03-29 14:05:00,2908.45,2912.55,2906.95,2911.85,4180,2019-03-29,2019,2905.916666666667,2857.8333333333335,3011.166666666667,3068.3333333333335,3020.25,2915.0,2989.0,2954.0,2963.0833333333335,2922.8778333333335,2898.0388333333335,3003.2888333333335,3028.1278333333335,2752.5833333333335,3173.5833333333335,,,0.0,0.0,0.0,14,5
2019-03-29 14:10:00,2911.85,2913.0,2905.75,2908.65,4184,2019-03-29,2019,2905.916666666667,2857.8333333333335,3011.166666666667,3068.3333333333335,3020.25,2915.0,2989.0,2954.0,2963.0833333333335,2922.8778333333335,2898.0388333333335,3003.2888333333335,3028.1278333333335,2752.5833333333335,3173.5833333333335,,,0.0,0.0,0.0,14,10
2019-03-29 14:15:00,2908.65,2911.2,2907.25,2910.85,3342,2019-03-29,2019,2905.916666666667,2857.8333333333335,3011.166666666667,3068.3333333333335,3020.25,2915.0,2989.0,2954.0,2963.0833333333335,2922.8778333333335,2898.0388333333335,3003.2888333333335,3028.1278333333335,2752.5833333333335,3173.5833333333335,,,0.0,0.0,0.0,14,15
2019-03-29 14:20:00,2911.05,2911.95,2906.0,2906.7,5893,2019-03-29,2019,2905.916666666667,2857.8333333333335,3011.166666666667,3068.3333333333335,3020.25,2915.0,2989.0,2954.0,2963.0833333333335,2922.8778333333335,2898.0388333333335,3003.2888333333335,3028.1278333333335,2752.5833333333335,3173.5833333333335,,,0.0,0.0,0.0,14,20
2019-03-29 14:25:00,2907.0,2910.95,2905.4,2909.7,2315,2019-03-29,2019,2905.916666666667,2857.8333333333335,3011.166666666667,3068.3333333333335,3020.25,2915.0,2989.0,2954.0,2963.0833333333335,2922.8778333333335,2898.0388333333335,3003.2888333333335,3028.1278333333335,2752.5833333333335,3173.5833333333335,,,0.0,0.0,0.0,14,25
2019-03-29 14:30:00,2911.25,2915.0,2910.45,2913.05,8109,2019-03-29,2019,2905.916666666667,2857.8333333333335,3011.166666666667,3068.3333333333335,3020.25,2915.0,2989.0,2954.0,2963.0833333333335,2922.8778333333335,2898.0388333333335,3003.2888333333335,3028.1278333333335,2752.5833333333335,3173.5833333333335,,,0.0,0.0,0.0,14,30
2019-03-29 14:35:00,2913.05,2914.5,2911.5,2911.95,3149,2019-03-29,2019,2905.916666666667,2857.8333333333335,3011.166666666667,3068.3333333333335,3020.25,2915.0,2989.0,2954.0,2963.0833333333335,2922.8778333333335,2898.0388333333335,3003.2888333333335,3028.1278333333335,2752.5833333333335,3173.5833333333335,,,0.0,0.0,0.0,14,35
2019-03-29 14:40:00,2911.95,2913.8,2908.35,2910.95,4813,2019-03-29,2019,2905.916666666667,2857.8333333333335,3011.166666666667,3068.3333333333335,3020.25,2915.0,2989.0,2954.0,2963.0833333333335,2922.8778333333335,2898.0388333333335,3003.2888333333335,3028.1278333333335,2752.5833333333335,3173.5833333333335,,,0.0,0.0,0.0,14,40
2019-03-29 14:45:00,2911.95,2913.0,2908.5,2908.5,3041,2019-03-29,2019,2905.916666666667,2857.8333333333335,3011.166666666667,3068.3333333333335,3020.25,2915.0,2989.0,2954.0,2963.0833333333335,2922.8778333333335,2898.0388333333335,3003.2888333333335,3028.1278333333335,2752.5833333333335,3173.5833333333335,,,0.0,0.0,0.0,14,45
2019-03-29 14:50:00,2908.7,2920.0,2908.45,2916.0,13231,2019-03-29,2019,2905.916666666667,2857.8333333333335,3011.166666666667,3068.3333333333335,3020.25,2915.0,2989.0,2954.0,2963.0833333333335,2922.8778333333335,2898.0388333333335,3003.2888333333335,3028.1278333333335,2752.5833333333335,3173.5833333333335,,,0.0,0.0,0.0,14,50
2019-03-29 14:55:00,2916.75,2920.5,2914.65,2917.55,11188,2019-03-29,2019,2905.916666666667,2857.8333333333335,3011.166666666667,3068.3333333333335,3020.25,2915.0,2989.0,2954.0,2963.0833333333335,2922.8778333333335,2898.0388333333335,3003.2888333333335,3028.1278333333335,2752.5833333333335,3173.5833333333335,,,0.0,0.0,0.0,14,55
2019-03-29 15:00:00,2917.55,2919.85,2910.7,2912.0,15928,2019-03-29,2019,2905.916666666667,2857.8333333333335,3011.166666666667,3068.3333333333335,3020.25,2915.0,2989.0,2954.0,2963.0833333333335,2922.8778333333335,2898.0388333333335,3003.2888333333335,3028.1278333333335,2752.5833333333335,3173.5833333333335,,,0.0,0.0,0.0,15,0
2019-03-29 15:05:00,2912.55,2914.25,2906.05,2910.0,13960,2019-03-29,2019,2905.916666666667,2857.8333333333335,3011.166666666667,3068.3333333333335,3020.25,2915.0,2989.0,2954.0,2963.0833333333335,2922.8778333333335,2898.0388333333335,3003.2888333333335,3028.1278333333335,2752.5833333333335,3173.5833333333335,,,0.0,0.0,0.0,15,5
2019-03-29 15:10:00,2910.0,2917.05,2901.15,2917.0,38673,2019-03-29,2019,2905.916666666667,2857.8333333333335,3011.166666666667,3068.3333333333335,3020.25,2915.0,2989.0,2954.0,2963.0833333333335,2922.8778333333335,2898.0388333333335,3003.2888333333335,3028.1278333333335,2752.5833333333335,3173.5833333333335,,,0.0,0.0,0.0,15,10
2019-03-29 15:15:00,2917.75,2921.4,2912.1,2915.4,18224,2019-03-29,2019,2905.916666666667,2857.8333333333335,3011.166666666667,3068.3333333333335,3020.25,2915.0,2989.0,2954.0,2963.0833333333335,2922.8778333333335,2898.0388333333335,3003.2888333333335,3028.1278333333335,2752.5833333333335,3173.5833333333335,,,0.0,0.0,0.0,15,15
2019-03-29 15:20:00,2915.7,2915.7,2899.55,2900.85,25116,2019-03-29,2019,2905.916666666667,2857.8333333333335,3011.166666666667,3068.3333333333335,3020.25,2915.0,2989.0,2954.0,2963.0833333333335,2922.8778333333335,2898.0388333333335,3003.2888333333335,3028.1278333333335,2752.5833333333335,3173.5833333333335,Exit,Buy,2900.85,0.0,0.0,15,20
2019-03-29 15:25:00,2898.95,2907.0,2895.0,2897.0,12423,2019-03-29,2019,2905.916666666667,2857.8333333333335,3011.166666666667,3068.3333333333335,3020.25,2915.0,2989.0,2954.0,2963.0833333333335,2922.8778333333335,2898.0388333333335,3003.2888333333335,3028.1278333333335,2752.5833333333335,3173.5833333333335,,,0.0,0.0,0.0,15,25
