Date,Open,High,Low,Close,Volume,DatePart,Year,S1_Pivot_Simple,S2_Pivot_Simple,R1_Pivot_Simple,R2_Pivot_Simple,Day_High,Day_Low,Day_Open,Day_Close,PivotPoint,S1_Pivot_Fibonacci,S2_Pivot_Fibonacci,R1_Pivot_Fibonacci,R2_Pivot_Fibonacci,S3_Pivot_Fibonacci,R3_Pivot_Fibonacci,Order_Status,Order_Signal,Order_Price,Target,Stop_Loss,Hour,Minute
2019-08-05 09:15:00,134.0,134.35,132.25,132.55,344097,2019-08-05,2019,132.64999999999998,130.2,138.24999999999997,141.39999999999998,138.95,133.35,137.8,135.1,135.79999999999998,133.6608,132.33919999999998,137.93919999999997,139.2608,124.6,146.99999999999997,,,0.0,0.0,0.0,9,15
2019-08-05 09:20:00,132.4,132.75,132.15,132.6,212674,2019-08-05,2019,132.64999999999998,130.2,138.24999999999997,141.39999999999998,138.95,133.35,137.8,135.1,135.79999999999998,133.6608,132.33919999999998,137.93919999999997,139.2608,124.6,146.99999999999997,,,0.0,0.0,0.0,9,20
2019-08-05 09:25:00,132.6,133.0,132.5,132.6,169199,2019-08-05,2019,132.64999999999998,130.2,138.24999999999997,141.39999999999998,138.95,133.35,137.8,135.1,135.79999999999998,133.6608,132.33919999999998,137.93919999999997,139.2608,124.6,146.99999999999997,,,0.0,0.0,0.0,9,25
2019-08-05 09:30:00,132.7,132.7,132.0,132.1,204281,2019-08-05,2019,132.64999999999998,130.2,138.24999999999997,141.39999999999998,138.95,133.35,137.8,135.1,135.79999999999998,133.6608,132.33919999999998,137.93919999999997,139.2608,124.6,146.99999999999997,Entry,Sell,132.1,130.2,134.35,9,30
2019-08-05 09:35:00,131.9,132.1,131.5,131.65,187489,2019-08-05,2019,132.64999999999998,130.2,138.24999999999997,141.39999999999998,138.95,133.35,137.8,135.1,135.79999999999998,133.6608,132.33919999999998,137.93919999999997,139.2608,124.6,146.99999999999997,,,0.0,0.0,0.0,9,35
2019-08-05 09:40:00,131.65,131.95,131.5,131.65,163988,2019-08-05,2019,132.64999999999998,130.2,138.24999999999997,141.39999999999998,138.95,133.35,137.8,135.1,135.79999999999998,133.6608,132.33919999999998,137.93919999999997,139.2608,124.6,146.99999999999997,,,0.0,0.0,0.0,9,40
2019-08-05 09:45:00,131.55,131.75,131.25,131.75,203739,2019-08-05,2019,132.64999999999998,130.2,138.24999999999997,141.39999999999998,138.95,133.35,137.8,135.1,135.79999999999998,133.6608,132.33919999999998,137.93919999999997,139.2608,124.6,146.99999999999997,,,0.0,0.0,0.0,9,45
2019-08-05 09:50:00,131.75,132.7,131.65,132.45,269794,2019-08-05,2019,132.64999999999998,130.2,138.24999999999997,141.39999999999998,138.95,133.35,137.8,135.1,135.79999999999998,133.6608,132.33919999999998,137.93919999999997,139.2608,124.6,146.99999999999997,Exit,Buy,131.5716,132.7824,131.25,9,50
2019-08-05 09:55:00,132.45,132.85,132.25,132.8,134381,2019-08-05,2019,132.64999999999998,130.2,138.24999999999997,141.39999999999998,138.95,133.35,137.8,135.1,135.79999999999998,133.6608,132.33919999999998,137.93919999999997,139.2608,124.6,146.99999999999997,Exit,Sell,132.7824,0.0,0.0,9,55
2019-08-05 10:00:00,132.8,132.95,132.6,132.65,139840,2019-08-05,2019,132.64999999999998,130.2,138.24999999999997,141.39999999999998,138.95,133.35,137.8,135.1,135.79999999999998,133.6608,132.33919999999998,137.93919999999997,139.2608,124.6,146.99999999999997,,,0.0,0.0,0.0,10,0
2019-08-05 10:05:00,132.65,132.75,132.35,132.55,137345,2019-08-05,2019,132.64999999999998,130.2,138.24999999999997,141.39999999999998,138.95,133.35,137.8,135.1,135.79999999999998,133.6608,132.33919999999998,137.93919999999997,139.2608,124.6,146.99999999999997,,,0.0,0.0,0.0,10,5
2019-08-05 10:10:00,132.5,132.6,132.3,132.3,91848,2019-08-05,2019,132.64999999999998,130.2,138.24999999999997,141.39999999999998,138.95,133.35,137.8,135.1,135.79999999999998,133.6608,132.33919999999998,137.93919999999997,139.2608,124.6,146.99999999999997,,,0.0,0.0,0.0,10,10
2019-08-05 10:15:00,132.3,132.6,132.1,132.55,95226,2019-08-05,2019,132.64999999999998,130.2,138.24999999999997,141.39999999999998,138.95,133.35,137.8,135.1,135.79999999999998,133.6608,132.33919999999998,137.93919999999997,139.2608,124.6,146.99999999999997,,,0.0,0.0,0.0,10,15
2019-08-05 10:20:00,132.55,133.3,132.55,132.9,224073,2019-08-05,2019,132.64999999999998,130.2,138.24999999999997,141.39999999999998,138.95,133.35,137.8,135.1,135.79999999999998,133.6608,132.33919999999998,137.93919999999997,139.2608,124.6,146.99999999999997,,,0.0,0.0,0.0,10,20
2019-08-05 10:25:00,132.75,132.85,132.5,132.6,102034,2019-08-05,2019,132.64999999999998,130.2,138.24999999999997,141.39999999999998,138.95,133.35,137.8,135.1,135.79999999999998,133.6608,132.33919999999998,137.93919999999997,139.2608,124.6,146.99999999999997,,,0.0,0.0,0.0,10,25
2019-08-05 10:30:00,132.6,132.9,132.6,132.6,79447,2019-08-05,2019,132.64999999999998,130.2,138.24999999999997,141.39999999999998,138.95,133.35,137.8,135.1,135.79999999999998,133.6608,132.33919999999998,137.93919999999997,139.2608,124.6,146.99999999999997,,,0.0,0.0,0.0,10,30
2019-08-05 10:35:00,132.65,132.75,132.35,132.7,118392,2019-08-05,2019,132.64999999999998,130.2,138.24999999999997,141.39999999999998,138.95,133.35,137.8,135.1,135.79999999999998,133.6608,132.33919999999998,137.93919999999997,139.2608,124.6,146.99999999999997,,,0.0,0.0,0.0,10,35
2019-08-05 10:40:00,132.7,132.7,132.45,132.65,84786,2019-08-05,2019,132.64999999999998,130.2,138.24999999999997,141.39999999999998,138.95,133.35,137.8,135.1,135.79999999999998,133.6608,132.33919999999998,137.93919999999997,139.2608,124.6,146.99999999999997,,,0.0,0.0,0.0,10,40
2019-08-05 10:45:00,132.65,132.7,132.1,132.15,85474,2019-08-05,2019,132.64999999999998,130.2,138.24999999999997,141.39999999999998,138.95,133.35,137.8,135.1,135.79999999999998,133.6608,132.33919999999998,137.93919999999997,139.2608,124.6,146.99999999999997,,,0.0,0.0,0.0,10,45
2019-08-05 10:50:00,132.05,132.3,131.75,132.1,123124,2019-08-05,2019,132.64999999999998,130.2,138.24999999999997,141.39999999999998,138.95,133.35,137.8,135.1,135.79999999999998,133.6608,132.33919999999998,137.93919999999997,139.2608,124.6,146.99999999999997,,,0.0,0.0,0.0,10,50
2019-08-05 10:55:00,132.15,132.3,131.95,132.3,73035,2019-08-05,2019,132.64999999999998,130.2,138.24999999999997,141.39999999999998,138.95,133.35,137.8,135.1,135.79999999999998,133.6608,132.33919999999998,137.93919999999997,139.2608,124.6,146.99999999999997,,,0.0,0.0,0.0,10,55
2019-08-05 11:00:00,132.3,132.75,132.15,132.7,125773,2019-08-05,2019,132.64999999999998,130.2,138.24999999999997,141.39999999999998,138.95,133.35,137.8,135.1,135.79999999999998,133.6608,132.33919999999998,137.93919999999997,139.2608,124.6,146.99999999999997,,,0.0,0.0,0.0,11,0
2019-08-05 11:05:00,132.75,133.0,132.4,132.6,167762,2019-08-05,2019,132.64999999999998,130.2,138.24999999999997,141.39999999999998,138.95,133.35,137.8,135.1,135.79999999999998,133.6608,132.33919999999998,137.93919999999997,139.2608,124.6,146.99999999999997,,,0.0,0.0,0.0,11,5
2019-08-05 11:10:00,132.65,132.9,132.55,132.75,86144,2019-08-05,2019,132.64999999999998,130.2,138.24999999999997,141.39999999999998,138.95,133.35,137.8,135.1,135.79999999999998,133.6608,132.33919999999998,137.93919999999997,139.2608,124.6,146.99999999999997,,,0.0,0.0,0.0,11,10
2019-08-05 11:15:00,132.75,132.75,132.1,132.55,103641,2019-08-05,2019,132.64999999999998,130.2,138.24999999999997,141.39999999999998,138.95,133.35,137.8,135.1,135.79999999999998,133.6608,132.33919999999998,137.93919999999997,139.2608,124.6,146.99999999999997,,,0.0,0.0,0.0,11,15
2019-08-05 11:20:00,132.55,132.95,132.25,132.95,122072,2019-08-05,2019,132.64999999999998,130.2,138.24999999999997,141.39999999999998,138.95,133.35,137.8,135.1,135.79999999999998,133.6608,132.33919999999998,137.93919999999997,139.2608,124.6,146.99999999999997,,,0.0,0.0,0.0,11,20
2019-08-05 11:25:00,132.9,133.25,132.9,133.15,158169,2019-08-05,2019,132.64999999999998,130.2,138.24999999999997,141.39999999999998,138.95,133.35,137.8,135.1,135.79999999999998,133.6608,132.33919999999998,137.93919999999997,139.2608,124.6,146.99999999999997,,,0.0,0.0,0.0,11,25
2019-08-05 11:30:00,133.1,133.2,132.95,133.05,96521,2019-08-05,2019,132.64999999999998,130.2,138.24999999999997,141.39999999999998,138.95,133.35,137.8,135.1,135.79999999999998,133.6608,132.33919999999998,137.93919999999997,139.2608,124.6,146.99999999999997,,,0.0,0.0,0.0,11,30
2019-08-05 11:35:00,133.1,133.45,133.0,133.45,82755,2019-08-05,2019,132.64999999999998,130.2,138.24999999999997,141.39999999999998,138.95,133.35,137.8,135.1,135.79999999999998,133.6608,132.33919999999998,137.93919999999997,139.2608,124.6,146.99999999999997,,,0.0,0.0,0.0,11,35
2019-08-05 11:40:00,133.45,133.7,133.3,133.4,107407,2019-08-05,2019,132.64999999999998,130.2,138.24999999999997,141.39999999999998,138.95,133.35,137.8,135.1,135.79999999999998,133.6608,132.33919999999998,137.93919999999997,139.2608,124.6,146.99999999999997,,,0.0,0.0,0.0,11,40
2019-08-05 11:45:00,133.4,133.45,132.9,132.95,113362,2019-08-05,2019,132.64999999999998,130.2,138.24999999999997,141.39999999999998,138.95,133.35,137.8,135.1,135.79999999999998,133.6608,132.33919999999998,137.93919999999997,139.2608,124.6,146.99999999999997,,,0.0,0.0,0.0,11,45
2019-08-05 11:50:00,132.9,133.1,132.55,132.55,126829,2019-08-05,2019,132.64999999999998,130.2,138.24999999999997,141.39999999999998,138.95,133.35,137.8,135.1,135.79999999999998,133.6608,132.33919999999998,137.93919999999997,139.2608,124.6,146.99999999999997,,,0.0,0.0,0.0,11,50
2019-08-05 11:55:00,132.55,132.9,132.4,132.8,133410,2019-08-05,2019,132.64999999999998,130.2,138.24999999999997,141.39999999999998,138.95,133.35,137.8,135.1,135.79999999999998,133.6608,132.33919999999998,137.93919999999997,139.2608,124.6,146.99999999999997,,,0.0,0.0,0.0,11,55
2019-08-05 12:00:00,132.8,133.15,132.5,133.1,102507,2019-08-05,2019,132.64999999999998,130.2,138.24999999999997,141.39999999999998,138.95,133.35,137.8,135.1,135.79999999999998,133.6608,132.33919999999998,137.93919999999997,139.2608,124.6,146.99999999999997,,,0.0,0.0,0.0,12,0
2019-08-05 12:05:00,133.05,133.45,132.95,133.4,87955,2019-08-05,2019,132.64999999999998,130.2,138.24999999999997,141.39999999999998,138.95,133.35,137.8,135.1,135.79999999999998,133.6608,132.33919999999998,137.93919999999997,139.2608,124.6,146.99999999999997,,,0.0,0.0,0.0,12,5
2019-08-05 12:10:00,133.35,134.0,133.3,133.6,162112,2019-08-05,2019,132.64999999999998,130.2,138.24999999999997,141.39999999999998,138.95,133.35,137.8,135.1,135.79999999999998,133.6608,132.33919999999998,137.93919999999997,139.2608,124.6,146.99999999999997,,,0.0,0.0,0.0,12,10
2019-08-05 12:15:00,133.65,133.7,133.4,133.55,73650,2019-08-05,2019,132.64999999999998,130.2,138.24999999999997,141.39999999999998,138.95,133.35,137.8,135.1,135.79999999999998,133.6608,132.33919999999998,137.93919999999997,139.2608,124.6,146.99999999999997,,,0.0,0.0,0.0,12,15
2019-08-05 12:20:00,133.6,133.65,133.25,133.35,100918,2019-08-05,2019,132.64999999999998,130.2,138.24999999999997,141.39999999999998,138.95,133.35,137.8,135.1,135.79999999999998,133.6608,132.33919999999998,137.93919999999997,139.2608,124.6,146.99999999999997,,,0.0,0.0,0.0,12,20
2019-08-05 12:25:00,133.35,133.55,133.2,133.4,63259,2019-08-05,2019,132.64999999999998,130.2,138.24999999999997,141.39999999999998,138.95,133.35,137.8,135.1,135.79999999999998,133.6608,132.33919999999998,137.93919999999997,139.2608,124.6,146.99999999999997,,,0.0,0.0,0.0,12,25
2019-08-05 12:30:00,133.4,133.9,133.3,133.7,108037,2019-08-05,2019,132.64999999999998,130.2,138.24999999999997,141.39999999999998,138.95,133.35,137.8,135.1,135.79999999999998,133.6608,132.33919999999998,137.93919999999997,139.2608,124.6,146.99999999999997,,,0.0,0.0,0.0,12,30
2019-08-05 12:35:00,133.75,134.2,133.65,134.2,135070,2019-08-05,2019,132.64999999999998,130.2,138.24999999999997,141.39999999999998,138.95,133.35,137.8,135.1,135.79999999999998,133.6608,132.33919999999998,137.93919999999997,139.2608,124.6,146.99999999999997,,,0.0,0.0,0.0,12,35
2019-08-05 12:40:00,134.15,134.45,134.0,134.4,136789,2019-08-05,2019,132.64999999999998,130.2,138.24999999999997,141.39999999999998,138.95,133.35,137.8,135.1,135.79999999999998,133.6608,132.33919999999998,137.93919999999997,139.2608,124.6,146.99999999999997,,,0.0,0.0,0.0,12,40
2019-08-05 12:45:00,134.45,134.7,134.2,134.25,117909,2019-08-05,2019,132.64999999999998,130.2,138.24999999999997,141.39999999999998,138.95,133.35,137.8,135.1,135.79999999999998,133.6608,132.33919999999998,137.93919999999997,139.2608,124.6,146.99999999999997,,,0.0,0.0,0.0,12,45
2019-08-05 12:50:00,134.2,134.6,134.15,134.5,69976,2019-08-05,2019,132.64999999999998,130.2,138.24999999999997,141.39999999999998,138.95,133.35,137.8,135.1,135.79999999999998,133.6608,132.33919999999998,137.93919999999997,139.2608,124.6,146.99999999999997,,,0.0,0.0,0.0,12,50
2019-08-05 12:55:00,134.5,134.6,134.2,134.4,92526,2019-08-05,2019,132.64999999999998,130.2,138.24999999999997,141.39999999999998,138.95,133.35,137.8,135.1,135.79999999999998,133.6608,132.33919999999998,137.93919999999997,139.2608,124.6,146.99999999999997,,,0.0,0.0,0.0,12,55
2019-08-05 13:00:00,134.4,134.65,133.9,134.15,123856,2019-08-05,2019,132.64999999999998,130.2,138.24999999999997,141.39999999999998,138.95,133.35,137.8,135.1,135.79999999999998,133.6608,132.33919999999998,137.93919999999997,139.2608,124.6,146.99999999999997,,,0.0,0.0,0.0,13,0
2019-08-05 13:05:00,134.1,134.15,133.35,133.55,92123,2019-08-05,2019,132.64999999999998,130.2,138.24999999999997,141.39999999999998,138.95,133.35,137.8,135.1,135.79999999999998,133.6608,132.33919999999998,137.93919999999997,139.2608,124.6,146.99999999999997,,,0.0,0.0,0.0,13,5
2019-08-05 13:10:00,133.65,134.05,133.4,133.9,71510,2019-08-05,2019,132.64999999999998,130.2,138.24999999999997,141.39999999999998,138.95,133.35,137.8,135.1,135.79999999999998,133.6608,132.33919999999998,137.93919999999997,139.2608,124.6,146.99999999999997,,,0.0,0.0,0.0,13,10
2019-08-05 13:15:00,133.85,134.35,133.85,134.25,96019,2019-08-05,2019,132.64999999999998,130.2,138.24999999999997,141.39999999999998,138.95,133.35,137.8,135.1,135.79999999999998,133.6608,132.33919999999998,137.93919999999997,139.2608,124.6,146.99999999999997,,,0.0,0.0,0.0,13,15
2019-08-05 13:20:00,134.35,134.5,133.7,133.8,97778,2019-08-05,2019,132.64999999999998,130.2,138.24999999999997,141.39999999999998,138.95,133.35,137.8,135.1,135.79999999999998,133.6608,132.33919999999998,137.93919999999997,139.2608,124.6,146.99999999999997,,,0.0,0.0,0.0,13,20
2019-08-05 13:25:00,133.85,134.15,133.75,134.15,59795,2019-08-05,2019,132.64999999999998,130.2,138.24999999999997,141.39999999999998,138.95,133.35,137.8,135.1,135.79999999999998,133.6608,132.33919999999998,137.93919999999997,139.2608,124.6,146.99999999999997,,,0.0,0.0,0.0,13,25
2019-08-05 13:30:00,134.15,134.25,134.0,134.1,90501,2019-08-05,2019,132.64999999999998,130.2,138.24999999999997,141.39999999999998,138.95,133.35,137.8,135.1,135.79999999999998,133.6608,132.33919999999998,137.93919999999997,139.2608,124.6,146.99999999999997,,,0.0,0.0,0.0,13,30
2019-08-05 13:35:00,134.15,134.15,133.7,133.7,71290,2019-08-05,2019,132.64999999999998,130.2,138.24999999999997,141.39999999999998,138.95,133.35,137.8,135.1,135.79999999999998,133.6608,132.33919999999998,137.93919999999997,139.2608,124.6,146.99999999999997,,,0.0,0.0,0.0,13,35
2019-08-05 13:40:00,133.7,133.8,133.45,133.65,92530,2019-08-05,2019,132.64999999999998,130.2,138.24999999999997,141.39999999999998,138.95,133.35,137.8,135.1,135.79999999999998,133.6608,132.33919999999998,137.93919999999997,139.2608,124.6,146.99999999999997,,,0.0,0.0,0.0,13,40
2019-08-05 13:45:00,133.7,133.7,133.1,133.1,105445,2019-08-05,2019,132.64999999999998,130.2,138.24999999999997,141.39999999999998,138.95,133.35,137.8,135.1,135.79999999999998,133.6608,132.33919999999998,137.93919999999997,139.2608,124.6,146.99999999999997,,,0.0,0.0,0.0,13,45
2019-08-05 13:50:00,133.1,133.25,132.55,132.75,124457,2019-08-05,2019,132.64999999999998,130.2,138.24999999999997,141.39999999999998,138.95,133.35,137.8,135.1,135.79999999999998,133.6608,132.33919999999998,137.93919999999997,139.2608,124.6,146.99999999999997,,,0.0,0.0,0.0,13,50
2019-08-05 13:55:00,132.75,133.0,132.6,133.0,72293,2019-08-05,2019,132.64999999999998,130.2,138.24999999999997,141.39999999999998,138.95,133.35,137.8,135.1,135.79999999999998,133.6608,132.33919999999998,137.93919999999997,139.2608,124.6,146.99999999999997,,,0.0,0.0,0.0,13,55
2019-08-05 14:00:00,132.9,133.35,132.65,132.9,135829,2019-08-05,2019,132.64999999999998,130.2,138.24999999999997,141.39999999999998,138.95,133.35,137.8,135.1,135.79999999999998,133.6608,132.33919999999998,137.93919999999997,139.2608,124.6,146.99999999999997,,,0.0,0.0,0.0,14,0
2019-08-05 14:05:00,133.0,133.1,132.85,133.05,73948,2019-08-05,2019,132.64999999999998,130.2,138.24999999999997,141.39999999999998,138.95,133.35,137.8,135.1,135.79999999999998,133.6608,132.33919999999998,137.93919999999997,139.2608,124.6,146.99999999999997,,,0.0,0.0,0.0,14,5
2019-08-05 14:10:00,133.1,133.1,132.6,132.65,81283,2019-08-05,2019,132.64999999999998,130.2,138.24999999999997,141.39999999999998,138.95,133.35,137.8,135.1,135.79999999999998,133.6608,132.33919999999998,137.93919999999997,139.2608,124.6,146.99999999999997,,,0.0,0.0,0.0,14,10
2019-08-05 14:15:00,132.65,132.95,132.6,132.7,75633,2019-08-05,2019,132.64999999999998,130.2,138.24999999999997,141.39999999999998,138.95,133.35,137.8,135.1,135.79999999999998,133.6608,132.33919999999998,137.93919999999997,139.2608,124.6,146.99999999999997,,,0.0,0.0,0.0,14,15
2019-08-05 14:20:00,132.7,132.9,132.4,132.7,127060,2019-08-05,2019,132.64999999999998,130.2,138.24999999999997,141.39999999999998,138.95,133.35,137.8,135.1,135.79999999999998,133.6608,132.33919999999998,137.93919999999997,139.2608,124.6,146.99999999999997,,,0.0,0.0,0.0,14,20
2019-08-05 14:25:00,132.7,132.7,132.15,132.2,161151,2019-08-05,2019,132.64999999999998,130.2,138.24999999999997,141.39999999999998,138.95,133.35,137.8,135.1,135.79999999999998,133.6608,132.33919999999998,137.93919999999997,139.2608,124.6,146.99999999999997,,,0.0,0.0,0.0,14,25
2019-08-05 14:30:00,132.2,132.3,131.5,131.6,283197,2019-08-05,2019,132.64999999999998,130.2,138.24999999999997,141.39999999999998,138.95,133.35,137.8,135.1,135.79999999999998,133.6608,132.33919999999998,137.93919999999997,139.2608,124.6,146.99999999999997,,,0.0,0.0,0.0,14,30
2019-08-05 14:35:00,131.7,132.15,131.45,132.05,252742,2019-08-05,2019,132.64999999999998,130.2,138.24999999999997,141.39999999999998,138.95,133.35,137.8,135.1,135.79999999999998,133.6608,132.33919999999998,137.93919999999997,139.2608,124.6,146.99999999999997,,,0.0,0.0,0.0,14,35
2019-08-05 14:40:00,132.05,132.1,131.9,132.05,92436,2019-08-05,2019,132.64999999999998,130.2,138.24999999999997,141.39999999999998,138.95,133.35,137.8,135.1,135.79999999999998,133.6608,132.33919999999998,137.93919999999997,139.2608,124.6,146.99999999999997,,,0.0,0.0,0.0,14,40
2019-08-05 14:45:00,132.1,132.15,131.9,132.0,186340,2019-08-05,2019,132.64999999999998,130.2,138.24999999999997,141.39999999999998,138.95,133.35,137.8,135.1,135.79999999999998,133.6608,132.33919999999998,137.93919999999997,139.2608,124.6,146.99999999999997,,,0.0,0.0,0.0,14,45
2019-08-05 14:50:00,132.05,132.6,131.95,132.05,116499,2019-08-05,2019,132.64999999999998,130.2,138.24999999999997,141.39999999999998,138.95,133.35,137.8,135.1,135.79999999999998,133.6608,132.33919999999998,137.93919999999997,139.2608,124.6,146.99999999999997,,,0.0,0.0,0.0,14,50
2019-08-05 14:55:00,132.0,132.35,131.9,132.15,162728,2019-08-05,2019,132.64999999999998,130.2,138.24999999999997,141.39999999999998,138.95,133.35,137.8,135.1,135.79999999999998,133.6608,132.33919999999998,137.93919999999997,139.2608,124.6,146.99999999999997,,,0.0,0.0,0.0,14,55
2019-08-05 15:00:00,132.1,132.4,131.95,132.05,232075,2019-08-05,2019,132.64999999999998,130.2,138.24999999999997,141.39999999999998,138.95,133.35,137.8,135.1,135.79999999999998,133.6608,132.33919999999998,137.93919999999997,139.2608,124.6,146.99999999999997,,,0.0,0.0,0.0,15,0
2019-08-05 15:05:00,132.05,132.1,131.9,132.05,202487,2019-08-05,2019,132.64999999999998,130.2,138.24999999999997,141.39999999999998,138.95,133.35,137.8,135.1,135.79999999999998,133.6608,132.33919999999998,137.93919999999997,139.2608,124.6,146.99999999999997,,,0.0,0.0,0.0,15,5
2019-08-05 15:10:00,132.1,132.25,131.95,132.25,215873,2019-08-05,2019,132.64999999999998,130.2,138.24999999999997,141.39999999999998,138.95,133.35,137.8,135.1,135.79999999999998,133.6608,132.33919999999998,137.93919999999997,139.2608,124.6,146.99999999999997,,,0.0,0.0,0.0,15,10
2019-08-05 15:15:00,132.25,132.95,132.15,132.75,297508,2019-08-05,2019,132.64999999999998,130.2,138.24999999999997,141.39999999999998,138.95,133.35,137.8,135.1,135.79999999999998,133.6608,132.33919999999998,137.93919999999997,139.2608,124.6,146.99999999999997,,,0.0,0.0,0.0,15,15
2019-08-05 15:20:00,132.75,132.9,132.2,132.2,253933,2019-08-05,2019,132.64999999999998,130.2,138.24999999999997,141.39999999999998,138.95,133.35,137.8,135.1,135.79999999999998,133.6608,132.33919999999998,137.93919999999997,139.2608,124.6,146.99999999999997,,,0.0,0.0,0.0,15,20
2019-08-05 15:25:00,132.2,132.5,132.1,132.25,230373,2019-08-05,2019,132.64999999999998,130.2,138.24999999999997,141.39999999999998,138.95,133.35,137.8,135.1,135.79999999999998,133.6608,132.33919999999998,137.93919999999997,139.2608,124.6,146.99999999999997,,,0.0,0.0,0.0,15,25
2019-08-06 09:15:00,131.85,133.25,131.85,132.95,320028,2019-08-06,2019,130.76666666666665,129.28333333333333,134.21666666666664,136.1833333333333,134.7,131.25,134.0,132.25,132.73333333333332,131.4154333333333,130.60123333333334,134.05123333333333,134.8654333333333,125.83333333333334,139.6333333333333,,,0.0,0.0,0.0,9,15
2019-08-06 09:20:00,132.95,133.85,132.95,133.75,304561,2019-08-06,2019,130.76666666666665,129.28333333333333,134.21666666666664,136.1833333333333,134.7,131.25,134.0,132.25,132.73333333333332,131.4154333333333,130.60123333333334,134.05123333333333,134.8654333333333,125.83333333333334,139.6333333333333,Entry,Buy,133.75,134.8654333333333,131.85,9,20
2019-08-06 09:25:00,133.7,133.8,132.75,132.95,197912,2019-08-06,2019,130.76666666666665,129.28333333333333,134.21666666666664,136.1833333333333,134.7,131.25,134.0,132.25,132.73333333333332,131.4154333333333,130.60123333333334,134.05123333333333,134.8654333333333,125.83333333333334,139.6333333333333,,,0.0,0.0,0.0,9,25
2019-08-06 09:30:00,132.85,133.35,132.85,133.3,205888,2019-08-06,2019,130.76666666666665,129.28333333333333,134.21666666666664,136.1833333333333,134.7,131.25,134.0,132.25,132.73333333333332,131.4154333333333,130.60123333333334,134.05123333333333,134.8654333333333,125.83333333333334,139.6333333333333,,,0.0,0.0,0.0,9,30
2019-08-06 09:35:00,133.3,133.7,133.25,133.4,209355,2019-08-06,2019,130.76666666666665,129.28333333333333,134.21666666666664,136.1833333333333,134.7,131.25,134.0,132.25,132.73333333333332,131.4154333333333,130.60123333333334,134.05123333333333,134.8654333333333,125.83333333333334,139.6333333333333,,,0.0,0.0,0.0,9,35
2019-08-06 09:40:00,133.35,133.4,132.65,132.75,217417,2019-08-06,2019,130.76666666666665,129.28333333333333,134.21666666666664,136.1833333333333,134.7,131.25,134.0,132.25,132.73333333333332,131.4154333333333,130.60123333333334,134.05123333333333,134.8654333333333,125.83333333333334,139.6333333333333,,,0.0,0.0,0.0,9,40
2019-08-06 09:45:00,132.75,133.0,132.35,132.4,178860,2019-08-06,2019,130.76666666666665,129.28333333333333,134.21666666666664,136.1833333333333,134.7,131.25,134.0,132.25,132.73333333333332,131.4154333333333,130.60123333333334,134.05123333333333,134.8654333333333,125.83333333333334,139.6333333333333,,,0.0,0.0,0.0,9,45
2019-08-06 09:50:00,132.4,133.1,132.4,132.9,215035,2019-08-06,2019,130.76666666666665,129.28333333333333,134.21666666666664,136.1833333333333,134.7,131.25,134.0,132.25,132.73333333333332,131.4154333333333,130.60123333333334,134.05123333333333,134.8654333333333,125.83333333333334,139.6333333333333,,,0.0,0.0,0.0,9,50
2019-08-06 09:55:00,132.9,133.05,132.6,132.75,197453,2019-08-06,2019,130.76666666666665,129.28333333333333,134.21666666666664,136.1833333333333,134.7,131.25,134.0,132.25,132.73333333333332,131.4154333333333,130.60123333333334,134.05123333333333,134.8654333333333,125.83333333333334,139.6333333333333,,,0.0,0.0,0.0,9,55
2019-08-06 10:00:00,132.8,133.0,132.45,132.65,265445,2019-08-06,2019,130.76666666666665,129.28333333333333,134.21666666666664,136.1833333333333,134.7,131.25,134.0,132.25,132.73333333333332,131.4154333333333,130.60123333333334,134.05123333333333,134.8654333333333,125.83333333333334,139.6333333333333,,,0.0,0.0,0.0,10,0
2019-08-06 10:05:00,132.55,132.7,132.25,132.3,102764,2019-08-06,2019,130.76666666666665,129.28333333333333,134.21666666666664,136.1833333333333,134.7,131.25,134.0,132.25,132.73333333333332,131.4154333333333,130.60123333333334,134.05123333333333,134.8654333333333,125.83333333333334,139.6333333333333,,,0.0,0.0,0.0,10,5
2019-08-06 10:10:00,132.25,132.3,131.8,131.8,168558,2019-08-06,2019,130.76666666666665,129.28333333333333,134.21666666666664,136.1833333333333,134.7,131.25,134.0,132.25,132.73333333333332,131.4154333333333,130.60123333333334,134.05123333333333,134.8654333333333,125.83333333333334,139.6333333333333,Exit,Sell,131.85,130.81666666666663,133.85,10,10
2019-08-06 10:15:00,131.85,132.0,131.6,131.8,192162,2019-08-06,2019,130.76666666666665,129.28333333333333,134.21666666666664,136.1833333333333,134.7,131.25,134.0,132.25,132.73333333333332,131.4154333333333,130.60123333333334,134.05123333333333,134.8654333333333,125.83333333333334,139.6333333333333,,,0.0,0.0,0.0,10,15
2019-08-06 10:20:00,131.8,131.95,131.5,131.9,120951,2019-08-06,2019,130.76666666666665,129.28333333333333,134.21666666666664,136.1833333333333,134.7,131.25,134.0,132.25,132.73333333333332,131.4154333333333,130.60123333333334,134.05123333333333,134.8654333333333,125.83333333333334,139.6333333333333,,,0.0,0.0,0.0,10,20
2019-08-06 10:25:00,131.85,132.2,131.6,132.2,195313,2019-08-06,2019,130.76666666666665,129.28333333333333,134.21666666666664,136.1833333333333,134.7,131.25,134.0,132.25,132.73333333333332,131.4154333333333,130.60123333333334,134.05123333333333,134.8654333333333,125.83333333333334,139.6333333333333,,,0.0,0.0,0.0,10,25
2019-08-06 10:30:00,132.15,132.4,131.8,131.85,128991,2019-08-06,2019,130.76666666666665,129.28333333333333,134.21666666666664,136.1833333333333,134.7,131.25,134.0,132.25,132.73333333333332,131.4154333333333,130.60123333333334,134.05123333333333,134.8654333333333,125.83333333333334,139.6333333333333,,,0.0,0.0,0.0,10,30
2019-08-06 10:35:00,132.0,132.25,131.75,132.15,161670,2019-08-06,2019,130.76666666666665,129.28333333333333,134.21666666666664,136.1833333333333,134.7,131.25,134.0,132.25,132.73333333333332,131.4154333333333,130.60123333333334,134.05123333333333,134.8654333333333,125.83333333333334,139.6333333333333,,,0.0,0.0,0.0,10,35
2019-08-06 10:40:00,132.1,132.45,132.0,132.05,158976,2019-08-06,2019,130.76666666666665,129.28333333333333,134.21666666666664,136.1833333333333,134.7,131.25,134.0,132.25,132.73333333333332,131.4154333333333,130.60123333333334,134.05123333333333,134.8654333333333,125.83333333333334,139.6333333333333,,,0.0,0.0,0.0,10,40
2019-08-06 10:45:00,132.05,132.1,131.8,131.9,71699,2019-08-06,2019,130.76666666666665,129.28333333333333,134.21666666666664,136.1833333333333,134.7,131.25,134.0,132.25,132.73333333333332,131.4154333333333,130.60123333333334,134.05123333333333,134.8654333333333,125.83333333333334,139.6333333333333,,,0.0,0.0,0.0,10,45
2019-08-06 10:50:00,131.9,131.9,131.6,131.8,76359,2019-08-06,2019,130.76666666666665,129.28333333333333,134.21666666666664,136.1833333333333,134.7,131.25,134.0,132.25,132.73333333333332,131.4154333333333,130.60123333333334,134.05123333333333,134.8654333333333,125.83333333333334,139.6333333333333,,,0.0,0.0,0.0,10,50
2019-08-06 10:55:00,131.8,131.8,131.6,131.65,105998,2019-08-06,2019,130.76666666666665,129.28333333333333,134.21666666666664,136.1833333333333,134.7,131.25,134.0,132.25,132.73333333333332,131.4154333333333,130.60123333333334,134.05123333333333,134.8654333333333,125.83333333333334,139.6333333333333,,,0.0,0.0,0.0,10,55
2019-08-06 11:00:00,131.65,131.7,131.55,131.65,355447,2019-08-06,2019,130.76666666666665,129.28333333333333,134.21666666666664,136.1833333333333,134.7,131.25,134.0,132.25,132.73333333333332,131.4154333333333,130.60123333333334,134.05123333333333,134.8654333333333,125.83333333333334,139.6333333333333,,,0.0,0.0,0.0,11,0
2019-08-06 11:05:00,131.65,131.7,131.55,131.55,244644,2019-08-06,2019,130.76666666666665,129.28333333333333,134.21666666666664,136.1833333333333,134.7,131.25,134.0,132.25,132.73333333333332,131.4154333333333,130.60123333333334,134.05123333333333,134.8654333333333,125.83333333333334,139.6333333333333,,,0.0,0.0,0.0,11,5
2019-08-06 11:10:00,131.6,131.7,131.55,131.55,372433,2019-08-06,2019,130.76666666666665,129.28333333333333,134.21666666666664,136.1833333333333,134.7,131.25,134.0,132.25,132.73333333333332,131.4154333333333,130.60123333333334,134.05123333333333,134.8654333333333,125.83333333333334,139.6333333333333,,,0.0,0.0,0.0,11,10
2019-08-06 11:15:00,131.7,131.9,131.55,131.9,210402,2019-08-06,2019,130.76666666666665,129.28333333333333,134.21666666666664,136.1833333333333,134.7,131.25,134.0,132.25,132.73333333333332,131.4154333333333,130.60123333333334,134.05123333333333,134.8654333333333,125.83333333333334,139.6333333333333,,,0.0,0.0,0.0,11,15
2019-08-06 11:20:00,131.9,131.9,131.55,131.6,59491,2019-08-06,2019,130.76666666666665,129.28333333333333,134.21666666666664,136.1833333333333,134.7,131.25,134.0,132.25,132.73333333333332,131.4154333333333,130.60123333333334,134.05123333333333,134.8654333333333,125.83333333333334,139.6333333333333,,,0.0,0.0,0.0,11,20
2019-08-06 11:25:00,131.6,131.6,131.15,131.35,130921,2019-08-06,2019,130.76666666666665,129.28333333333333,134.21666666666664,136.1833333333333,134.7,131.25,134.0,132.25,132.73333333333332,131.4154333333333,130.60123333333334,134.05123333333333,134.8654333333333,125.83333333333334,139.6333333333333,,,0.0,0.0,0.0,11,25
2019-08-06 11:30:00,131.35,131.35,131.1,131.1,65341,2019-08-06,2019,130.76666666666665,129.28333333333333,134.21666666666664,136.1833333333333,134.7,131.25,134.0,132.25,132.73333333333332,131.4154333333333,130.60123333333334,134.05123333333333,134.8654333333333,125.83333333333334,139.6333333333333,Exit,Buy,131.3226,132.95593333333332,131.15,11,30
2019-08-06 11:35:00,131.1,131.4,131.0,131.15,81096,2019-08-06,2019,130.76666666666665,129.28333333333333,134.21666666666664,136.1833333333333,134.7,131.25,134.0,132.25,132.73333333333332,131.4154333333333,130.60123333333334,134.05123333333333,134.8654333333333,125.83333333333334,139.6333333333333,Exit,Sell,131.15,129.28333333333333,133.85,11,35
2019-08-06 11:40:00,131.15,131.4,131.0,131.3,139460,2019-08-06,2019,130.76666666666665,129.28333333333333,134.21666666666664,136.1833333333333,134.7,131.25,134.0,132.25,132.73333333333332,131.4154333333333,130.60123333333334,134.05123333333333,134.8654333333333,125.83333333333334,139.6333333333333,,,0.0,0.0,0.0,11,40
2019-08-06 11:45:00,131.3,131.45,131.05,131.45,99504,2019-08-06,2019,130.76666666666665,129.28333333333333,134.21666666666664,136.1833333333333,134.7,131.25,134.0,132.25,132.73333333333332,131.4154333333333,130.60123333333334,134.05123333333333,134.8654333333333,125.83333333333334,139.6333333333333,,,0.0,0.0,0.0,11,45
2019-08-06 11:50:00,131.45,131.95,131.4,131.65,115687,2019-08-06,2019,130.76666666666665,129.28333333333333,134.21666666666664,136.1833333333333,134.7,131.25,134.0,132.25,132.73333333333332,131.4154333333333,130.60123333333334,134.05123333333333,134.8654333333333,125.83333333333334,139.6333333333333,,,0.0,0.0,0.0,11,50
2019-08-06 11:55:00,131.65,131.95,131.45,131.8,216710,2019-08-06,2019,130.76666666666665,129.28333333333333,134.21666666666664,136.1833333333333,134.7,131.25,134.0,132.25,132.73333333333332,131.4154333333333,130.60123333333334,134.05123333333333,134.8654333333333,125.83333333333334,139.6333333333333,,,0.0,0.0,0.0,11,55
2019-08-06 12:00:00,131.8,132.4,131.7,132.2,157616,2019-08-06,2019,130.76666666666665,129.28333333333333,134.21666666666664,136.1833333333333,134.7,131.25,134.0,132.25,132.73333333333332,131.4154333333333,130.60123333333334,134.05123333333333,134.8654333333333,125.83333333333334,139.6333333333333,,,0.0,0.0,0.0,12,0
2019-08-06 12:05:00,132.15,132.4,131.95,132.1,143540,2019-08-06,2019,130.76666666666665,129.28333333333333,134.21666666666664,136.1833333333333,134.7,131.25,134.0,132.25,132.73333333333332,131.4154333333333,130.60123333333334,134.05123333333333,134.8654333333333,125.83333333333334,139.6333333333333,,,0.0,0.0,0.0,12,5
2019-08-06 12:10:00,132.15,132.55,132.1,132.45,139954,2019-08-06,2019,130.76666666666665,129.28333333333333,134.21666666666664,136.1833333333333,134.7,131.25,134.0,132.25,132.73333333333332,131.4154333333333,130.60123333333334,134.05123333333333,134.8654333333333,125.83333333333334,139.6333333333333,,,0.0,0.0,0.0,12,10
2019-08-06 12:15:00,132.45,132.5,132.25,132.5,86821,2019-08-06,2019,130.76666666666665,129.28333333333333,134.21666666666664,136.1833333333333,134.7,131.25,134.0,132.25,132.73333333333332,131.4154333333333,130.60123333333334,134.05123333333333,134.8654333333333,125.83333333333334,139.6333333333333,,,0.0,0.0,0.0,12,15
2019-08-06 12:20:00,132.45,132.5,132.1,132.15,112994,2019-08-06,2019,130.76666666666665,129.28333333333333,134.21666666666664,136.1833333333333,134.7,131.25,134.0,132.25,132.73333333333332,131.4154333333333,130.60123333333334,134.05123333333333,134.8654333333333,125.83333333333334,139.6333333333333,,,0.0,0.0,0.0,12,20
2019-08-06 12:25:00,132.15,132.15,132.0,132.0,75917,2019-08-06,2019,130.76666666666665,129.28333333333333,134.21666666666664,136.1833333333333,134.7,131.25,134.0,132.25,132.73333333333332,131.4154333333333,130.60123333333334,134.05123333333333,134.8654333333333,125.83333333333334,139.6333333333333,,,0.0,0.0,0.0,12,25
2019-08-06 12:30:00,132.05,132.05,131.9,132.0,62846,2019-08-06,2019,130.76666666666665,129.28333333333333,134.21666666666664,136.1833333333333,134.7,131.25,134.0,132.25,132.73333333333332,131.4154333333333,130.60123333333334,134.05123333333333,134.8654333333333,125.83333333333334,139.6333333333333,,,0.0,0.0,0.0,12,30
2019-08-06 12:35:00,132.05,132.2,131.8,132.0,142511,2019-08-06,2019,130.76666666666665,129.28333333333333,134.21666666666664,136.1833333333333,134.7,131.25,134.0,132.25,132.73333333333332,131.4154333333333,130.60123333333334,134.05123333333333,134.8654333333333,125.83333333333334,139.6333333333333,,,0.0,0.0,0.0,12,35
2019-08-06 12:40:00,132.0,132.2,131.9,132.2,119985,2019-08-06,2019,130.76666666666665,129.28333333333333,134.21666666666664,136.1833333333333,134.7,131.25,134.0,132.25,132.73333333333332,131.4154333333333,130.60123333333334,134.05123333333333,134.8654333333333,125.83333333333334,139.6333333333333,,,0.0,0.0,0.0,12,40
2019-08-06 12:45:00,132.2,132.25,131.95,132.15,71921,2019-08-06,2019,130.76666666666665,129.28333333333333,134.21666666666664,136.1833333333333,134.7,131.25,134.0,132.25,132.73333333333332,131.4154333333333,130.60123333333334,134.05123333333333,134.8654333333333,125.83333333333334,139.6333333333333,,,0.0,0.0,0.0,12,45
2019-08-06 12:50:00,132.15,132.15,131.95,132.05,60292,2019-08-06,2019,130.76666666666665,129.28333333333333,134.21666666666664,136.1833333333333,134.7,131.25,134.0,132.25,132.73333333333332,131.4154333333333,130.60123333333334,134.05123333333333,134.8654333333333,125.83333333333334,139.6333333333333,,,0.0,0.0,0.0,12,50
2019-08-06 12:55:00,132.05,132.2,131.8,131.85,285500,2019-08-06,2019,130.76666666666665,129.28333333333333,134.21666666666664,136.1833333333333,134.7,131.25,134.0,132.25,132.73333333333332,131.4154333333333,130.60123333333334,134.05123333333333,134.8654333333333,125.83333333333334,139.6333333333333,,,0.0,0.0,0.0,12,55
2019-08-06 13:00:00,131.85,132.05,131.7,132.05,104951,2019-08-06,2019,130.76666666666665,129.28333333333333,134.21666666666664,136.1833333333333,134.7,131.25,134.0,132.25,132.73333333333332,131.4154333333333,130.60123333333334,134.05123333333333,134.8654333333333,125.83333333333334,139.6333333333333,,,0.0,0.0,0.0,13,0
2019-08-06 13:05:00,132.05,132.25,132.0,132.05,101122,2019-08-06,2019,130.76666666666665,129.28333333333333,134.21666666666664,136.1833333333333,134.7,131.25,134.0,132.25,132.73333333333332,131.4154333333333,130.60123333333334,134.05123333333333,134.8654333333333,125.83333333333334,139.6333333333333,,,0.0,0.0,0.0,13,5
2019-08-06 13:10:00,132.05,132.3,132.0,132.0,78822,2019-08-06,2019,130.76666666666665,129.28333333333333,134.21666666666664,136.1833333333333,134.7,131.25,134.0,132.25,132.73333333333332,131.4154333333333,130.60123333333334,134.05123333333333,134.8654333333333,125.83333333333334,139.6333333333333,,,0.0,0.0,0.0,13,10
2019-08-06 13:15:00,132.05,132.1,131.9,132.05,111053,2019-08-06,2019,130.76666666666665,129.28333333333333,134.21666666666664,136.1833333333333,134.7,131.25,134.0,132.25,132.73333333333332,131.4154333333333,130.60123333333334,134.05123333333333,134.8654333333333,125.83333333333334,139.6333333333333,,,0.0,0.0,0.0,13,15
2019-08-06 13:20:00,132.05,132.05,131.9,132.05,80855,2019-08-06,2019,130.76666666666665,129.28333333333333,134.21666666666664,136.1833333333333,134.7,131.25,134.0,132.25,132.73333333333332,131.4154333333333,130.60123333333334,134.05123333333333,134.8654333333333,125.83333333333334,139.6333333333333,,,0.0,0.0,0.0,13,20
2019-08-06 13:25:00,132.05,132.55,132.0,132.5,138123,2019-08-06,2019,130.76666666666665,129.28333333333333,134.21666666666664,136.1833333333333,134.7,131.25,134.0,132.25,132.73333333333332,131.4154333333333,130.60123333333334,134.05123333333333,134.8654333333333,125.83333333333334,139.6333333333333,,,0.0,0.0,0.0,13,25
2019-08-06 13:30:00,132.5,132.55,132.05,132.15,85911,2019-08-06,2019,130.76666666666665,129.28333333333333,134.21666666666664,136.1833333333333,134.7,131.25,134.0,132.25,132.73333333333332,131.4154333333333,130.60123333333334,134.05123333333333,134.8654333333333,125.83333333333334,139.6333333333333,,,0.0,0.0,0.0,13,30
2019-08-06 13:35:00,132.25,132.25,132.0,132.1,59852,2019-08-06,2019,130.76666666666665,129.28333333333333,134.21666666666664,136.1833333333333,134.7,131.25,134.0,132.25,132.73333333333332,131.4154333333333,130.60123333333334,134.05123333333333,134.8654333333333,125.83333333333334,139.6333333333333,,,0.0,0.0,0.0,13,35
2019-08-06 13:40:00,132.1,132.2,131.9,132.2,138852,2019-08-06,2019,130.76666666666665,129.28333333333333,134.21666666666664,136.1833333333333,134.7,131.25,134.0,132.25,132.73333333333332,131.4154333333333,130.60123333333334,134.05123333333333,134.8654333333333,125.83333333333334,139.6333333333333,,,0.0,0.0,0.0,13,40
2019-08-06 13:45:00,132.2,132.2,131.95,132.0,56931,2019-08-06,2019,130.76666666666665,129.28333333333333,134.21666666666664,136.1833333333333,134.7,131.25,134.0,132.25,132.73333333333332,131.4154333333333,130.60123333333334,134.05123333333333,134.8654333333333,125.83333333333334,139.6333333333333,,,0.0,0.0,0.0,13,45
2019-08-06 13:50:00,132.0,132.05,131.75,132.0,192134,2019-08-06,2019,130.76666666666665,129.28333333333333,134.21666666666664,136.1833333333333,134.7,131.25,134.0,132.25,132.73333333333332,131.4154333333333,130.60123333333334,134.05123333333333,134.8654333333333,125.83333333333334,139.6333333333333,,,0.0,0.0,0.0,13,50
2019-08-06 13:55:00,132.05,132.4,131.9,132.35,110470,2019-08-06,2019,130.76666666666665,129.28333333333333,134.21666666666664,136.1833333333333,134.7,131.25,134.0,132.25,132.73333333333332,131.4154333333333,130.60123333333334,134.05123333333333,134.8654333333333,125.83333333333334,139.6333333333333,,,0.0,0.0,0.0,13,55
2019-08-06 14:00:00,132.3,132.5,132.2,132.4,108198,2019-08-06,2019,130.76666666666665,129.28333333333333,134.21666666666664,136.1833333333333,134.7,131.25,134.0,132.25,132.73333333333332,131.4154333333333,130.60123333333334,134.05123333333333,134.8654333333333,125.83333333333334,139.6333333333333,,,0.0,0.0,0.0,14,0
2019-08-06 14:05:00,132.45,132.95,132.35,132.8,218627,2019-08-06,2019,130.76666666666665,129.28333333333333,134.21666666666664,136.1833333333333,134.7,131.25,134.0,132.25,132.73333333333332,131.4154333333333,130.60123333333334,134.05123333333333,134.8654333333333,125.83333333333334,139.6333333333333,,,0.0,0.0,0.0,14,5
2019-08-06 14:10:00,132.8,133.0,132.6,133.0,164800,2019-08-06,2019,130.76666666666665,129.28333333333333,134.21666666666664,136.1833333333333,134.7,131.25,134.0,132.25,132.73333333333332,131.4154333333333,130.60123333333334,134.05123333333333,134.8654333333333,125.83333333333334,139.6333333333333,,,0.0,0.0,0.0,14,10
2019-08-06 14:15:00,133.0,133.0,132.7,132.7,128851,2019-08-06,2019,130.76666666666665,129.28333333333333,134.21666666666664,136.1833333333333,134.7,131.25,134.0,132.25,132.73333333333332,131.4154333333333,130.60123333333334,134.05123333333333,134.8654333333333,125.83333333333334,139.6333333333333,,,0.0,0.0,0.0,14,15
2019-08-06 14:20:00,132.7,132.75,132.5,132.5,117460,2019-08-06,2019,130.76666666666665,129.28333333333333,134.21666666666664,136.1833333333333,134.7,131.25,134.0,132.25,132.73333333333332,131.4154333333333,130.60123333333334,134.05123333333333,134.8654333333333,125.83333333333334,139.6333333333333,,,0.0,0.0,0.0,14,20
2019-08-06 14:25:00,132.5,132.75,132.5,132.75,121318,2019-08-06,2019,130.76666666666665,129.28333333333333,134.21666666666664,136.1833333333333,134.7,131.25,134.0,132.25,132.73333333333332,131.4154333333333,130.60123333333334,134.05123333333333,134.8654333333333,125.83333333333334,139.6333333333333,,,0.0,0.0,0.0,14,25
2019-08-06 14:30:00,132.75,132.8,132.25,132.45,105580,2019-08-06,2019,130.76666666666665,129.28333333333333,134.21666666666664,136.1833333333333,134.7,131.25,134.0,132.25,132.73333333333332,131.4154333333333,130.60123333333334,134.05123333333333,134.8654333333333,125.83333333333334,139.6333333333333,,,0.0,0.0,0.0,14,30
2019-08-06 14:35:00,132.45,133.05,132.4,132.95,273654,2019-08-06,2019,130.76666666666665,129.28333333333333,134.21666666666664,136.1833333333333,134.7,131.25,134.0,132.25,132.73333333333332,131.4154333333333,130.60123333333334,134.05123333333333,134.8654333333333,125.83333333333334,139.6333333333333,,,0.0,0.0,0.0,14,35
2019-08-06 14:40:00,132.95,133.05,132.85,132.85,175073,2019-08-06,2019,130.76666666666665,129.28333333333333,134.21666666666664,136.1833333333333,134.7,131.25,134.0,132.25,132.73333333333332,131.4154333333333,130.60123333333334,134.05123333333333,134.8654333333333,125.83333333333334,139.6333333333333,,,0.0,0.0,0.0,14,40
2019-08-06 14:45:00,132.9,133.05,132.85,132.9,150233,2019-08-06,2019,130.76666666666665,129.28333333333333,134.21666666666664,136.1833333333333,134.7,131.25,134.0,132.25,132.73333333333332,131.4154333333333,130.60123333333334,134.05123333333333,134.8654333333333,125.83333333333334,139.6333333333333,,,0.0,0.0,0.0,14,45
2019-08-06 14:50:00,132.95,133.35,132.9,133.05,275215,2019-08-06,2019,130.76666666666665,129.28333333333333,134.21666666666664,136.1833333333333,134.7,131.25,134.0,132.25,132.73333333333332,131.4154333333333,130.60123333333334,134.05123333333333,134.8654333333333,125.83333333333334,139.6333333333333,,,0.0,0.0,0.0,14,50
2019-08-06 14:55:00,133.05,133.1,132.85,133.1,225760,2019-08-06,2019,130.76666666666665,129.28333333333333,134.21666666666664,136.1833333333333,134.7,131.25,134.0,132.25,132.73333333333332,131.4154333333333,130.60123333333334,134.05123333333333,134.8654333333333,125.83333333333334,139.6333333333333,,,0.0,0.0,0.0,14,55
2019-08-06 15:00:00,133.1,133.15,132.85,133.15,509282,2019-08-06,2019,130.76666666666665,129.28333333333333,134.21666666666664,136.1833333333333,134.7,131.25,134.0,132.25,132.73333333333332,131.4154333333333,130.60123333333334,134.05123333333333,134.8654333333333,125.83333333333334,139.6333333333333,,,0.0,0.0,0.0,15,0
2019-08-06 15:05:00,133.15,133.15,132.5,132.55,216900,2019-08-06,2019,130.76666666666665,129.28333333333333,134.21666666666664,136.1833333333333,134.7,131.25,134.0,132.25,132.73333333333332,131.4154333333333,130.60123333333334,134.05123333333333,134.8654333333333,125.83333333333334,139.6333333333333,,,0.0,0.0,0.0,15,5
2019-08-06 15:10:00,132.55,132.55,132.0,132.2,316160,2019-08-06,2019,130.76666666666665,129.28333333333333,134.21666666666664,136.1833333333333,134.7,131.25,134.0,132.25,132.73333333333332,131.4154333333333,130.60123333333334,134.05123333333333,134.8654333333333,125.83333333333334,139.6333333333333,,,0.0,0.0,0.0,15,10
2019-08-06 15:15:00,132.2,132.4,132.0,132.15,331211,2019-08-06,2019,130.76666666666665,129.28333333333333,134.21666666666664,136.1833333333333,134.7,131.25,134.0,132.25,132.73333333333332,131.4154333333333,130.60123333333334,134.05123333333333,134.8654333333333,125.83333333333334,139.6333333333333,,,0.0,0.0,0.0,15,15
2019-08-06 15:20:00,132.15,132.15,131.9,132.05,272496,2019-08-06,2019,130.76666666666665,129.28333333333333,134.21666666666664,136.1833333333333,134.7,131.25,134.0,132.25,132.73333333333332,131.4154333333333,130.60123333333334,134.05123333333333,134.8654333333333,125.83333333333334,139.6333333333333,Exit,Buy,132.05,0.0,0.0,15,20
2019-08-06 15:25:00,132.0,132.1,131.9,132.05,221977,2019-08-06,2019,130.76666666666665,129.28333333333333,134.21666666666664,136.1833333333333,134.7,131.25,134.0,132.25,132.73333333333332,131.4154333333333,130.60123333333334,134.05123333333333,134.8654333333333,125.83333333333334,139.6333333333333,,,0.0,0.0,0.0,15,25
2019-08-07 09:15:00,133.5,133.5,131.75,132.0,599679,2019-08-07,2019,130.75000000000003,129.45000000000002,133.60000000000002,135.15,133.85,131.0,131.85,132.05,132.3,131.21130000000002,130.5387,133.3887,134.06130000000002,126.60000000000002,138.0,,,0.0,0.0,0.0,9,15
2019-08-07 09:20:00,131.9,132.1,130.8,131.1,536678,2019-08-07,2019,130.75000000000003,129.45000000000002,133.60000000000002,135.15,133.85,131.0,131.85,132.05,132.3,131.21130000000002,130.5387,133.3887,134.06130000000002,126.60000000000002,138.0,Entry,Sell,131.1,129.45000000000002,133.5,9,20
2019-08-07 09:25:00,131.1,131.1,130.4,130.95,577965,2019-08-07,2019,130.75000000000003,129.45000000000002,133.60000000000002,135.15,133.85,131.0,131.85,132.05,132.3,131.21130000000002,130.5387,133.3887,134.06130000000002,126.60000000000002,138.0,,,0.0,0.0,0.0,9,25
2019-08-07 09:30:00,130.95,131.35,130.7,131.25,196945,2019-08-07,2019,130.75000000000003,129.45000000000002,133.60000000000002,135.15,133.85,131.0,131.85,132.05,132.3,131.21130000000002,130.5387,133.3887,134.06130000000002,126.60000000000002,138.0,Exit,Buy,130.5756,131.62560000000002,130.4,9,30
2019-08-07 09:35:00,131.3,131.65,131.25,131.5,237232,2019-08-07,2019,130.75000000000003,129.45000000000002,133.60000000000002,135.15,133.85,131.0,131.85,132.05,132.3,131.21130000000002,130.5387,133.3887,134.06130000000002,126.60000000000002,138.0,Exit,Sell,131.62560000000002,0.0,0.0,9,35
2019-08-07 09:40:00,131.45,131.75,131.3,131.7,162448,2019-08-07,2019,130.75000000000003,129.45000000000002,133.60000000000002,135.15,133.85,131.0,131.85,132.05,132.3,131.21130000000002,130.5387,133.3887,134.06130000000002,126.60000000000002,138.0,,,0.0,0.0,0.0,9,40
2019-08-07 09:45:00,131.7,131.8,131.35,131.4,182317,2019-08-07,2019,130.75000000000003,129.45000000000002,133.60000000000002,135.15,133.85,131.0,131.85,132.05,132.3,131.21130000000002,130.5387,133.3887,134.06130000000002,126.60000000000002,138.0,,,0.0,0.0,0.0,9,45
2019-08-07 09:50:00,131.35,131.4,130.85,131.25,270946,2019-08-07,2019,130.75000000000003,129.45000000000002,133.60000000000002,135.15,133.85,131.0,131.85,132.05,132.3,131.21130000000002,130.5387,133.3887,134.06130000000002,126.60000000000002,138.0,,,0.0,0.0,0.0,9,50
2019-08-07 09:55:00,131.2,131.25,130.6,130.7,223562,2019-08-07,2019,130.75000000000003,129.45000000000002,133.60000000000002,135.15,133.85,131.0,131.85,132.05,132.3,131.21130000000002,130.5387,133.3887,134.06130000000002,126.60000000000002,138.0,,,0.0,0.0,0.0,9,55
2019-08-07 10:00:00,130.7,130.9,130.5,130.9,221972,2019-08-07,2019,130.75000000000003,129.45000000000002,133.60000000000002,135.15,133.85,131.0,131.85,132.05,132.3,131.21130000000002,130.5387,133.3887,134.06130000000002,126.60000000000002,138.0,,,0.0,0.0,0.0,10,0
2019-08-07 10:05:00,130.85,130.9,130.65,130.75,115633,2019-08-07,2019,130.75000000000003,129.45000000000002,133.60000000000002,135.15,133.85,131.0,131.85,132.05,132.3,131.21130000000002,130.5387,133.3887,134.06130000000002,126.60000000000002,138.0,,,0.0,0.0,0.0,10,5
2019-08-07 10:10:00,130.7,130.7,130.25,130.35,504564,2019-08-07,2019,130.75000000000003,129.45000000000002,133.60000000000002,135.15,133.85,131.0,131.85,132.05,132.3,131.21130000000002,130.5387,133.3887,134.06130000000002,126.60000000000002,138.0,Entry,Sell,130.4,129.50000000000003,133.5,10,10
2019-08-07 10:15:00,130.3,130.45,130.2,130.25,194919,2019-08-07,2019,130.75000000000003,129.45000000000002,133.60000000000002,135.15,133.85,131.0,131.85,132.05,132.3,131.21130000000002,130.5387,133.3887,134.06130000000002,126.60000000000002,138.0,,,0.0,0.0,0.0,10,15
2019-08-07 10:20:00,130.3,130.6,130.2,130.5,210440,2019-08-07,2019,130.75000000000003,129.45000000000002,133.60000000000002,135.15,133.85,131.0,131.85,132.05,132.3,131.21130000000002,130.5387,133.3887,134.06130000000002,126.60000000000002,138.0,,,0.0,0.0,0.0,10,20
2019-08-07 10:25:00,130.5,130.95,130.5,130.85,142698,2019-08-07,2019,130.75000000000003,129.45000000000002,133.60000000000002,135.15,133.85,131.0,131.85,132.05,132.3,131.21130000000002,130.5387,133.3887,134.06130000000002,126.60000000000002,138.0,,,0.0,0.0,0.0,10,25
2019-08-07 10:30:00,130.85,131.3,130.85,131.15,199162,2019-08-07,2019,130.75000000000003,129.45000000000002,133.60000000000002,135.15,133.85,131.0,131.85,132.05,132.3,131.21130000000002,130.5387,133.3887,134.06130000000002,126.60000000000002,138.0,,,0.0,0.0,0.0,10,30
2019-08-07 10:35:00,131.15,131.2,130.65,130.7,303836,2019-08-07,2019,130.75000000000003,129.45000000000002,133.60000000000002,135.15,133.85,131.0,131.85,132.05,132.3,131.21130000000002,130.5387,133.3887,134.06130000000002,126.60000000000002,138.0,,,0.0,0.0,0.0,10,35
2019-08-07 10:40:00,130.7,130.8,130.35,130.55,324497,2019-08-07,2019,130.75000000000003,129.45000000000002,133.60000000000002,135.15,133.85,131.0,131.85,132.05,132.3,131.21130000000002,130.5387,133.3887,134.06130000000002,126.60000000000002,138.0,,,0.0,0.0,0.0,10,40
2019-08-07 10:45:00,130.55,130.55,130.15,130.4,285685,2019-08-07,2019,130.75000000000003,129.45000000000002,133.60000000000002,135.15,133.85,131.0,131.85,132.05,132.3,131.21130000000002,130.5387,133.3887,134.06130000000002,126.60000000000002,138.0,,,0.0,0.0,0.0,10,45
2019-08-07 10:50:00,130.35,130.7,130.35,130.5,99263,2019-08-07,2019,130.75000000000003,129.45000000000002,133.60000000000002,135.15,133.85,131.0,131.85,132.05,132.3,131.21130000000002,130.5387,133.3887,134.06130000000002,126.60000000000002,138.0,,,0.0,0.0,0.0,10,50
2019-08-07 10:55:00,130.5,130.55,130.05,130.3,238436,2019-08-07,2019,130.75000000000003,129.45000000000002,133.60000000000002,135.15,133.85,131.0,131.85,132.05,132.3,131.21130000000002,130.5387,133.3887,134.06130000000002,126.60000000000002,138.0,,,0.0,0.0,0.0,10,55
2019-08-07 11:00:00,130.3,130.4,130.1,130.25,197782,2019-08-07,2019,130.75000000000003,129.45000000000002,133.60000000000002,135.15,133.85,131.0,131.85,132.05,132.3,131.21130000000002,130.5387,133.3887,134.06130000000002,126.60000000000002,138.0,,,0.0,0.0,0.0,11,0
2019-08-07 11:05:00,130.2,130.4,130.1,130.2,145017,2019-08-07,2019,130.75000000000003,129.45000000000002,133.60000000000002,135.15,133.85,131.0,131.85,132.05,132.3,131.21130000000002,130.5387,133.3887,134.06130000000002,126.60000000000002,138.0,,,0.0,0.0,0.0,11,5
2019-08-07 11:10:00,130.1,130.25,129.9,130.15,328713,2019-08-07,2019,130.75000000000003,129.45000000000002,133.60000000000002,135.15,133.85,131.0,131.85,132.05,132.3,131.21130000000002,130.5387,133.3887,134.06130000000002,126.60000000000002,138.0,,,0.0,0.0,0.0,11,10
2019-08-07 11:15:00,130.1,130.25,130.0,130.05,168478,2019-08-07,2019,130.75000000000003,129.45000000000002,133.60000000000002,135.15,133.85,131.0,131.85,132.05,132.3,131.21130000000002,130.5387,133.3887,134.06130000000002,126.60000000000002,138.0,,,0.0,0.0,0.0,11,15
2019-08-07 11:20:00,130.0,130.3,129.9,130.25,104113,2019-08-07,2019,130.75000000000003,129.45000000000002,133.60000000000002,135.15,133.85,131.0,131.85,132.05,132.3,131.21130000000002,130.5387,133.3887,134.06130000000002,126.60000000000002,138.0,,,0.0,0.0,0.0,11,20
2019-08-07 11:25:00,130.2,130.25,130.05,130.15,92223,2019-08-07,2019,130.75000000000003,129.45000000000002,133.60000000000002,135.15,133.85,131.0,131.85,132.05,132.3,131.21130000000002,130.5387,133.3887,134.06130000000002,126.60000000000002,138.0,,,0.0,0.0,0.0,11,25
2019-08-07 11:30:00,130.15,130.25,129.9,130.0,327576,2019-08-07,2019,130.75000000000003,129.45000000000002,133.60000000000002,135.15,133.85,131.0,131.85,132.05,132.3,131.21130000000002,130.5387,133.3887,134.06130000000002,126.60000000000002,138.0,,,0.0,0.0,0.0,11,30
2019-08-07 11:35:00,130.05,130.65,129.95,130.4,280546,2019-08-07,2019,130.75000000000003,129.45000000000002,133.60000000000002,135.15,133.85,131.0,131.85,132.05,132.3,131.21130000000002,130.5387,133.3887,134.06130000000002,126.60000000000002,138.0,,,0.0,0.0,0.0,11,35
2019-08-07 11:40:00,130.4,130.45,130.05,130.2,107321,2019-08-07,2019,130.75000000000003,129.45000000000002,133.60000000000002,135.15,133.85,131.0,131.85,132.05,132.3,131.21130000000002,130.5387,133.3887,134.06130000000002,126.60000000000002,138.0,,,0.0,0.0,0.0,11,40
2019-08-07 11:45:00,130.15,131.8,129.9,131.5,585909,2019-08-07,2019,130.75000000000003,129.45000000000002,133.60000000000002,135.15,133.85,131.0,131.85,132.05,132.3,131.21130000000002,130.5387,133.3887,134.06130000000002,126.60000000000002,138.0,,,0.0,0.0,0.0,11,45
2019-08-07 11:50:00,131.5,131.55,131.25,131.25,249171,2019-08-07,2019,130.75000000000003,129.45000000000002,133.60000000000002,135.15,133.85,131.0,131.85,132.05,132.3,131.21130000000002,130.5387,133.3887,134.06130000000002,126.60000000000002,138.0,,,0.0,0.0,0.0,11,50
2019-08-07 11:55:00,131.25,131.6,131.1,131.2,313210,2019-08-07,2019,130.75000000000003,129.45000000000002,133.60000000000002,135.15,133.85,131.0,131.85,132.05,132.3,131.21130000000002,130.5387,133.3887,134.06130000000002,126.60000000000002,138.0,,,0.0,0.0,0.0,11,55
2019-08-07 12:00:00,131.15,131.25,130.35,130.8,331418,2019-08-07,2019,130.75000000000003,129.45000000000002,133.60000000000002,135.15,133.85,131.0,131.85,132.05,132.3,131.21130000000002,130.5387,133.3887,134.06130000000002,126.60000000000002,138.0,,,0.0,0.0,0.0,12,0
2019-08-07 12:05:00,130.8,131.35,130.8,130.95,171712,2019-08-07,2019,130.75000000000003,129.45000000000002,133.60000000000002,135.15,133.85,131.0,131.85,132.05,132.3,131.21130000000002,130.5387,133.3887,134.06130000000002,126.60000000000002,138.0,,,0.0,0.0,0.0,12,5
2019-08-07 12:10:00,130.95,131.2,130.9,131.2,91040,2019-08-07,2019,130.75000000000003,129.45000000000002,133.60000000000002,135.15,133.85,131.0,131.85,132.05,132.3,131.21130000000002,130.5387,133.3887,134.06130000000002,126.60000000000002,138.0,,,0.0,0.0,0.0,12,10
2019-08-07 12:15:00,131.15,131.2,130.75,130.9,156959,2019-08-07,2019,130.75000000000003,129.45000000000002,133.60000000000002,135.15,133.85,131.0,131.85,132.05,132.3,131.21130000000002,130.5387,133.3887,134.06130000000002,126.60000000000002,138.0,,,0.0,0.0,0.0,12,15
2019-08-07 12:20:00,130.85,130.9,130.55,130.65,87232,2019-08-07,2019,130.75000000000003,129.45000000000002,133.60000000000002,135.15,133.85,131.0,131.85,132.05,132.3,131.21130000000002,130.5387,133.3887,134.06130000000002,126.60000000000002,138.0,,,0.0,0.0,0.0,12,20
2019-08-07 12:25:00,130.6,130.8,130.45,130.55,131360,2019-08-07,2019,130.75000000000003,129.45000000000002,133.60000000000002,135.15,133.85,131.0,131.85,132.05,132.3,131.21130000000002,130.5387,133.3887,134.06130000000002,126.60000000000002,138.0,,,0.0,0.0,0.0,12,25
2019-08-07 12:30:00,130.55,130.7,130.4,130.65,210825,2019-08-07,2019,130.75000000000003,129.45000000000002,133.60000000000002,135.15,133.85,131.0,131.85,132.05,132.3,131.21130000000002,130.5387,133.3887,134.06130000000002,126.60000000000002,138.0,,,0.0,0.0,0.0,12,30
2019-08-07 12:35:00,130.65,130.75,130.45,130.5,119509,2019-08-07,2019,130.75000000000003,129.45000000000002,133.60000000000002,135.15,133.85,131.0,131.85,132.05,132.3,131.21130000000002,130.5387,133.3887,134.06130000000002,126.60000000000002,138.0,,,0.0,0.0,0.0,12,35
2019-08-07 12:40:00,130.55,130.7,130.5,130.6,187607,2019-08-07,2019,130.75000000000003,129.45000000000002,133.60000000000002,135.15,133.85,131.0,131.85,132.05,132.3,131.21130000000002,130.5387,133.3887,134.06130000000002,126.60000000000002,138.0,,,0.0,0.0,0.0,12,40
2019-08-07 12:45:00,130.6,130.65,130.4,130.6,209173,2019-08-07,2019,130.75000000000003,129.45000000000002,133.60000000000002,135.15,133.85,131.0,131.85,132.05,132.3,131.21130000000002,130.5387,133.3887,134.06130000000002,126.60000000000002,138.0,,,0.0,0.0,0.0,12,45
2019-08-07 12:50:00,130.5,130.75,130.5,130.65,94703,2019-08-07,2019,130.75000000000003,129.45000000000002,133.60000000000002,135.15,133.85,131.0,131.85,132.05,132.3,131.21130000000002,130.5387,133.3887,134.06130000000002,126.60000000000002,138.0,,,0.0,0.0,0.0,12,50
2019-08-07 12:55:00,130.65,130.75,130.55,130.6,82630,2019-08-07,2019,130.75000000000003,129.45000000000002,133.60000000000002,135.15,133.85,131.0,131.85,132.05,132.3,131.21130000000002,130.5387,133.3887,134.06130000000002,126.60000000000002,138.0,,,0.0,0.0,0.0,12,55
2019-08-07 13:00:00,130.6,130.7,130.5,130.5,84345,2019-08-07,2019,130.75000000000003,129.45000000000002,133.60000000000002,135.15,133.85,131.0,131.85,132.05,132.3,131.21130000000002,130.5387,133.3887,134.06130000000002,126.60000000000002,138.0,,,0.0,0.0,0.0,13,0
2019-08-07 13:05:00,130.55,130.65,130.45,130.65,124333,2019-08-07,2019,130.75000000000003,129.45000000000002,133.60000000000002,135.15,133.85,131.0,131.85,132.05,132.3,131.21130000000002,130.5387,133.3887,134.06130000000002,126.60000000000002,138.0,,,0.0,0.0,0.0,13,5
2019-08-07 13:10:00,130.55,130.65,130.5,130.55,40568,2019-08-07,2019,130.75000000000003,129.45000000000002,133.60000000000002,135.15,133.85,131.0,131.85,132.05,132.3,131.21130000000002,130.5387,133.3887,134.06130000000002,126.60000000000002,138.0,,,0.0,0.0,0.0,13,10
2019-08-07 13:15:00,130.55,130.8,130.45,130.75,131056,2019-08-07,2019,130.75000000000003,129.45000000000002,133.60000000000002,135.15,133.85,131.0,131.85,132.05,132.3,131.21130000000002,130.5387,133.3887,134.06130000000002,126.60000000000002,138.0,,,0.0,0.0,0.0,13,15
2019-08-07 13:20:00,130.75,130.95,130.5,130.6,170773,2019-08-07,2019,130.75000000000003,129.45000000000002,133.60000000000002,135.15,133.85,131.0,131.85,132.05,132.3,131.21130000000002,130.5387,133.3887,134.06130000000002,126.60000000000002,138.0,,,0.0,0.0,0.0,13,20
2019-08-07 13:25:00,130.55,130.8,130.45,130.75,114119,2019-08-07,2019,130.75000000000003,129.45000000000002,133.60000000000002,135.15,133.85,131.0,131.85,132.05,132.3,131.21130000000002,130.5387,133.3887,134.06130000000002,126.60000000000002,138.0,,,0.0,0.0,0.0,13,25
2019-08-07 13:30:00,130.75,130.8,130.6,130.75,76930,2019-08-07,2019,130.75000000000003,129.45000000000002,133.60000000000002,135.15,133.85,131.0,131.85,132.05,132.3,131.21130000000002,130.5387,133.3887,134.06130000000002,126.60000000000002,138.0,,,0.0,0.0,0.0,13,30
2019-08-07 13:35:00,130.75,130.85,130.5,130.6,104341,2019-08-07,2019,130.75000000000003,129.45000000000002,133.60000000000002,135.15,133.85,131.0,131.85,132.05,132.3,131.21130000000002,130.5387,133.3887,134.06130000000002,126.60000000000002,138.0,,,0.0,0.0,0.0,13,35
2019-08-07 13:40:00,130.6,130.7,130.4,130.5,440001,2019-08-07,2019,130.75000000000003,129.45000000000002,133.60000000000002,135.15,133.85,131.0,131.85,132.05,132.3,131.21130000000002,130.5387,133.3887,134.06130000000002,126.60000000000002,138.0,,,0.0,0.0,0.0,13,40
2019-08-07 13:45:00,130.5,130.9,130.45,130.9,344881,2019-08-07,2019,130.75000000000003,129.45000000000002,133.60000000000002,135.15,133.85,131.0,131.85,132.05,132.3,131.21130000000002,130.5387,133.3887,134.06130000000002,126.60000000000002,138.0,,,0.0,0.0,0.0,13,45
2019-08-07 13:50:00,130.9,130.95,130.5,130.55,151459,2019-08-07,2019,130.75000000000003,129.45000000000002,133.60000000000002,135.15,133.85,131.0,131.85,132.05,132.3,131.21130000000002,130.5387,133.3887,134.06130000000002,126.60000000000002,138.0,,,0.0,0.0,0.0,13,50
2019-08-07 13:55:00,130.55,130.6,130.5,130.5,77814,2019-08-07,2019,130.75000000000003,129.45000000000002,133.60000000000002,135.15,133.85,131.0,131.85,132.05,132.3,131.21130000000002,130.5387,133.3887,134.06130000000002,126.60000000000002,138.0,,,0.0,0.0,0.0,13,55
2019-08-07 14:00:00,130.5,130.9,130.45,130.55,334638,2019-08-07,2019,130.75000000000003,129.45000000000002,133.60000000000002,135.15,133.85,131.0,131.85,132.05,132.3,131.21130000000002,130.5387,133.3887,134.06130000000002,126.60000000000002,138.0,,,0.0,0.0,0.0,14,0
2019-08-07 14:05:00,130.55,130.55,130.1,130.15,142791,2019-08-07,2019,130.75000000000003,129.45000000000002,133.60000000000002,135.15,133.85,131.0,131.85,132.05,132.3,131.21130000000002,130.5387,133.3887,134.06130000000002,126.60000000000002,138.0,,,0.0,0.0,0.0,14,5
2019-08-07 14:10:00,130.1,130.75,130.05,130.55,117771,2019-08-07,2019,130.75000000000003,129.45000000000002,133.60000000000002,135.15,133.85,131.0,131.85,132.05,132.3,131.21130000000002,130.5387,133.3887,134.06130000000002,126.60000000000002,138.0,,,0.0,0.0,0.0,14,10
2019-08-07 14:15:00,130.55,130.7,130.2,130.4,111735,2019-08-07,2019,130.75000000000003,129.45000000000002,133.60000000000002,135.15,133.85,131.0,131.85,132.05,132.3,131.21130000000002,130.5387,133.3887,134.06130000000002,126.60000000000002,138.0,,,0.0,0.0,0.0,14,15
2019-08-07 14:20:00,130.35,130.4,130.0,130.0,112513,2019-08-07,2019,130.75000000000003,129.45000000000002,133.60000000000002,135.15,133.85,131.0,131.85,132.05,132.3,131.21130000000002,130.5387,133.3887,134.06130000000002,126.60000000000002,138.0,,,0.0,0.0,0.0,14,20
2019-08-07 14:25:00,130.0,130.25,130.0,130.15,103886,2019-08-07,2019,130.75000000000003,129.45000000000002,133.60000000000002,135.15,133.85,131.0,131.85,132.05,132.3,131.21130000000002,130.5387,133.3887,134.06130000000002,126.60000000000002,138.0,,,0.0,0.0,0.0,14,25
2019-08-07 14:30:00,130.1,130.15,129.7,129.9,169024,2019-08-07,2019,130.75000000000003,129.45000000000002,133.60000000000002,135.15,133.85,131.0,131.85,132.05,132.3,131.21130000000002,130.5387,133.3887,134.06130000000002,126.60000000000002,138.0,,,0.0,0.0,0.0,14,30
2019-08-07 14:35:00,129.9,130.0,129.65,129.65,94054,2019-08-07,2019,130.75000000000003,129.45000000000002,133.60000000000002,135.15,133.85,131.0,131.85,132.05,132.3,131.21130000000002,130.5387,133.3887,134.06130000000002,126.60000000000002,138.0,Exit,Buy,129.8784,130.7671,129.7,14,35
2019-08-07 14:40:00,129.65,129.9,129.6,129.75,95665,2019-08-07,2019,130.75000000000003,129.45000000000002,133.60000000000002,135.15,133.85,131.0,131.85,132.05,132.3,131.21130000000002,130.5387,133.3887,134.06130000000002,126.60000000000002,138.0,Exit,Sell,129.7,126.55000000000001,133.5,14,40
2019-08-07 14:45:00,129.75,129.95,129.55,129.6,336008,2019-08-07,2019,130.75000000000003,129.45000000000002,133.60000000000002,135.15,133.85,131.0,131.85,132.05,132.3,131.21130000000002,130.5387,133.3887,134.06130000000002,126.60000000000002,138.0,,,0.0,0.0,0.0,14,45
2019-08-07 14:50:00,129.6,129.9,129.5,129.8,120834,2019-08-07,2019,130.75000000000003,129.45000000000002,133.60000000000002,135.15,133.85,131.0,131.85,132.05,132.3,131.21130000000002,130.5387,133.3887,134.06130000000002,126.60000000000002,138.0,,,0.0,0.0,0.0,14,50
2019-08-07 14:55:00,129.8,129.85,129.35,129.65,141787,2019-08-07,2019,130.75000000000003,129.45000000000002,133.60000000000002,135.15,133.85,131.0,131.85,132.05,132.3,131.21130000000002,130.5387,133.3887,134.06130000000002,126.60000000000002,138.0,,,0.0,0.0,0.0,14,55
2019-08-07 15:00:00,129.7,129.7,129.1,129.2,210176,2019-08-07,2019,130.75000000000003,129.45000000000002,133.60000000000002,135.15,133.85,131.0,131.85,132.05,132.3,131.21130000000002,130.5387,133.3887,134.06130000000002,126.60000000000002,138.0,,,0.0,0.0,0.0,15,0
2019-08-07 15:05:00,129.15,129.5,129.0,129.35,412160,2019-08-07,2019,130.75000000000003,129.45000000000002,133.60000000000002,135.15,133.85,131.0,131.85,132.05,132.3,131.21130000000002,130.5387,133.3887,134.06130000000002,126.60000000000002,138.0,,,0.0,0.0,0.0,15,5
2019-08-07 15:10:00,129.35,129.35,128.75,129.15,257313,2019-08-07,2019,130.75000000000003,129.45000000000002,133.60000000000002,135.15,133.85,131.0,131.85,132.05,132.3,131.21130000000002,130.5387,133.3887,134.06130000000002,126.60000000000002,138.0,Exit,Buy,129.1812,130.5699,129.0,15,10
2019-08-07 15:15:00,129.15,129.2,128.65,129.0,243629,2019-08-07,2019,130.75000000000003,129.45000000000002,133.60000000000002,135.15,133.85,131.0,131.85,132.05,132.3,131.21130000000002,130.5387,133.3887,134.06130000000002,126.60000000000002,138.0,Exit,Sell,129.0,126.60000000000002,133.5,15,15
2019-08-07 15:20:00,128.9,129.0,128.55,128.7,232780,2019-08-07,2019,130.75000000000003,129.45000000000002,133.60000000000002,135.15,133.85,131.0,131.85,132.05,132.3,131.21130000000002,130.5387,133.3887,134.06130000000002,126.60000000000002,138.0,Exit,Buy,128.7,0.0,0.0,15,20
2019-08-07 15:25:00,128.75,128.9,128.55,128.85,191630,2019-08-07,2019,130.75000000000003,129.45000000000002,133.60000000000002,135.15,133.85,131.0,131.85,132.05,132.3,131.21130000000002,130.5387,133.3887,134.06130000000002,126.60000000000002,138.0,,,0.0,0.0,0.0,15,25
2019-08-08 09:15:00,130.4,131.0,129.65,129.95,544650,2019-08-08,2019,127.09999999999997,125.35,132.04999999999995,135.24999999999997,133.5,128.55,133.5,128.85,130.29999999999998,128.4091,127.2409,132.19089999999997,133.35909999999998,120.4,140.19999999999996,,,0.0,0.0,0.0,9,15
2019-08-08 09:20:00,130.0,130.05,129.6,130.0,218771,2019-08-08,2019,127.09999999999997,125.35,132.04999999999995,135.24999999999997,133.5,128.55,133.5,128.85,130.29999999999998,128.4091,127.2409,132.19089999999997,133.35909999999998,120.4,140.19999999999996,,,0.0,0.0,0.0,9,20
2019-08-08 09:25:00,129.95,130.2,129.75,129.8,220264,2019-08-08,2019,127.09999999999997,125.35,132.04999999999995,135.24999999999997,133.5,128.55,133.5,128.85,130.29999999999998,128.4091,127.2409,132.19089999999997,133.35909999999998,120.4,140.19999999999996,,,0.0,0.0,0.0,9,25
2019-08-08 09:30:00,129.85,129.85,129.35,129.7,116089,2019-08-08,2019,127.09999999999997,125.35,132.04999999999995,135.24999999999997,133.5,128.55,133.5,128.85,130.29999999999998,128.4091,127.2409,132.19089999999997,133.35909999999998,120.4,140.19999999999996,,,0.0,0.0,0.0,9,30
2019-08-08 09:35:00,129.6,129.95,129.45,129.5,87985,2019-08-08,2019,127.09999999999997,125.35,132.04999999999995,135.24999999999997,133.5,128.55,133.5,128.85,130.29999999999998,128.4091,127.2409,132.19089999999997,133.35909999999998,120.4,140.19999999999996,,,0.0,0.0,0.0,9,35
2019-08-08 09:40:00,129.5,129.55,129.15,129.2,113806,2019-08-08,2019,127.09999999999997,125.35,132.04999999999995,135.24999999999997,133.5,128.55,133.5,128.85,130.29999999999998,128.4091,127.2409,132.19089999999997,133.35909999999998,120.4,140.19999999999996,Entry,Sell,129.2,128.4091,131.0,9,40
2019-08-08 09:45:00,129.25,129.35,129.0,129.2,123210,2019-08-08,2019,127.09999999999997,125.35,132.04999999999995,135.24999999999997,133.5,128.55,133.5,128.85,130.29999999999998,128.4091,127.2409,132.19089999999997,133.35909999999998,120.4,140.19999999999996,,,0.0,0.0,0.0,9,45
2019-08-08 09:50:00,129.3,129.3,128.8,129.0,137151,2019-08-08,2019,127.09999999999997,125.35,132.04999999999995,135.24999999999997,133.5,128.55,133.5,128.85,130.29999999999998,128.4091,127.2409,132.19089999999997,133.35909999999998,120.4,140.19999999999996,,,0.0,0.0,0.0,9,50
2019-08-08 09:55:00,128.95,129.2,128.95,129.05,68580,2019-08-08,2019,127.09999999999997,125.35,132.04999999999995,135.24999999999997,133.5,128.55,133.5,128.85,130.29999999999998,128.4091,127.2409,132.19089999999997,133.35909999999998,120.4,140.19999999999996,,,0.0,0.0,0.0,9,55
2019-08-08 10:00:00,129.05,129.3,129.0,129.3,65202,2019-08-08,2019,127.09999999999997,125.35,132.04999999999995,135.24999999999997,133.5,128.55,133.5,128.85,130.29999999999998,128.4091,127.2409,132.19089999999997,133.35909999999998,120.4,140.19999999999996,,,0.0,0.0,0.0,10,0
2019-08-08 10:05:00,129.25,129.45,129.0,129.25,110499,2019-08-08,2019,127.09999999999997,125.35,132.04999999999995,135.24999999999997,133.5,128.55,133.5,128.85,130.29999999999998,128.4091,127.2409,132.19089999999997,133.35909999999998,120.4,140.19999999999996,,,0.0,0.0,0.0,10,5
2019-08-08 10:10:00,129.25,129.35,129.15,129.35,60594,2019-08-08,2019,127.09999999999997,125.35,132.04999999999995,135.24999999999997,133.5,128.55,133.5,128.85,130.29999999999998,128.4091,127.2409,132.19089999999997,133.35909999999998,120.4,140.19999999999996,,,0.0,0.0,0.0,10,10
2019-08-08 10:15:00,129.35,129.6,129.25,129.55,97979,2019-08-08,2019,127.09999999999997,125.35,132.04999999999995,135.24999999999997,133.5,128.55,133.5,128.85,130.29999999999998,128.4091,127.2409,132.19089999999997,133.35909999999998,120.4,140.19999999999996,,,0.0,0.0,0.0,10,15
2019-08-08 10:20:00,129.5,129.75,129.45,129.7,121583,2019-08-08,2019,127.09999999999997,125.35,132.04999999999995,135.24999999999997,133.5,128.55,133.5,128.85,130.29999999999998,128.4091,127.2409,132.19089999999997,133.35909999999998,120.4,140.19999999999996,,,0.0,0.0,0.0,10,20
2019-08-08 10:25:00,129.7,129.9,129.65,129.75,63400,2019-08-08,2019,127.09999999999997,125.35,132.04999999999995,135.24999999999997,133.5,128.55,133.5,128.85,130.29999999999998,128.4091,127.2409,132.19089999999997,133.35909999999998,120.4,140.19999999999996,,,0.0,0.0,0.0,10,25
2019-08-08 10:30:00,129.8,129.8,129.55,129.55,52058,2019-08-08,2019,127.09999999999997,125.35,132.04999999999995,135.24999999999997,133.5,128.55,133.5,128.85,130.29999999999998,128.4091,127.2409,132.19089999999997,133.35909999999998,120.4,140.19999999999996,,,0.0,0.0,0.0,10,30
2019-08-08 10:35:00,129.65,129.65,129.05,129.3,59644,2019-08-08,2019,127.09999999999997,125.35,132.04999999999995,135.24999999999997,133.5,128.55,133.5,128.85,130.29999999999998,128.4091,127.2409,132.19089999999997,133.35909999999998,120.4,140.19999999999996,,,0.0,0.0,0.0,10,35
2019-08-08 10:40:00,129.3,129.6,129.3,129.6,39130,2019-08-08,2019,127.09999999999997,125.35,132.04999999999995,135.24999999999997,133.5,128.55,133.5,128.85,130.29999999999998,128.4091,127.2409,132.19089999999997,133.35909999999998,120.4,140.19999999999996,,,0.0,0.0,0.0,10,40
2019-08-08 10:45:00,129.6,129.6,129.0,129.05,87008,2019-08-08,2019,127.09999999999997,125.35,132.04999999999995,135.24999999999997,133.5,128.55,133.5,128.85,130.29999999999998,128.4091,127.2409,132.19089999999997,133.35909999999998,120.4,140.19999999999996,,,0.0,0.0,0.0,10,45
2019-08-08 10:50:00,129.1,129.1,128.65,129.1,106593,2019-08-08,2019,127.09999999999997,125.35,132.04999999999995,135.24999999999997,133.5,128.55,133.5,128.85,130.29999999999998,128.4091,127.2409,132.19089999999997,133.35909999999998,120.4,140.19999999999996,,,0.0,0.0,0.0,10,50
2019-08-08 10:55:00,129.1,129.1,128.9,129.05,41616,2019-08-08,2019,127.09999999999997,125.35,132.04999999999995,135.24999999999997,133.5,128.55,133.5,128.85,130.29999999999998,128.4091,127.2409,132.19089999999997,133.35909999999998,120.4,140.19999999999996,,,0.0,0.0,0.0,10,55
2019-08-08 11:00:00,129.05,129.25,128.7,129.2,75652,2019-08-08,2019,127.09999999999997,125.35,132.04999999999995,135.24999999999997,133.5,128.55,133.5,128.85,130.29999999999998,128.4091,127.2409,132.19089999999997,133.35909999999998,120.4,140.19999999999996,,,0.0,0.0,0.0,11,0
2019-08-08 11:05:00,129.2,129.2,128.7,129.05,63422,2019-08-08,2019,127.09999999999997,125.35,132.04999999999995,135.24999999999997,133.5,128.55,133.5,128.85,130.29999999999998,128.4091,127.2409,132.19089999999997,133.35909999999998,120.4,140.19999999999996,,,0.0,0.0,0.0,11,5
2019-08-08 11:10:00,129.05,129.15,129.0,129.0,34946,2019-08-08,2019,127.09999999999997,125.35,132.04999999999995,135.24999999999997,133.5,128.55,133.5,128.85,130.29999999999998,128.4091,127.2409,132.19089999999997,133.35909999999998,120.4,140.19999999999996,,,0.0,0.0,0.0,11,10
2019-08-08 11:15:00,129.05,129.35,129.0,129.1,67009,2019-08-08,2019,127.09999999999997,125.35,132.04999999999995,135.24999999999997,133.5,128.55,133.5,128.85,130.29999999999998,128.4091,127.2409,132.19089999999997,133.35909999999998,120.4,140.19999999999996,,,0.0,0.0,0.0,11,15
2019-08-08 11:20:00,129.1,129.1,128.7,128.8,68167,2019-08-08,2019,127.09999999999997,125.35,132.04999999999995,135.24999999999997,133.5,128.55,133.5,128.85,130.29999999999998,128.4091,127.2409,132.19089999999997,133.35909999999998,120.4,140.19999999999996,,,0.0,0.0,0.0,11,20
2019-08-08 11:25:00,128.9,128.9,128.5,128.75,84003,2019-08-08,2019,127.09999999999997,125.35,132.04999999999995,135.24999999999997,133.5,128.55,133.5,128.85,130.29999999999998,128.4091,127.2409,132.19089999999997,133.35909999999998,120.4,140.19999999999996,,,0.0,0.0,0.0,11,25
2019-08-08 11:30:00,128.7,128.85,128.45,128.8,111376,2019-08-08,2019,127.09999999999997,125.35,132.04999999999995,135.24999999999997,133.5,128.55,133.5,128.85,130.29999999999998,128.4091,127.2409,132.19089999999997,133.35909999999998,120.4,140.19999999999996,Exit,Buy,128.6832,130.18319999999997,128.5,11,30
2019-08-08 11:35:00,128.85,129.0,128.75,128.75,62408,2019-08-08,2019,127.09999999999997,125.35,132.04999999999995,135.24999999999997,133.5,128.55,133.5,128.85,130.29999999999998,128.4091,127.2409,132.19089999999997,133.35909999999998,120.4,140.19999999999996,,,0.0,0.0,0.0,11,35
2019-08-08 11:40:00,128.75,128.85,128.4,128.4,86203,2019-08-08,2019,127.09999999999997,125.35,132.04999999999995,135.24999999999997,133.5,128.55,133.5,128.85,130.29999999999998,128.4091,127.2409,132.19089999999997,133.35909999999998,120.4,140.19999999999996,Exit,Sell,128.5,127.34089999999999,131.0,11,40
2019-08-08 11:45:00,128.5,128.6,128.4,128.4,52288,2019-08-08,2019,127.09999999999997,125.35,132.04999999999995,135.24999999999997,133.5,128.55,133.5,128.85,130.29999999999998,128.4091,127.2409,132.19089999999997,133.35909999999998,120.4,140.19999999999996,,,0.0,0.0,0.0,11,45
2019-08-08 11:50:00,128.4,128.7,128.35,128.45,61662,2019-08-08,2019,127.09999999999997,125.35,132.04999999999995,135.24999999999997,133.5,128.55,133.5,128.85,130.29999999999998,128.4091,127.2409,132.19089999999997,133.35909999999998,120.4,140.19999999999996,,,0.0,0.0,0.0,11,50
2019-08-08 11:55:00,128.45,128.45,128.1,128.1,80732,2019-08-08,2019,127.09999999999997,125.35,132.04999999999995,135.24999999999997,133.5,128.55,133.5,128.85,130.29999999999998,128.4091,127.2409,132.19089999999997,133.35909999999998,120.4,140.19999999999996,,,0.0,0.0,0.0,11,55
2019-08-08 12:00:00,128.1,128.15,127.8,127.9,163102,2019-08-08,2019,127.09999999999997,125.35,132.04999999999995,135.24999999999997,133.5,128.55,133.5,128.85,130.29999999999998,128.4091,127.2409,132.19089999999997,133.35909999999998,120.4,140.19999999999996,,,0.0,0.0,0.0,12,0
2019-08-08 12:05:00,127.9,127.95,127.65,127.85,58473,2019-08-08,2019,127.09999999999997,125.35,132.04999999999995,135.24999999999997,133.5,128.55,133.5,128.85,130.29999999999998,128.4091,127.2409,132.19089999999997,133.35909999999998,120.4,140.19999999999996,,,0.0,0.0,0.0,12,5
2019-08-08 12:10:00,127.8,128.0,127.8,127.9,97144,2019-08-08,2019,127.09999999999997,125.35,132.04999999999995,135.24999999999997,133.5,128.55,133.5,128.85,130.29999999999998,128.4091,127.2409,132.19089999999997,133.35909999999998,120.4,140.19999999999996,Exit,Buy,127.986,130.38599999999997,127.65,12,10
2019-08-08 12:15:00,127.9,128.0,127.8,127.95,123113,2019-08-08,2019,127.09999999999997,125.35,132.04999999999995,135.24999999999997,133.5,128.55,133.5,128.85,130.29999999999998,128.4091,127.2409,132.19089999999997,133.35909999999998,120.4,140.19999999999996,,,0.0,0.0,0.0,12,15
2019-08-08 12:20:00,127.95,128.0,127.75,127.8,538055,2019-08-08,2019,127.09999999999997,125.35,132.04999999999995,135.24999999999997,133.5,128.55,133.5,128.85,130.29999999999998,128.4091,127.2409,132.19089999999997,133.35909999999998,120.4,140.19999999999996,,,0.0,0.0,0.0,12,20
2019-08-08 12:25:00,127.85,128.2,127.75,128.1,215459,2019-08-08,2019,127.09999999999997,125.35,132.04999999999995,135.24999999999997,133.5,128.55,133.5,128.85,130.29999999999998,128.4091,127.2409,132.19089999999997,133.35909999999998,120.4,140.19999999999996,,,0.0,0.0,0.0,12,25
2019-08-08 12:30:00,128.1,128.25,127.9,128.2,160567,2019-08-08,2019,127.09999999999997,125.35,132.04999999999995,135.24999999999997,133.5,128.55,133.5,128.85,130.29999999999998,128.4091,127.2409,132.19089999999997,133.35909999999998,120.4,140.19999999999996,,,0.0,0.0,0.0,12,30
2019-08-08 12:35:00,128.2,128.25,128.05,128.05,38426,2019-08-08,2019,127.09999999999997,125.35,132.04999999999995,135.24999999999997,133.5,128.55,133.5,128.85,130.29999999999998,128.4091,127.2409,132.19089999999997,133.35909999999998,120.4,140.19999999999996,,,0.0,0.0,0.0,12,35
2019-08-08 12:40:00,128.1,128.2,127.95,128.0,48471,2019-08-08,2019,127.09999999999997,125.35,132.04999999999995,135.24999999999997,133.5,128.55,133.5,128.85,130.29999999999998,128.4091,127.2409,132.19089999999997,133.35909999999998,120.4,140.19999999999996,,,0.0,0.0,0.0,12,40
2019-08-08 12:45:00,128.0,128.15,127.8,128.05,103884,2019-08-08,2019,127.09999999999997,125.35,132.04999999999995,135.24999999999997,133.5,128.55,133.5,128.85,130.29999999999998,128.4091,127.2409,132.19089999999997,133.35909999999998,120.4,140.19999999999996,,,0.0,0.0,0.0,12,45
2019-08-08 12:50:00,128.05,128.25,127.95,128.1,67481,2019-08-08,2019,127.09999999999997,125.35,132.04999999999995,135.24999999999997,133.5,128.55,133.5,128.85,130.29999999999998,128.4091,127.2409,132.19089999999997,133.35909999999998,120.4,140.19999999999996,,,0.0,0.0,0.0,12,50
2019-08-08 12:55:00,128.1,128.3,128.0,128.25,46853,2019-08-08,2019,127.09999999999997,125.35,132.04999999999995,135.24999999999997,133.5,128.55,133.5,128.85,130.29999999999998,128.4091,127.2409,132.19089999999997,133.35909999999998,120.4,140.19999999999996,,,0.0,0.0,0.0,12,55
2019-08-08 13:00:00,128.25,128.45,128.15,128.45,51511,2019-08-08,2019,127.09999999999997,125.35,132.04999999999995,135.24999999999997,133.5,128.55,133.5,128.85,130.29999999999998,128.4091,127.2409,132.19089999999997,133.35909999999998,120.4,140.19999999999996,,,0.0,0.0,0.0,13,0
2019-08-08 13:05:00,128.45,128.55,128.25,128.25,71737,2019-08-08,2019,127.09999999999997,125.35,132.04999999999995,135.24999999999997,133.5,128.55,133.5,128.85,130.29999999999998,128.4091,127.2409,132.19089999999997,133.35909999999998,120.4,140.19999999999996,,,0.0,0.0,0.0,13,5
2019-08-08 13:10:00,128.35,128.5,128.25,128.45,41528,2019-08-08,2019,127.09999999999997,125.35,132.04999999999995,135.24999999999997,133.5,128.55,133.5,128.85,130.29999999999998,128.4091,127.2409,132.19089999999997,133.35909999999998,120.4,140.19999999999996,,,0.0,0.0,0.0,13,10
2019-08-08 13:15:00,128.5,128.5,128.3,128.45,43702,2019-08-08,2019,127.09999999999997,125.35,132.04999999999995,135.24999999999997,133.5,128.55,133.5,128.85,130.29999999999998,128.4091,127.2409,132.19089999999997,133.35909999999998,120.4,140.19999999999996,,,0.0,0.0,0.0,13,15
2019-08-08 13:20:00,128.45,128.7,128.4,128.55,79308,2019-08-08,2019,127.09999999999997,125.35,132.04999999999995,135.24999999999997,133.5,128.55,133.5,128.85,130.29999999999998,128.4091,127.2409,132.19089999999997,133.35909999999998,120.4,140.19999999999996,,,0.0,0.0,0.0,13,20
2019-08-08 13:25:00,128.6,128.75,128.45,128.65,63597,2019-08-08,2019,127.09999999999997,125.35,132.04999999999995,135.24999999999997,133.5,128.55,133.5,128.85,130.29999999999998,128.4091,127.2409,132.19089999999997,133.35909999999998,120.4,140.19999999999996,Exit,Sell,128.49794400000002,127.08884400000001,131.0,13,25
2019-08-08 13:30:00,128.7,129.25,128.6,129.2,157925,2019-08-08,2019,127.09999999999997,125.35,132.04999999999995,135.24999999999997,133.5,128.55,133.5,128.85,130.29999999999998,128.4091,127.2409,132.19089999999997,133.35909999999998,120.4,140.19999999999996,,,0.0,0.0,0.0,13,30
2019-08-08 13:35:00,129.2,129.4,128.95,129.3,144042,2019-08-08,2019,127.09999999999997,125.35,132.04999999999995,135.24999999999997,133.5,128.55,133.5,128.85,130.29999999999998,128.4091,127.2409,132.19089999999997,133.35909999999998,120.4,140.19999999999996,,,0.0,0.0,0.0,13,35
2019-08-08 13:40:00,129.35,129.35,129.05,129.15,100801,2019-08-08,2019,127.09999999999997,125.35,132.04999999999995,135.24999999999997,133.5,128.55,133.5,128.85,130.29999999999998,128.4091,127.2409,132.19089999999997,133.35909999999998,120.4,140.19999999999996,,,0.0,0.0,0.0,13,40
2019-08-08 13:45:00,129.15,129.4,129.0,129.35,124460,2019-08-08,2019,127.09999999999997,125.35,132.04999999999995,135.24999999999997,133.5,128.55,133.5,128.85,130.29999999999998,128.4091,127.2409,132.19089999999997,133.35909999999998,120.4,140.19999999999996,,,0.0,0.0,0.0,13,45
2019-08-08 13:50:00,129.4,129.5,129.25,129.45,138571,2019-08-08,2019,127.09999999999997,125.35,132.04999999999995,135.24999999999997,133.5,128.55,133.5,128.85,130.29999999999998,128.4091,127.2409,132.19089999999997,133.35909999999998,120.4,140.19999999999996,,,0.0,0.0,0.0,13,50
2019-08-08 13:55:00,129.4,129.65,129.35,129.65,117109,2019-08-08,2019,127.09999999999997,125.35,132.04999999999995,135.24999999999997,133.5,128.55,133.5,128.85,130.29999999999998,128.4091,127.2409,132.19089999999997,133.35909999999998,120.4,140.19999999999996,,,0.0,0.0,0.0,13,55
2019-08-08 14:00:00,129.6,129.65,129.4,129.6,104277,2019-08-08,2019,127.09999999999997,125.35,132.04999999999995,135.24999999999997,133.5,128.55,133.5,128.85,130.29999999999998,128.4091,127.2409,132.19089999999997,133.35909999999998,120.4,140.19999999999996,,,0.0,0.0,0.0,14,0
2019-08-08 14:05:00,129.6,129.7,129.5,129.5,104873,2019-08-08,2019,127.09999999999997,125.35,132.04999999999995,135.24999999999997,133.5,128.55,133.5,128.85,130.29999999999998,128.4091,127.2409,132.19089999999997,133.35909999999998,120.4,140.19999999999996,,,0.0,0.0,0.0,14,5
2019-08-08 14:10:00,129.5,129.6,129.2,129.35,74007,2019-08-08,2019,127.09999999999997,125.35,132.04999999999995,135.24999999999997,133.5,128.55,133.5,128.85,130.29999999999998,128.4091,127.2409,132.19089999999997,133.35909999999998,120.4,140.19999999999996,,,0.0,0.0,0.0,14,10
2019-08-08 14:15:00,129.35,129.65,129.2,129.4,147094,2019-08-08,2019,127.09999999999997,125.35,132.04999999999995,135.24999999999997,133.5,128.55,133.5,128.85,130.29999999999998,128.4091,127.2409,132.19089999999997,133.35909999999998,120.4,140.19999999999996,,,0.0,0.0,0.0,14,15
2019-08-08 14:20:00,129.4,129.65,129.3,129.5,105880,2019-08-08,2019,127.09999999999997,125.35,132.04999999999995,135.24999999999997,133.5,128.55,133.5,128.85,130.29999999999998,128.4091,127.2409,132.19089999999997,133.35909999999998,120.4,140.19999999999996,,,0.0,0.0,0.0,14,20
2019-08-08 14:25:00,129.55,130.3,129.5,130.25,273086,2019-08-08,2019,127.09999999999997,125.35,132.04999999999995,135.24999999999997,133.5,128.55,133.5,128.85,130.29999999999998,128.4091,127.2409,132.19089999999997,133.35909999999998,120.4,140.19999999999996,,,0.0,0.0,0.0,14,25
2019-08-08 14:30:00,130.15,130.3,130.0,130.2,186210,2019-08-08,2019,127.09999999999997,125.35,132.04999999999995,135.24999999999997,133.5,128.55,133.5,128.85,130.29999999999998,128.4091,127.2409,132.19089999999997,133.35909999999998,120.4,140.19999999999996,,,0.0,0.0,0.0,14,30
2019-08-08 14:35:00,130.2,130.45,130.05,130.2,133583,2019-08-08,2019,127.09999999999997,125.35,132.04999999999995,135.24999999999997,133.5,128.55,133.5,128.85,130.29999999999998,128.4091,127.2409,132.19089999999997,133.35909999999998,120.4,140.19999999999996,,,0.0,0.0,0.0,14,35
2019-08-08 14:40:00,130.2,130.7,130.05,130.05,180998,2019-08-08,2019,127.09999999999997,125.35,132.04999999999995,135.24999999999997,133.5,128.55,133.5,128.85,130.29999999999998,128.4091,127.2409,132.19089999999997,133.35909999999998,120.4,140.19999999999996,,,0.0,0.0,0.0,14,40
2019-08-08 14:45:00,130.05,130.4,130.05,130.3,111249,2019-08-08,2019,127.09999999999997,125.35,132.04999999999995,135.24999999999997,133.5,128.55,133.5,128.85,130.29999999999998,128.4091,127.2409,132.19089999999997,133.35909999999998,120.4,140.19999999999996,,,0.0,0.0,0.0,14,45
2019-08-08 14:50:00,130.3,130.35,130.0,130.05,137943,2019-08-08,2019,127.09999999999997,125.35,132.04999999999995,135.24999999999997,133.5,128.55,133.5,128.85,130.29999999999998,128.4091,127.2409,132.19089999999997,133.35909999999998,120.4,140.19999999999996,,,0.0,0.0,0.0,14,50
2019-08-08 14:55:00,130.05,130.2,129.95,130.05,1472945,2019-08-08,2019,127.09999999999997,125.35,132.04999999999995,135.24999999999997,133.5,128.55,133.5,128.85,130.29999999999998,128.4091,127.2409,132.19089999999997,133.35909999999998,120.4,140.19999999999996,,,0.0,0.0,0.0,14,55
2019-08-08 15:00:00,130.05,130.8,130.05,130.75,228026,2019-08-08,2019,127.09999999999997,125.35,132.04999999999995,135.24999999999997,133.5,128.55,133.5,128.85,130.29999999999998,128.4091,127.2409,132.19089999999997,133.35909999999998,120.4,140.19999999999996,,,0.0,0.0,0.0,15,0
2019-08-08 15:05:00,130.7,131.1,130.6,131.05,211772,2019-08-08,2019,127.09999999999997,125.35,132.04999999999995,135.24999999999997,133.5,128.55,133.5,128.85,130.29999999999998,128.4091,127.2409,132.19089999999997,133.35909999999998,120.4,140.19999999999996,Exit,Buy,131.0,131.99999999999994,127.65,15,5
2019-08-08 15:10:00,131.05,131.2,131.0,131.1,223383,2019-08-08,2019,127.09999999999997,125.35,132.04999999999995,135.24999999999997,133.5,128.55,133.5,128.85,130.29999999999998,128.4091,127.2409,132.19089999999997,133.35909999999998,120.4,140.19999999999996,,,0.0,0.0,0.0,15,10
2019-08-08 15:15:00,131.1,131.15,130.75,130.8,150374,2019-08-08,2019,127.09999999999997,125.35,132.04999999999995,135.24999999999997,133.5,128.55,133.5,128.85,130.29999999999998,128.4091,127.2409,132.19089999999997,133.35909999999998,120.4,140.19999999999996,,,0.0,0.0,0.0,15,15
2019-08-08 15:20:00,130.8,131.0,130.7,130.7,127746,2019-08-08,2019,127.09999999999997,125.35,132.04999999999995,135.24999999999997,133.5,128.55,133.5,128.85,130.29999999999998,128.4091,127.2409,132.19089999999997,133.35909999999998,120.4,140.19999999999996,Exit,Sell,130.7,0.0,0.0,15,20
2019-08-08 15:25:00,130.75,130.95,130.6,130.6,138713,2019-08-08,2019,127.09999999999997,125.35,132.04999999999995,135.24999999999997,133.5,128.55,133.5,128.85,130.29999999999998,128.4091,127.2409,132.19089999999997,133.35909999999998,120.4,140.19999999999996,,,0.0,0.0,0.0,15,25
2019-08-09 09:15:00,130.6,130.85,130.25,130.4,210805,2019-08-09,2019,128.4333333333334,126.26666666666671,131.98333333333338,133.36666666666667,131.2,127.65,130.4,130.6,129.8166666666667,128.4605666666667,127.6227666666667,131.1727666666667,132.01056666666668,122.71666666666673,136.91666666666666,,,0.0,0.0,0.0,9,15
2019-08-09 09:20:00,130.45,131.3,130.2,131.25,172022,2019-08-09,2019,128.4333333333334,126.26666666666671,131.98333333333338,133.36666666666667,131.2,127.65,130.4,130.6,129.8166666666667,128.4605666666667,127.6227666666667,131.1727666666667,132.01056666666668,122.71666666666673,136.91666666666666,,,0.0,0.0,0.0,9,20
2019-08-09 09:25:00,131.25,131.25,130.4,130.5,177336,2019-08-09,2019,128.4333333333334,126.26666666666671,131.98333333333338,133.36666666666667,131.2,127.65,130.4,130.6,129.8166666666667,128.4605666666667,127.6227666666667,131.1727666666667,132.01056666666668,122.71666666666673,136.91666666666666,,,0.0,0.0,0.0,9,25
2019-08-09 09:30:00,130.5,130.7,130.2,130.45,114384,2019-08-09,2019,128.4333333333334,126.26666666666671,131.98333333333338,133.36666666666667,131.2,127.65,130.4,130.6,129.8166666666667,128.4605666666667,127.6227666666667,131.1727666666667,132.01056666666668,122.71666666666673,136.91666666666666,,,0.0,0.0,0.0,9,30
2019-08-09 09:35:00,130.45,130.45,129.85,130.0,183451,2019-08-09,2019,128.4333333333334,126.26666666666671,131.98333333333338,133.36666666666667,131.2,127.65,130.4,130.6,129.8166666666667,128.4605666666667,127.6227666666667,131.1727666666667,132.01056666666668,122.71666666666673,136.91666666666666,,,0.0,0.0,0.0,9,35
2019-08-09 09:40:00,130.0,130.25,129.85,130.25,126026,2019-08-09,2019,128.4333333333334,126.26666666666671,131.98333333333338,133.36666666666667,131.2,127.65,130.4,130.6,129.8166666666667,128.4605666666667,127.6227666666667,131.1727666666667,132.01056666666668,122.71666666666673,136.91666666666666,,,0.0,0.0,0.0,9,40
2019-08-09 09:45:00,130.25,130.6,130.2,130.25,107136,2019-08-09,2019,128.4333333333334,126.26666666666671,131.98333333333338,133.36666666666667,131.2,127.65,130.4,130.6,129.8166666666667,128.4605666666667,127.6227666666667,131.1727666666667,132.01056666666668,122.71666666666673,136.91666666666666,,,0.0,0.0,0.0,9,45
2019-08-09 09:50:00,130.25,130.55,130.1,130.25,60118,2019-08-09,2019,128.4333333333334,126.26666666666671,131.98333333333338,133.36666666666667,131.2,127.65,130.4,130.6,129.8166666666667,128.4605666666667,127.6227666666667,131.1727666666667,132.01056666666668,122.71666666666673,136.91666666666666,,,0.0,0.0,0.0,9,50
2019-08-09 09:55:00,130.25,130.25,129.8,129.95,128484,2019-08-09,2019,128.4333333333334,126.26666666666671,131.98333333333338,133.36666666666667,131.2,127.65,130.4,130.6,129.8166666666667,128.4605666666667,127.6227666666667,131.1727666666667,132.01056666666668,122.71666666666673,136.91666666666666,,,0.0,0.0,0.0,9,55
2019-08-09 10:00:00,129.95,129.95,129.6,129.7,117267,2019-08-09,2019,128.4333333333334,126.26666666666671,131.98333333333338,133.36666666666667,131.2,127.65,130.4,130.6,129.8166666666667,128.4605666666667,127.6227666666667,131.1727666666667,132.01056666666668,122.71666666666673,136.91666666666666,,,0.0,0.0,0.0,10,0
2019-08-09 10:05:00,129.7,130.15,129.7,130.0,60152,2019-08-09,2019,128.4333333333334,126.26666666666671,131.98333333333338,133.36666666666667,131.2,127.65,130.4,130.6,129.8166666666667,128.4605666666667,127.6227666666667,131.1727666666667,132.01056666666668,122.71666666666673,136.91666666666666,,,0.0,0.0,0.0,10,5
2019-08-09 10:10:00,130.05,130.25,129.7,129.8,60260,2019-08-09,2019,128.4333333333334,126.26666666666671,131.98333333333338,133.36666666666667,131.2,127.65,130.4,130.6,129.8166666666667,128.4605666666667,127.6227666666667,131.1727666666667,132.01056666666668,122.71666666666673,136.91666666666666,,,0.0,0.0,0.0,10,10
2019-08-09 10:15:00,129.8,129.95,129.6,129.6,45054,2019-08-09,2019,128.4333333333334,126.26666666666671,131.98333333333338,133.36666666666667,131.2,127.65,130.4,130.6,129.8166666666667,128.4605666666667,127.6227666666667,131.1727666666667,132.01056666666668,122.71666666666673,136.91666666666666,,,0.0,0.0,0.0,10,15
2019-08-09 10:20:00,129.65,129.85,129.6,129.65,65858,2019-08-09,2019,128.4333333333334,126.26666666666671,131.98333333333338,133.36666666666667,131.2,127.65,130.4,130.6,129.8166666666667,128.4605666666667,127.6227666666667,131.1727666666667,132.01056666666668,122.71666666666673,136.91666666666666,,,0.0,0.0,0.0,10,20
2019-08-09 10:25:00,129.7,129.9,129.6,129.85,67246,2019-08-09,2019,128.4333333333334,126.26666666666671,131.98333333333338,133.36666666666667,131.2,127.65,130.4,130.6,129.8166666666667,128.4605666666667,127.6227666666667,131.1727666666667,132.01056666666668,122.71666666666673,136.91666666666666,,,0.0,0.0,0.0,10,25
2019-08-09 10:30:00,129.85,129.95,129.7,129.8,52095,2019-08-09,2019,128.4333333333334,126.26666666666671,131.98333333333338,133.36666666666667,131.2,127.65,130.4,130.6,129.8166666666667,128.4605666666667,127.6227666666667,131.1727666666667,132.01056666666668,122.71666666666673,136.91666666666666,,,0.0,0.0,0.0,10,30
2019-08-09 10:35:00,129.8,129.85,129.35,129.7,139665,2019-08-09,2019,128.4333333333334,126.26666666666671,131.98333333333338,133.36666666666667,131.2,127.65,130.4,130.6,129.8166666666667,128.4605666666667,127.6227666666667,131.1727666666667,132.01056666666668,122.71666666666673,136.91666666666666,,,0.0,0.0,0.0,10,35
2019-08-09 10:40:00,129.7,129.75,129.35,129.55,128966,2019-08-09,2019,128.4333333333334,126.26666666666671,131.98333333333338,133.36666666666667,131.2,127.65,130.4,130.6,129.8166666666667,128.4605666666667,127.6227666666667,131.1727666666667,132.01056666666668,122.71666666666673,136.91666666666666,,,0.0,0.0,0.0,10,40
2019-08-09 10:45:00,129.55,129.55,129.45,129.5,53556,2019-08-09,2019,128.4333333333334,126.26666666666671,131.98333333333338,133.36666666666667,131.2,127.65,130.4,130.6,129.8166666666667,128.4605666666667,127.6227666666667,131.1727666666667,132.01056666666668,122.71666666666673,136.91666666666666,,,0.0,0.0,0.0,10,45
2019-08-09 10:50:00,129.5,129.6,129.45,129.5,71544,2019-08-09,2019,128.4333333333334,126.26666666666671,131.98333333333338,133.36666666666667,131.2,127.65,130.4,130.6,129.8166666666667,128.4605666666667,127.6227666666667,131.1727666666667,132.01056666666668,122.71666666666673,136.91666666666666,,,0.0,0.0,0.0,10,50
2019-08-09 10:55:00,129.5,129.65,129.5,129.5,121963,2019-08-09,2019,128.4333333333334,126.26666666666671,131.98333333333338,133.36666666666667,131.2,127.65,130.4,130.6,129.8166666666667,128.4605666666667,127.6227666666667,131.1727666666667,132.01056666666668,122.71666666666673,136.91666666666666,,,0.0,0.0,0.0,10,55
2019-08-09 11:00:00,129.55,129.7,129.45,129.7,284093,2019-08-09,2019,128.4333333333334,126.26666666666671,131.98333333333338,133.36666666666667,131.2,127.65,130.4,130.6,129.8166666666667,128.4605666666667,127.6227666666667,131.1727666666667,132.01056666666668,122.71666666666673,136.91666666666666,,,0.0,0.0,0.0,11,0
2019-08-09 11:05:00,129.7,129.8,129.5,129.55,72570,2019-08-09,2019,128.4333333333334,126.26666666666671,131.98333333333338,133.36666666666667,131.2,127.65,130.4,130.6,129.8166666666667,128.4605666666667,127.6227666666667,131.1727666666667,132.01056666666668,122.71666666666673,136.91666666666666,,,0.0,0.0,0.0,11,5
2019-08-09 11:10:00,129.55,129.65,129.45,129.5,138216,2019-08-09,2019,128.4333333333334,126.26666666666671,131.98333333333338,133.36666666666667,131.2,127.65,130.4,130.6,129.8166666666667,128.4605666666667,127.6227666666667,131.1727666666667,132.01056666666668,122.71666666666673,136.91666666666666,,,0.0,0.0,0.0,11,10
2019-08-09 11:15:00,129.5,129.7,129.5,129.65,80626,2019-08-09,2019,128.4333333333334,126.26666666666671,131.98333333333338,133.36666666666667,131.2,127.65,130.4,130.6,129.8166666666667,128.4605666666667,127.6227666666667,131.1727666666667,132.01056666666668,122.71666666666673,136.91666666666666,,,0.0,0.0,0.0,11,15
2019-08-09 11:20:00,129.65,129.7,129.5,129.5,36908,2019-08-09,2019,128.4333333333334,126.26666666666671,131.98333333333338,133.36666666666667,131.2,127.65,130.4,130.6,129.8166666666667,128.4605666666667,127.6227666666667,131.1727666666667,132.01056666666668,122.71666666666673,136.91666666666666,,,0.0,0.0,0.0,11,20
2019-08-09 11:25:00,129.55,129.6,129.45,129.5,125676,2019-08-09,2019,128.4333333333334,126.26666666666671,131.98333333333338,133.36666666666667,131.2,127.65,130.4,130.6,129.8166666666667,128.4605666666667,127.6227666666667,131.1727666666667,132.01056666666668,122.71666666666673,136.91666666666666,,,0.0,0.0,0.0,11,25
2019-08-09 11:30:00,129.5,129.65,129.05,129.1,106873,2019-08-09,2019,128.4333333333334,126.26666666666671,131.98333333333338,133.36666666666667,131.2,127.65,130.4,130.6,129.8166666666667,128.4605666666667,127.6227666666667,131.1727666666667,132.01056666666668,122.71666666666673,136.91666666666666,,,0.0,0.0,0.0,11,30
2019-08-09 11:35:00,129.1,129.7,129.1,129.6,82838,2019-08-09,2019,128.4333333333334,126.26666666666671,131.98333333333338,133.36666666666667,131.2,127.65,130.4,130.6,129.8166666666667,128.4605666666667,127.6227666666667,131.1727666666667,132.01056666666668,122.71666666666673,136.91666666666666,,,0.0,0.0,0.0,11,35
2019-08-09 11:40:00,129.65,129.85,129.6,129.8,56498,2019-08-09,2019,128.4333333333334,126.26666666666671,131.98333333333338,133.36666666666667,131.2,127.65,130.4,130.6,129.8166666666667,128.4605666666667,127.6227666666667,131.1727666666667,132.01056666666668,122.71666666666673,136.91666666666666,,,0.0,0.0,0.0,11,40
2019-08-09 11:45:00,129.7,130.2,129.7,130.15,70582,2019-08-09,2019,128.4333333333334,126.26666666666671,131.98333333333338,133.36666666666667,131.2,127.65,130.4,130.6,129.8166666666667,128.4605666666667,127.6227666666667,131.1727666666667,132.01056666666668,122.71666666666673,136.91666666666666,,,0.0,0.0,0.0,11,45
2019-08-09 11:50:00,130.15,130.35,130.1,130.35,109364,2019-08-09,2019,128.4333333333334,126.26666666666671,131.98333333333338,133.36666666666667,131.2,127.65,130.4,130.6,129.8166666666667,128.4605666666667,127.6227666666667,131.1727666666667,132.01056666666668,122.71666666666673,136.91666666666666,,,0.0,0.0,0.0,11,50
2019-08-09 11:55:00,130.35,131.15,130.2,130.95,359683,2019-08-09,2019,128.4333333333334,126.26666666666671,131.98333333333338,133.36666666666667,131.2,127.65,130.4,130.6,129.8166666666667,128.4605666666667,127.6227666666667,131.1727666666667,132.01056666666668,122.71666666666673,136.91666666666666,,,0.0,0.0,0.0,11,55
2019-08-09 12:00:00,131.0,131.0,130.35,130.65,182818,2019-08-09,2019,128.4333333333334,126.26666666666671,131.98333333333338,133.36666666666667,131.2,127.65,130.4,130.6,129.8166666666667,128.4605666666667,127.6227666666667,131.1727666666667,132.01056666666668,122.71666666666673,136.91666666666666,,,0.0,0.0,0.0,12,0
2019-08-09 12:05:00,130.65,130.7,130.45,130.65,78801,2019-08-09,2019,128.4333333333334,126.26666666666671,131.98333333333338,133.36666666666667,131.2,127.65,130.4,130.6,129.8166666666667,128.4605666666667,127.6227666666667,131.1727666666667,132.01056666666668,122.71666666666673,136.91666666666666,,,0.0,0.0,0.0,12,5
2019-08-09 12:10:00,130.55,131.05,130.55,131.0,121115,2019-08-09,2019,128.4333333333334,126.26666666666671,131.98333333333338,133.36666666666667,131.2,127.65,130.4,130.6,129.8166666666667,128.4605666666667,127.6227666666667,131.1727666666667,132.01056666666668,122.71666666666673,136.91666666666666,,,0.0,0.0,0.0,12,10
2019-08-09 12:15:00,131.05,131.15,130.8,130.85,112106,2019-08-09,2019,128.4333333333334,126.26666666666671,131.98333333333338,133.36666666666667,131.2,127.65,130.4,130.6,129.8166666666667,128.4605666666667,127.6227666666667,131.1727666666667,132.01056666666668,122.71666666666673,136.91666666666666,,,0.0,0.0,0.0,12,15
2019-08-09 12:20:00,130.85,130.85,130.5,130.6,81427,2019-08-09,2019,128.4333333333334,126.26666666666671,131.98333333333338,133.36666666666667,131.2,127.65,130.4,130.6,129.8166666666667,128.4605666666667,127.6227666666667,131.1727666666667,132.01056666666668,122.71666666666673,136.91666666666666,,,0.0,0.0,0.0,12,20
2019-08-09 12:25:00,130.6,130.85,130.6,130.75,58606,2019-08-09,2019,128.4333333333334,126.26666666666671,131.98333333333338,133.36666666666667,131.2,127.65,130.4,130.6,129.8166666666667,128.4605666666667,127.6227666666667,131.1727666666667,132.01056666666668,122.71666666666673,136.91666666666666,,,0.0,0.0,0.0,12,25
2019-08-09 12:30:00,130.75,130.9,130.7,130.8,86451,2019-08-09,2019,128.4333333333334,126.26666666666671,131.98333333333338,133.36666666666667,131.2,127.65,130.4,130.6,129.8166666666667,128.4605666666667,127.6227666666667,131.1727666666667,132.01056666666668,122.71666666666673,136.91666666666666,,,0.0,0.0,0.0,12,30
2019-08-09 12:35:00,130.8,131.0,130.7,130.9,87092,2019-08-09,2019,128.4333333333334,126.26666666666671,131.98333333333338,133.36666666666667,131.2,127.65,130.4,130.6,129.8166666666667,128.4605666666667,127.6227666666667,131.1727666666667,132.01056666666668,122.71666666666673,136.91666666666666,,,0.0,0.0,0.0,12,35
2019-08-09 12:40:00,130.9,131.2,130.85,131.05,90308,2019-08-09,2019,128.4333333333334,126.26666666666671,131.98333333333338,133.36666666666667,131.2,127.65,130.4,130.6,129.8166666666667,128.4605666666667,127.6227666666667,131.1727666666667,132.01056666666668,122.71666666666673,136.91666666666666,,,0.0,0.0,0.0,12,40
2019-08-09 12:45:00,131.05,131.1,130.8,131.0,125011,2019-08-09,2019,128.4333333333334,126.26666666666671,131.98333333333338,133.36666666666667,131.2,127.65,130.4,130.6,129.8166666666667,128.4605666666667,127.6227666666667,131.1727666666667,132.01056666666668,122.71666666666673,136.91666666666666,,,0.0,0.0,0.0,12,45
2019-08-09 12:50:00,131.0,131.05,130.75,131.0,215938,2019-08-09,2019,128.4333333333334,126.26666666666671,131.98333333333338,133.36666666666667,131.2,127.65,130.4,130.6,129.8166666666667,128.4605666666667,127.6227666666667,131.1727666666667,132.01056666666668,122.71666666666673,136.91666666666666,,,0.0,0.0,0.0,12,50
2019-08-09 12:55:00,130.95,131.0,130.35,130.5,154690,2019-08-09,2019,128.4333333333334,126.26666666666671,131.98333333333338,133.36666666666667,131.2,127.65,130.4,130.6,129.8166666666667,128.4605666666667,127.6227666666667,131.1727666666667,132.01056666666668,122.71666666666673,136.91666666666666,,,0.0,0.0,0.0,12,55
2019-08-09 13:00:00,130.5,130.7,130.3,130.6,81738,2019-08-09,2019,128.4333333333334,126.26666666666671,131.98333333333338,133.36666666666667,131.2,127.65,130.4,130.6,129.8166666666667,128.4605666666667,127.6227666666667,131.1727666666667,132.01056666666668,122.71666666666673,136.91666666666666,,,0.0,0.0,0.0,13,0
2019-08-09 13:05:00,130.6,130.9,130.45,130.8,115157,2019-08-09,2019,128.4333333333334,126.26666666666671,131.98333333333338,133.36666666666667,131.2,127.65,130.4,130.6,129.8166666666667,128.4605666666667,127.6227666666667,131.1727666666667,132.01056666666668,122.71666666666673,136.91666666666666,,,0.0,0.0,0.0,13,5
2019-08-09 13:10:00,130.8,131.05,130.5,130.7,449791,2019-08-09,2019,128.4333333333334,126.26666666666671,131.98333333333338,133.36666666666667,131.2,127.65,130.4,130.6,129.8166666666667,128.4605666666667,127.6227666666667,131.1727666666667,132.01056666666668,122.71666666666673,136.91666666666666,,,0.0,0.0,0.0,13,10
2019-08-09 13:15:00,130.95,131.1,130.8,131.0,361098,2019-08-09,2019,128.4333333333334,126.26666666666671,131.98333333333338,133.36666666666667,131.2,127.65,130.4,130.6,129.8166666666667,128.4605666666667,127.6227666666667,131.1727666666667,132.01056666666668,122.71666666666673,136.91666666666666,,,0.0,0.0,0.0,13,15
2019-08-09 13:20:00,131.0,131.05,130.9,131.0,65391,2019-08-09,2019,128.4333333333334,126.26666666666671,131.98333333333338,133.36666666666667,131.2,127.65,130.4,130.6,129.8166666666667,128.4605666666667,127.6227666666667,131.1727666666667,132.01056666666668,122.71666666666673,136.91666666666666,,,0.0,0.0,0.0,13,20
2019-08-09 13:25:00,131.0,131.05,130.75,130.85,382269,2019-08-09,2019,128.4333333333334,126.26666666666671,131.98333333333338,133.36666666666667,131.2,127.65,130.4,130.6,129.8166666666667,128.4605666666667,127.6227666666667,131.1727666666667,132.01056666666668,122.71666666666673,136.91666666666666,,,0.0,0.0,0.0,13,25
2019-08-09 13:30:00,130.85,130.85,130.0,130.15,183732,2019-08-09,2019,128.4333333333334,126.26666666666671,131.98333333333338,133.36666666666667,131.2,127.65,130.4,130.6,129.8166666666667,128.4605666666667,127.6227666666667,131.1727666666667,132.01056666666668,122.71666666666673,136.91666666666666,,,0.0,0.0,0.0,13,30
2019-08-09 13:35:00,130.15,130.2,130.0,130.1,50297,2019-08-09,2019,128.4333333333334,126.26666666666671,131.98333333333338,133.36666666666667,131.2,127.65,130.4,130.6,129.8166666666667,128.4605666666667,127.6227666666667,131.1727666666667,132.01056666666668,122.71666666666673,136.91666666666666,,,0.0,0.0,0.0,13,35
2019-08-09 13:40:00,130.1,130.1,129.9,129.95,194241,2019-08-09,2019,128.4333333333334,126.26666666666671,131.98333333333338,133.36666666666667,131.2,127.65,130.4,130.6,129.8166666666667,128.4605666666667,127.6227666666667,131.1727666666667,132.01056666666668,122.71666666666673,136.91666666666666,,,0.0,0.0,0.0,13,40
2019-08-09 13:45:00,130.05,130.15,129.95,130.0,112369,2019-08-09,2019,128.4333333333334,126.26666666666671,131.98333333333338,133.36666666666667,131.2,127.65,130.4,130.6,129.8166666666667,128.4605666666667,127.6227666666667,131.1727666666667,132.01056666666668,122.71666666666673,136.91666666666666,,,0.0,0.0,0.0,13,45
2019-08-09 13:50:00,130.0,130.1,129.95,130.0,130270,2019-08-09,2019,128.4333333333334,126.26666666666671,131.98333333333338,133.36666666666667,131.2,127.65,130.4,130.6,129.8166666666667,128.4605666666667,127.6227666666667,131.1727666666667,132.01056666666668,122.71666666666673,136.91666666666666,,,0.0,0.0,0.0,13,50
2019-08-09 13:55:00,130.05,130.45,129.9,130.25,225209,2019-08-09,2019,128.4333333333334,126.26666666666671,131.98333333333338,133.36666666666667,131.2,127.65,130.4,130.6,129.8166666666667,128.4605666666667,127.6227666666667,131.1727666666667,132.01056666666668,122.71666666666673,136.91666666666666,,,0.0,0.0,0.0,13,55
2019-08-09 14:00:00,130.25,130.3,129.95,130.05,130093,2019-08-09,2019,128.4333333333334,126.26666666666671,131.98333333333338,133.36666666666667,131.2,127.65,130.4,130.6,129.8166666666667,128.4605666666667,127.6227666666667,131.1727666666667,132.01056666666668,122.71666666666673,136.91666666666666,,,0.0,0.0,0.0,14,0
2019-08-09 14:05:00,130.05,130.05,129.6,129.85,124171,2019-08-09,2019,128.4333333333334,126.26666666666671,131.98333333333338,133.36666666666667,131.2,127.65,130.4,130.6,129.8166666666667,128.4605666666667,127.6227666666667,131.1727666666667,132.01056666666668,122.71666666666673,136.91666666666666,,,0.0,0.0,0.0,14,5
2019-08-09 14:10:00,129.85,130.05,129.8,130.0,55060,2019-08-09,2019,128.4333333333334,126.26666666666671,131.98333333333338,133.36666666666667,131.2,127.65,130.4,130.6,129.8166666666667,128.4605666666667,127.6227666666667,131.1727666666667,132.01056666666668,122.71666666666673,136.91666666666666,,,0.0,0.0,0.0,14,10
2019-08-09 14:15:00,130.0,130.05,129.5,129.75,113198,2019-08-09,2019,128.4333333333334,126.26666666666671,131.98333333333338,133.36666666666667,131.2,127.65,130.4,130.6,129.8166666666667,128.4605666666667,127.6227666666667,131.1727666666667,132.01056666666668,122.71666666666673,136.91666666666666,,,0.0,0.0,0.0,14,15
2019-08-09 14:20:00,129.7,129.75,129.5,129.75,97006,2019-08-09,2019,128.4333333333334,126.26666666666671,131.98333333333338,133.36666666666667,131.2,127.65,130.4,130.6,129.8166666666667,128.4605666666667,127.6227666666667,131.1727666666667,132.01056666666668,122.71666666666673,136.91666666666666,,,0.0,0.0,0.0,14,20
2019-08-09 14:25:00,129.7,130.05,129.7,129.85,116411,2019-08-09,2019,128.4333333333334,126.26666666666671,131.98333333333338,133.36666666666667,131.2,127.65,130.4,130.6,129.8166666666667,128.4605666666667,127.6227666666667,131.1727666666667,132.01056666666668,122.71666666666673,136.91666666666666,,,0.0,0.0,0.0,14,25
2019-08-09 14:30:00,129.85,129.9,129.4,129.6,166105,2019-08-09,2019,128.4333333333334,126.26666666666671,131.98333333333338,133.36666666666667,131.2,127.65,130.4,130.6,129.8166666666667,128.4605666666667,127.6227666666667,131.1727666666667,132.01056666666668,122.71666666666673,136.91666666666666,,,0.0,0.0,0.0,14,30
2019-08-09 14:35:00,129.6,129.7,129.5,129.55,45362,2019-08-09,2019,128.4333333333334,126.26666666666671,131.98333333333338,133.36666666666667,131.2,127.65,130.4,130.6,129.8166666666667,128.4605666666667,127.6227666666667,131.1727666666667,132.01056666666668,122.71666666666673,136.91666666666666,,,0.0,0.0,0.0,14,35
2019-08-09 14:40:00,129.5,129.75,129.2,129.7,102130,2019-08-09,2019,128.4333333333334,126.26666666666671,131.98333333333338,133.36666666666667,131.2,127.65,130.4,130.6,129.8166666666667,128.4605666666667,127.6227666666667,131.1727666666667,132.01056666666668,122.71666666666673,136.91666666666666,,,0.0,0.0,0.0,14,40
2019-08-09 14:45:00,129.7,130.15,129.7,130.0,97250,2019-08-09,2019,128.4333333333334,126.26666666666671,131.98333333333338,133.36666666666667,131.2,127.65,130.4,130.6,129.8166666666667,128.4605666666667,127.6227666666667,131.1727666666667,132.01056666666668,122.71666666666673,136.91666666666666,,,0.0,0.0,0.0,14,45
2019-08-09 14:50:00,130.0,130.1,130.0,130.05,67814,2019-08-09,2019,128.4333333333334,126.26666666666671,131.98333333333338,133.36666666666667,131.2,127.65,130.4,130.6,129.8166666666667,128.4605666666667,127.6227666666667,131.1727666666667,132.01056666666668,122.71666666666673,136.91666666666666,,,0.0,0.0,0.0,14,50
2019-08-09 14:55:00,130.05,130.1,129.9,130.0,186730,2019-08-09,2019,128.4333333333334,126.26666666666671,131.98333333333338,133.36666666666667,131.2,127.65,130.4,130.6,129.8166666666667,128.4605666666667,127.6227666666667,131.1727666666667,132.01056666666668,122.71666666666673,136.91666666666666,,,0.0,0.0,0.0,14,55
2019-08-09 15:00:00,130.0,130.05,129.95,130.0,300188,2019-08-09,2019,128.4333333333334,126.26666666666671,131.98333333333338,133.36666666666667,131.2,127.65,130.4,130.6,129.8166666666667,128.4605666666667,127.6227666666667,131.1727666666667,132.01056666666668,122.71666666666673,136.91666666666666,,,0.0,0.0,0.0,15,0
2019-08-09 15:05:00,130.0,130.05,129.9,129.95,285536,2019-08-09,2019,128.4333333333334,126.26666666666671,131.98333333333338,133.36666666666667,131.2,127.65,130.4,130.6,129.8166666666667,128.4605666666667,127.6227666666667,131.1727666666667,132.01056666666668,122.71666666666673,136.91666666666666,,,0.0,0.0,0.0,15,5
2019-08-09 15:10:00,129.95,130.3,129.45,130.2,565810,2019-08-09,2019,128.4333333333334,126.26666666666671,131.98333333333338,133.36666666666667,131.2,127.65,130.4,130.6,129.8166666666667,128.4605666666667,127.6227666666667,131.1727666666667,132.01056666666668,122.71666666666673,136.91666666666666,,,0.0,0.0,0.0,15,10
2019-08-09 15:15:00,130.2,131.05,130.15,131.05,830157,2019-08-09,2019,128.4333333333334,126.26666666666671,131.98333333333338,133.36666666666667,131.2,127.65,130.4,130.6,129.8166666666667,128.4605666666667,127.6227666666667,131.1727666666667,132.01056666666668,122.71666666666673,136.91666666666666,,,0.0,0.0,0.0,15,15
2019-08-09 15:20:00,131.05,131.05,130.95,131.0,495611,2019-08-09,2019,128.4333333333334,126.26666666666671,131.98333333333338,133.36666666666667,131.2,127.65,130.4,130.6,129.8166666666667,128.4605666666667,127.6227666666667,131.1727666666667,132.01056666666668,122.71666666666673,136.91666666666666,,,0.0,0.0,0.0,15,20
2019-08-09 15:25:00,131.05,131.1,131.0,131.1,453976,2019-08-09,2019,128.4333333333334,126.26666666666671,131.98333333333338,133.36666666666667,131.2,127.65,130.4,130.6,129.8166666666667,128.4605666666667,127.6227666666667,131.1727666666667,132.01056666666668,122.71666666666673,136.91666666666666,,,0.0,0.0,0.0,15,25
2019-08-13 09:15:00,130.3,131.45,130.3,131.35,326768,2019-08-13,2019,129.66666666666669,128.23333333333335,131.91666666666669,132.73333333333335,131.3,129.05,130.6,131.1,130.48333333333335,129.62383333333335,129.09283333333335,131.34283333333335,131.87383333333335,125.98333333333335,134.98333333333335,,,0.0,0.0,0.0,9,15
2019-08-13 09:20:00,131.35,131.85,131.2,131.55,222547,2019-08-13,2019,129.66666666666669,128.23333333333335,131.91666666666669,132.73333333333335,131.3,129.05,130.6,131.1,130.48333333333335,129.62383333333335,129.09283333333335,131.34283333333335,131.87383333333335,125.98333333333335,134.98333333333335,Entry,Buy,131.55,132.73333333333335,130.3,9,20
2019-08-13 09:25:00,131.5,131.8,130.8,130.9,212388,2019-08-13,2019,129.66666666666669,128.23333333333335,131.91666666666669,132.73333333333335,131.3,129.05,130.6,131.1,130.48333333333335,129.62383333333335,129.09283333333335,131.34283333333335,131.87383333333335,125.98333333333335,134.98333333333335,,,0.0,0.0,0.0,9,25
2019-08-13 09:30:00,130.95,131.25,130.9,131.25,171495,2019-08-13,2019,129.66666666666669,128.23333333333335,131.91666666666669,132.73333333333335,131.3,129.05,130.6,131.1,130.48333333333335,129.62383333333335,129.09283333333335,131.34283333333335,131.87383333333335,125.98333333333335,134.98333333333335,,,0.0,0.0,0.0,9,30
2019-08-13 09:35:00,131.2,131.35,130.95,130.95,150296,2019-08-13,2019,129.66666666666669,128.23333333333335,131.91666666666669,132.73333333333335,131.3,129.05,130.6,131.1,130.48333333333335,129.62383333333335,129.09283333333335,131.34283333333335,131.87383333333335,125.98333333333335,134.98333333333335,,,0.0,0.0,0.0,9,35
2019-08-13 09:40:00,131.0,131.1,130.9,131.0,131316,2019-08-13,2019,129.66666666666669,128.23333333333335,131.91666666666669,132.73333333333335,131.3,129.05,130.6,131.1,130.48333333333335,129.62383333333335,129.09283333333335,131.34283333333335,131.87383333333335,125.98333333333335,134.98333333333335,,,0.0,0.0,0.0,9,40
2019-08-13 09:45:00,131.0,131.05,130.9,131.05,130660,2019-08-13,2019,129.66666666666669,128.23333333333335,131.91666666666669,132.73333333333335,131.3,129.05,130.6,131.1,130.48333333333335,129.62383333333335,129.09283333333335,131.34283333333335,131.87383333333335,125.98333333333335,134.98333333333335,,,0.0,0.0,0.0,9,45
2019-08-13 09:50:00,131.05,131.2,130.85,131.15,181835,2019-08-13,2019,129.66666666666669,128.23333333333335,131.91666666666669,132.73333333333335,131.3,129.05,130.6,131.1,130.48333333333335,129.62383333333335,129.09283333333335,131.34283333333335,131.87383333333335,125.98333333333335,134.98333333333335,,,0.0,0.0,0.0,9,50
2019-08-13 09:55:00,131.2,131.25,130.7,131.05,182508,2019-08-13,2019,129.66666666666669,128.23333333333335,131.91666666666669,132.73333333333335,131.3,129.05,130.6,131.1,130.48333333333335,129.62383333333335,129.09283333333335,131.34283333333335,131.87383333333335,125.98333333333335,134.98333333333335,,,0.0,0.0,0.0,9,55
2019-08-13 10:00:00,131.05,131.1,130.9,131.0,221827,2019-08-13,2019,129.66666666666669,128.23333333333335,131.91666666666669,132.73333333333335,131.3,129.05,130.6,131.1,130.48333333333335,129.62383333333335,129.09283333333335,131.34283333333335,131.87383333333335,125.98333333333335,134.98333333333335,,,0.0,0.0,0.0,10,0
2019-08-13 10:05:00,131.0,131.15,130.85,131.0,346024,2019-08-13,2019,129.66666666666669,128.23333333333335,131.91666666666669,132.73333333333335,131.3,129.05,130.6,131.1,130.48333333333335,129.62383333333335,129.09283333333335,131.34283333333335,131.87383333333335,125.98333333333335,134.98333333333335,,,0.0,0.0,0.0,10,5
2019-08-13 10:10:00,131.0,131.1,130.9,131.0,50873,2019-08-13,2019,129.66666666666669,128.23333333333335,131.91666666666669,132.73333333333335,131.3,129.05,130.6,131.1,130.48333333333335,129.62383333333335,129.09283333333335,131.34283333333335,131.87383333333335,125.98333333333335,134.98333333333335,,,0.0,0.0,0.0,10,10
2019-08-13 10:15:00,131.0,131.1,130.9,131.05,142599,2019-08-13,2019,129.66666666666669,128.23333333333335,131.91666666666669,132.73333333333335,131.3,129.05,130.6,131.1,130.48333333333335,129.62383333333335,129.09283333333335,131.34283333333335,131.87383333333335,125.98333333333335,134.98333333333335,,,0.0,0.0,0.0,10,15
2019-08-13 10:20:00,131.05,131.1,130.9,130.95,94377,2019-08-13,2019,129.66666666666669,128.23333333333335,131.91666666666669,132.73333333333335,131.3,129.05,130.6,131.1,130.48333333333335,129.62383333333335,129.09283333333335,131.34283333333335,131.87383333333335,125.98333333333335,134.98333333333335,,,0.0,0.0,0.0,10,20
2019-08-13 10:25:00,130.95,131.05,130.35,130.5,483917,2019-08-13,2019,129.66666666666669,128.23333333333335,131.91666666666669,132.73333333333335,131.3,129.05,130.6,131.1,130.48333333333335,129.62383333333335,129.09283333333335,131.34283333333335,131.87383333333335,125.98333333333335,134.98333333333335,,,0.0,0.0,0.0,10,25
2019-08-13 10:30:00,130.5,130.55,129.8,130.1,256099,2019-08-13,2019,129.66666666666669,128.23333333333335,131.91666666666669,132.73333333333335,131.3,129.05,130.6,131.1,130.48333333333335,129.62383333333335,129.09283333333335,131.34283333333335,131.87383333333335,125.98333333333335,134.98333333333335,Exit,Sell,130.3,129.29283333333336,131.85,10,30
2019-08-13 10:35:00,130.15,130.15,129.8,130.05,265119,2019-08-13,2019,129.66666666666669,128.23333333333335,131.91666666666669,132.73333333333335,131.3,129.05,130.6,131.1,130.48333333333335,129.62383333333335,129.09283333333335,131.34283333333335,131.87383333333335,125.98333333333335,134.98333333333335,,,0.0,0.0,0.0,10,35
2019-08-13 10:40:00,130.0,130.25,130.0,130.15,96299,2019-08-13,2019,129.66666666666669,128.23333333333335,131.91666666666669,132.73333333333335,131.3,129.05,130.6,131.1,130.48333333333335,129.62383333333335,129.09283333333335,131.34283333333335,131.87383333333335,125.98333333333335,134.98333333333335,,,0.0,0.0,0.0,10,40
2019-08-13 10:45:00,130.25,130.25,129.8,130.0,143385,2019-08-13,2019,129.66666666666669,128.23333333333335,131.91666666666669,132.73333333333335,131.3,129.05,130.6,131.1,130.48333333333335,129.62383333333335,129.09283333333335,131.34283333333335,131.87383333333335,125.98333333333335,134.98333333333335,,,0.0,0.0,0.0,10,45
2019-08-13 10:50:00,130.0,130.05,129.8,129.85,71747,2019-08-13,2019,129.66666666666669,128.23333333333335,131.91666666666669,132.73333333333335,131.3,129.05,130.6,131.1,130.48333333333335,129.62383333333335,129.09283333333335,131.34283333333335,131.87383333333335,125.98333333333335,134.98333333333335,,,0.0,0.0,0.0,10,50
2019-08-13 10:55:00,129.85,130.05,129.65,130.0,96634,2019-08-13,2019,129.66666666666669,128.23333333333335,131.91666666666669,132.73333333333335,131.3,129.05,130.6,131.1,130.48333333333335,129.62383333333335,129.09283333333335,131.34283333333335,131.87383333333335,125.98333333333335,134.98333333333335,,,0.0,0.0,0.0,10,55
2019-08-13 11:00:00,130.0,130.1,129.95,129.95,51808,2019-08-13,2019,129.66666666666669,128.23333333333335,131.91666666666669,132.73333333333335,131.3,129.05,130.6,131.1,130.48333333333335,129.62383333333335,129.09283333333335,131.34283333333335,131.87383333333335,125.98333333333335,134.98333333333335,,,0.0,0.0,0.0,11,0
2019-08-13 11:05:00,129.95,130.1,129.9,130.05,59722,2019-08-13,2019,129.66666666666669,128.23333333333335,131.91666666666669,132.73333333333335,131.3,129.05,130.6,131.1,130.48333333333335,129.62383333333335,129.09283333333335,131.34283333333335,131.87383333333335,125.98333333333335,134.98333333333335,,,0.0,0.0,0.0,11,5
2019-08-13 11:10:00,130.05,130.1,129.9,130.05,103512,2019-08-13,2019,129.66666666666669,128.23333333333335,131.91666666666669,132.73333333333335,131.3,129.05,130.6,131.1,130.48333333333335,129.62383333333335,129.09283333333335,131.34283333333335,131.87383333333335,125.98333333333335,134.98333333333335,,,0.0,0.0,0.0,11,10
2019-08-13 11:15:00,130.0,130.1,129.9,130.1,128291,2019-08-13,2019,129.66666666666669,128.23333333333335,131.91666666666669,132.73333333333335,131.3,129.05,130.6,131.1,130.48333333333335,129.62383333333335,129.09283333333335,131.34283333333335,131.87383333333335,125.98333333333335,134.98333333333335,,,0.0,0.0,0.0,11,15
2019-08-13 11:20:00,130.1,130.2,130.0,130.05,51979,2019-08-13,2019,129.66666666666669,128.23333333333335,131.91666666666669,132.73333333333335,131.3,129.05,130.6,131.1,130.48333333333335,129.62383333333335,129.09283333333335,131.34283333333335,131.87383333333335,125.98333333333335,134.98333333333335,,,0.0,0.0,0.0,11,20
2019-08-13 11:25:00,130.0,130.05,129.95,130.0,81287,2019-08-13,2019,129.66666666666669,128.23333333333335,131.91666666666669,132.73333333333335,131.3,129.05,130.6,131.1,130.48333333333335,129.62383333333335,129.09283333333335,131.34283333333335,131.87383333333335,125.98333333333335,134.98333333333335,,,0.0,0.0,0.0,11,25
2019-08-13 11:30:00,130.05,130.15,129.9,130.05,81888,2019-08-13,2019,129.66666666666669,128.23333333333335,131.91666666666669,132.73333333333335,131.3,129.05,130.6,131.1,130.48333333333335,129.62383333333335,129.09283333333335,131.34283333333335,131.87383333333335,125.98333333333335,134.98333333333335,,,0.0,0.0,0.0,11,30
2019-08-13 11:35:00,130.0,130.05,129.9,130.0,306536,2019-08-13,2019,129.66666666666669,128.23333333333335,131.91666666666669,132.73333333333335,131.3,129.05,130.6,131.1,130.48333333333335,129.62383333333335,129.09283333333335,131.34283333333335,131.87383333333335,125.98333333333335,134.98333333333335,,,0.0,0.0,0.0,11,35
2019-08-13 11:40:00,130.0,130.5,129.95,130.5,113092,2019-08-13,2019,129.66666666666669,128.23333333333335,131.91666666666669,132.73333333333335,131.3,129.05,130.6,131.1,130.48333333333335,129.62383333333335,129.09283333333335,131.34283333333335,131.87383333333335,125.98333333333335,134.98333333333335,,,0.0,0.0,0.0,11,40
2019-08-13 11:45:00,130.5,130.5,130.1,130.15,42114,2019-08-13,2019,129.66666666666669,128.23333333333335,131.91666666666669,132.73333333333335,131.3,129.05,130.6,131.1,130.48333333333335,129.62383333333335,129.09283333333335,131.34283333333335,131.87383333333335,125.98333333333335,134.98333333333335,,,0.0,0.0,0.0,11,45
2019-08-13 11:50:00,130.1,130.15,129.9,130.05,177182,2019-08-13,2019,129.66666666666669,128.23333333333335,131.91666666666669,132.73333333333335,131.3,129.05,130.6,131.1,130.48333333333335,129.62383333333335,129.09283333333335,131.34283333333335,131.87383333333335,125.98333333333335,134.98333333333335,,,0.0,0.0,0.0,11,50
2019-08-13 11:55:00,130.05,130.1,129.95,130.0,66580,2019-08-13,2019,129.66666666666669,128.23333333333335,131.91666666666669,132.73333333333335,131.3,129.05,130.6,131.1,130.48333333333335,129.62383333333335,129.09283333333335,131.34283333333335,131.87383333333335,125.98333333333335,134.98333333333335,,,0.0,0.0,0.0,11,55
2019-08-13 12:00:00,130.0,130.1,129.9,130.0,74638,2019-08-13,2019,129.66666666666669,128.23333333333335,131.91666666666669,132.73333333333335,131.3,129.05,130.6,131.1,130.48333333333335,129.62383333333335,129.09283333333335,131.34283333333335,131.87383333333335,125.98333333333335,134.98333333333335,,,0.0,0.0,0.0,12,0
2019-08-13 12:05:00,130.0,130.1,129.9,130.0,87656,2019-08-13,2019,129.66666666666669,128.23333333333335,131.91666666666669,132.73333333333335,131.3,129.05,130.6,131.1,130.48333333333335,129.62383333333335,129.09283333333335,131.34283333333335,131.87383333333335,125.98333333333335,134.98333333333335,,,0.0,0.0,0.0,12,5
2019-08-13 12:10:00,130.0,130.1,129.9,130.0,116635,2019-08-13,2019,129.66666666666669,128.23333333333335,131.91666666666669,132.73333333333335,131.3,129.05,130.6,131.1,130.48333333333335,129.62383333333335,129.09283333333335,131.34283333333335,131.87383333333335,125.98333333333335,134.98333333333335,,,0.0,0.0,0.0,12,10
2019-08-13 12:15:00,130.0,130.05,129.9,130.0,121577,2019-08-13,2019,129.66666666666669,128.23333333333335,131.91666666666669,132.73333333333335,131.3,129.05,130.6,131.1,130.48333333333335,129.62383333333335,129.09283333333335,131.34283333333335,131.87383333333335,125.98333333333335,134.98333333333335,,,0.0,0.0,0.0,12,15
2019-08-13 12:20:00,130.0,130.15,129.9,130.1,245047,2019-08-13,2019,129.66666666666669,128.23333333333335,131.91666666666669,132.73333333333335,131.3,129.05,130.6,131.1,130.48333333333335,129.62383333333335,129.09283333333335,131.34283333333335,131.87383333333335,125.98333333333335,134.98333333333335,,,0.0,0.0,0.0,12,20
2019-08-13 12:25:00,130.0,130.1,129.8,130.0,499483,2019-08-13,2019,129.66666666666669,128.23333333333335,131.91666666666669,132.73333333333335,131.3,129.05,130.6,131.1,130.48333333333335,129.62383333333335,129.09283333333335,131.34283333333335,131.87383333333335,125.98333333333335,134.98333333333335,,,0.0,0.0,0.0,12,25
2019-08-13 12:30:00,130.0,130.05,129.1,129.1,201003,2019-08-13,2019,129.66666666666669,128.23333333333335,131.91666666666669,132.73333333333335,131.3,129.05,130.6,131.1,130.48333333333335,129.62383333333335,129.09283333333335,131.34283333333335,131.87383333333335,125.98333333333335,134.98333333333335,Exit,Buy,129.29283333333336,0.0,0.0,12,30
2019-08-13 12:35:00,129.1,129.15,128.55,128.55,174254,2019-08-13,2019,129.66666666666669,128.23333333333335,131.91666666666669,132.73333333333335,131.3,129.05,130.6,131.1,130.48333333333335,129.62383333333335,129.09283333333335,131.34283333333335,131.87383333333335,125.98333333333335,134.98333333333335,,,0.0,0.0,0.0,12,35
2019-08-13 12:40:00,128.6,128.65,128.15,128.5,131271,2019-08-13,2019,129.66666666666669,128.23333333333335,131.91666666666669,132.73333333333335,131.3,129.05,130.6,131.1,130.48333333333335,129.62383333333335,129.09283333333335,131.34283333333335,131.87383333333335,125.98333333333335,134.98333333333335,,,0.0,0.0,0.0,12,40
2019-08-13 12:45:00,128.5,128.55,128.1,128.1,154954,2019-08-13,2019,129.66666666666669,128.23333333333335,131.91666666666669,132.73333333333335,131.3,129.05,130.6,131.1,130.48333333333335,129.62383333333335,129.09283333333335,131.34283333333335,131.87383333333335,125.98333333333335,134.98333333333335,,,0.0,0.0,0.0,12,45
2019-08-13 12:50:00,128.3,128.3,127.8,127.95,213841,2019-08-13,2019,129.66666666666669,128.23333333333335,131.91666666666669,132.73333333333335,131.3,129.05,130.6,131.1,130.48333333333335,129.62383333333335,129.09283333333335,131.34283333333335,131.87383333333335,125.98333333333335,134.98333333333335,,,0.0,0.0,0.0,12,50
2019-08-13 12:55:00,127.95,128.35,127.8,128.0,163247,2019-08-13,2019,129.66666666666669,128.23333333333335,131.91666666666669,132.73333333333335,131.3,129.05,130.6,131.1,130.48333333333335,129.62383333333335,129.09283333333335,131.34283333333335,131.87383333333335,125.98333333333335,134.98333333333335,,,0.0,0.0,0.0,12,55
2019-08-13 13:00:00,128.0,128.15,127.8,128.15,181584,2019-08-13,2019,129.66666666666669,128.23333333333335,131.91666666666669,132.73333333333335,131.3,129.05,130.6,131.1,130.48333333333335,129.62383333333335,129.09283333333335,131.34283333333335,131.87383333333335,125.98333333333335,134.98333333333335,,,0.0,0.0,0.0,13,0
2019-08-13 13:05:00,128.15,128.2,127.9,128.0,63939,2019-08-13,2019,129.66666666666669,128.23333333333335,131.91666666666669,132.73333333333335,131.3,129.05,130.6,131.1,130.48333333333335,129.62383333333335,129.09283333333335,131.34283333333335,131.87383333333335,125.98333333333335,134.98333333333335,,,0.0,0.0,0.0,13,5
2019-08-13 13:10:00,128.0,128.0,127.8,127.9,84599,2019-08-13,2019,129.66666666666669,128.23333333333335,131.91666666666669,132.73333333333335,131.3,129.05,130.6,131.1,130.48333333333335,129.62383333333335,129.09283333333335,131.34283333333335,131.87383333333335,125.98333333333335,134.98333333333335,,,0.0,0.0,0.0,13,10
2019-08-13 13:15:00,127.85,127.9,127.55,127.9,171391,2019-08-13,2019,129.66666666666669,128.23333333333335,131.91666666666669,132.73333333333335,131.3,129.05,130.6,131.1,130.48333333333335,129.62383333333335,129.09283333333335,131.34283333333335,131.87383333333335,125.98333333333335,134.98333333333335,,,0.0,0.0,0.0,13,15
2019-08-13 13:20:00,127.9,127.95,127.5,127.55,103721,2019-08-13,2019,129.66666666666669,128.23333333333335,131.91666666666669,132.73333333333335,131.3,129.05,130.6,131.1,130.48333333333335,129.62383333333335,129.09283333333335,131.34283333333335,131.87383333333335,125.98333333333335,134.98333333333335,,,0.0,0.0,0.0,13,20
2019-08-13 13:25:00,127.55,127.9,127.5,127.8,78955,2019-08-13,2019,129.66666666666669,128.23333333333335,131.91666666666669,132.73333333333335,131.3,129.05,130.6,131.1,130.48333333333335,129.62383333333335,129.09283333333335,131.34283333333335,131.87383333333335,125.98333333333335,134.98333333333335,,,0.0,0.0,0.0,13,25
2019-08-13 13:30:00,127.75,128.25,127.75,128.25,150445,2019-08-13,2019,129.66666666666669,128.23333333333335,131.91666666666669,132.73333333333335,131.3,129.05,130.6,131.1,130.48333333333335,129.62383333333335,129.09283333333335,131.34283333333335,131.87383333333335,125.98333333333335,134.98333333333335,,,0.0,0.0,0.0,13,30
2019-08-13 13:35:00,128.25,128.25,127.85,128.05,94160,2019-08-13,2019,129.66666666666669,128.23333333333335,131.91666666666669,132.73333333333335,131.3,129.05,130.6,131.1,130.48333333333335,129.62383333333335,129.09283333333335,131.34283333333335,131.87383333333335,125.98333333333335,134.98333333333335,,,0.0,0.0,0.0,13,35
2019-08-13 13:40:00,128.0,128.3,127.9,128.25,88307,2019-08-13,2019,129.66666666666669,128.23333333333335,131.91666666666669,132.73333333333335,131.3,129.05,130.6,131.1,130.48333333333335,129.62383333333335,129.09283333333335,131.34283333333335,131.87383333333335,125.98333333333335,134.98333333333335,,,0.0,0.0,0.0,13,40
2019-08-13 13:45:00,128.25,129.45,128.2,129.4,471009,2019-08-13,2019,129.66666666666669,128.23333333333335,131.91666666666669,132.73333333333335,131.3,129.05,130.6,131.1,130.48333333333335,129.62383333333335,129.09283333333335,131.34283333333335,131.87383333333335,125.98333333333335,134.98333333333335,,,0.0,0.0,0.0,13,45
2019-08-13 13:50:00,129.4,129.45,128.8,129.05,160110,2019-08-13,2019,129.66666666666669,128.23333333333335,131.91666666666669,132.73333333333335,131.3,129.05,130.6,131.1,130.48333333333335,129.62383333333335,129.09283333333335,131.34283333333335,131.87383333333335,125.98333333333335,134.98333333333335,,,0.0,0.0,0.0,13,50
2019-08-13 13:55:00,129.05,129.2,128.9,129.05,202957,2019-08-13,2019,129.66666666666669,128.23333333333335,131.91666666666669,132.73333333333335,131.3,129.05,130.6,131.1,130.48333333333335,129.62383333333335,129.09283333333335,131.34283333333335,131.87383333333335,125.98333333333335,134.98333333333335,,,0.0,0.0,0.0,13,55
2019-08-13 14:00:00,129.0,129.25,128.8,129.05,209138,2019-08-13,2019,129.66666666666669,128.23333333333335,131.91666666666669,132.73333333333335,131.3,129.05,130.6,131.1,130.48333333333335,129.62383333333335,129.09283333333335,131.34283333333335,131.87383333333335,125.98333333333335,134.98333333333335,,,0.0,0.0,0.0,14,0
2019-08-13 14:05:00,129.05,129.1,128.95,129.0,110257,2019-08-13,2019,129.66666666666669,128.23333333333335,131.91666666666669,132.73333333333335,131.3,129.05,130.6,131.1,130.48333333333335,129.62383333333335,129.09283333333335,131.34283333333335,131.87383333333335,125.98333333333335,134.98333333333335,,,0.0,0.0,0.0,14,5
2019-08-13 14:10:00,129.0,129.1,128.95,129.0,55279,2019-08-13,2019,129.66666666666669,128.23333333333335,131.91666666666669,132.73333333333335,131.3,129.05,130.6,131.1,130.48333333333335,129.62383333333335,129.09283333333335,131.34283333333335,131.87383333333335,125.98333333333335,134.98333333333335,,,0.0,0.0,0.0,14,10
2019-08-13 14:15:00,129.0,129.15,128.9,129.1,146546,2019-08-13,2019,129.66666666666669,128.23333333333335,131.91666666666669,132.73333333333335,131.3,129.05,130.6,131.1,130.48333333333335,129.62383333333335,129.09283333333335,131.34283333333335,131.87383333333335,125.98333333333335,134.98333333333335,,,0.0,0.0,0.0,14,15
2019-08-13 14:20:00,129.1,129.2,128.9,129.1,133379,2019-08-13,2019,129.66666666666669,128.23333333333335,131.91666666666669,132.73333333333335,131.3,129.05,130.6,131.1,130.48333333333335,129.62383333333335,129.09283333333335,131.34283333333335,131.87383333333335,125.98333333333335,134.98333333333335,,,0.0,0.0,0.0,14,20
2019-08-13 14:25:00,129.15,129.15,128.75,129.0,307766,2019-08-13,2019,129.66666666666669,128.23333333333335,131.91666666666669,132.73333333333335,131.3,129.05,130.6,131.1,130.48333333333335,129.62383333333335,129.09283333333335,131.34283333333335,131.87383333333335,125.98333333333335,134.98333333333335,,,0.0,0.0,0.0,14,25
2019-08-13 14:30:00,129.0,129.1,128.7,128.7,256634,2019-08-13,2019,129.66666666666669,128.23333333333335,131.91666666666669,132.73333333333335,131.3,129.05,130.6,131.1,130.48333333333335,129.62383333333335,129.09283333333335,131.34283333333335,131.87383333333335,125.98333333333335,134.98333333333335,,,0.0,0.0,0.0,14,30
2019-08-13 14:35:00,128.7,128.75,128.15,128.25,220208,2019-08-13,2019,129.66666666666669,128.23333333333335,131.91666666666669,132.73333333333335,131.3,129.05,130.6,131.1,130.48333333333335,129.62383333333335,129.09283333333335,131.34283333333335,131.87383333333335,125.98333333333335,134.98333333333335,,,0.0,0.0,0.0,14,35
2019-08-13 14:40:00,128.25,128.4,127.65,127.65,112661,2019-08-13,2019,129.66666666666669,128.23333333333335,131.91666666666669,132.73333333333335,131.3,129.05,130.6,131.1,130.48333333333335,129.62383333333335,129.09283333333335,131.34283333333335,131.87383333333335,125.98333333333335,134.98333333333335,,,0.0,0.0,0.0,14,40
2019-08-13 14:45:00,127.55,127.65,127.1,127.2,139224,2019-08-13,2019,129.66666666666669,128.23333333333335,131.91666666666669,132.73333333333335,131.3,129.05,130.6,131.1,130.48333333333335,129.62383333333335,129.09283333333335,131.34283333333335,131.87383333333335,125.98333333333335,134.98333333333335,,,0.0,0.0,0.0,14,45
2019-08-13 14:50:00,127.25,127.4,127.0,127.05,64685,2019-08-13,2019,129.66666666666669,128.23333333333335,131.91666666666669,132.73333333333335,131.3,129.05,130.6,131.1,130.48333333333335,129.62383333333335,129.09283333333335,131.34283333333335,131.87383333333335,125.98333333333335,134.98333333333335,,,0.0,0.0,0.0,14,50
2019-08-13 14:55:00,127.05,127.25,127.0,127.0,134650,2019-08-13,2019,129.66666666666669,128.23333333333335,131.91666666666669,132.73333333333335,131.3,129.05,130.6,131.1,130.48333333333335,129.62383333333335,129.09283333333335,131.34283333333335,131.87383333333335,125.98333333333335,134.98333333333335,,,0.0,0.0,0.0,14,55
2019-08-13 15:00:00,127.0,127.05,126.35,126.45,170528,2019-08-13,2019,129.66666666666669,128.23333333333335,131.91666666666669,132.73333333333335,131.3,129.05,130.6,131.1,130.48333333333335,129.62383333333335,129.09283333333335,131.34283333333335,131.87383333333335,125.98333333333335,134.98333333333335,,,0.0,0.0,0.0,15,0
2019-08-13 15:05:00,126.5,126.5,125.8,126.15,246236,2019-08-13,2019,129.66666666666669,128.23333333333335,131.91666666666669,132.73333333333335,131.3,129.05,130.6,131.1,130.48333333333335,129.62383333333335,129.09283333333335,131.34283333333335,131.87383333333335,125.98333333333335,134.98333333333335,,,0.0,0.0,0.0,15,5
2019-08-13 15:10:00,126.1,126.2,125.7,125.9,259776,2019-08-13,2019,129.66666666666669,128.23333333333335,131.91666666666669,132.73333333333335,131.3,129.05,130.6,131.1,130.48333333333335,129.62383333333335,129.09283333333335,131.34283333333335,131.87383333333335,125.98333333333335,134.98333333333335,,,0.0,0.0,0.0,15,10
2019-08-13 15:15:00,125.9,126.0,125.5,125.6,198728,2019-08-13,2019,129.66666666666669,128.23333333333335,131.91666666666669,132.73333333333335,131.3,129.05,130.6,131.1,130.48333333333335,129.62383333333335,129.09283333333335,131.34283333333335,131.87383333333335,125.98333333333335,134.98333333333335,,,0.0,0.0,0.0,15,15
2019-08-13 15:20:00,125.55,125.6,125.05,125.2,178224,2019-08-13,2019,129.66666666666669,128.23333333333335,131.91666666666669,132.73333333333335,131.3,129.05,130.6,131.1,130.48333333333335,129.62383333333335,129.09283333333335,131.34283333333335,131.87383333333335,125.98333333333335,134.98333333333335,,,0.0,0.0,0.0,15,20
2019-08-13 15:25:00,125.15,126.2,125.15,126.0,299638,2019-08-13,2019,129.66666666666669,128.23333333333335,131.91666666666669,132.73333333333335,131.3,129.05,130.6,131.1,130.48333333333335,129.62383333333335,129.09283333333335,131.34283333333335,131.87383333333335,125.98333333333335,134.98333333333335,,,0.0,0.0,0.0,15,25
2019-08-14 09:15:00,125.9,126.1,124.4,125.1,535733,2019-08-14,2019,123.41666666666666,120.83333333333333,130.21666666666664,134.43333333333334,131.85,125.05,130.3,126.0,127.63333333333333,125.03573333333333,123.43093333333333,130.23093333333333,131.83573333333334,114.03333333333333,141.23333333333332,,,0.0,0.0,0.0,9,15
2019-08-14 09:20:00,124.9,125.85,124.9,125.8,239765,2019-08-14,2019,123.41666666666666,120.83333333333333,130.21666666666664,134.43333333333334,131.85,125.05,130.3,126.0,127.63333333333333,125.03573333333333,123.43093333333333,130.23093333333333,131.83573333333334,114.03333333333333,141.23333333333332,,,0.0,0.0,0.0,9,20
2019-08-14 09:25:00,125.85,126.9,125.8,126.45,275919,2019-08-14,2019,123.41666666666666,120.83333333333333,130.21666666666664,134.43333333333334,131.85,125.05,130.3,126.0,127.63333333333333,125.03573333333333,123.43093333333333,130.23093333333333,131.83573333333334,114.03333333333333,141.23333333333332,Entry,Buy,126.45,127.63333333333333,124.4,9,25
2019-08-14 09:30:00,126.45,126.45,126.0,126.2,172884,2019-08-14,2019,123.41666666666666,120.83333333333333,130.21666666666664,134.43333333333334,131.85,125.05,130.3,126.0,127.63333333333333,125.03573333333333,123.43093333333333,130.23093333333333,131.83573333333334,114.03333333333333,141.23333333333332,,,0.0,0.0,0.0,9,30
2019-08-14 09:35:00,126.3,126.45,126.0,126.1,143208,2019-08-14,2019,123.41666666666666,120.83333333333333,130.21666666666664,134.43333333333334,131.85,125.05,130.3,126.0,127.63333333333333,125.03573333333333,123.43093333333333,130.23093333333333,131.83573333333334,114.03333333333333,141.23333333333332,,,0.0,0.0,0.0,9,35
2019-08-14 09:40:00,126.1,126.85,125.9,126.65,143949,2019-08-14,2019,123.41666666666666,120.83333333333333,130.21666666666664,134.43333333333334,131.85,125.05,130.3,126.0,127.63333333333333,125.03573333333333,123.43093333333333,130.23093333333333,131.83573333333334,114.03333333333333,141.23333333333332,,,0.0,0.0,0.0,9,40
2019-08-14 09:45:00,126.65,126.9,126.15,126.25,127272,2019-08-14,2019,123.41666666666666,120.83333333333333,130.21666666666664,134.43333333333334,131.85,125.05,130.3,126.0,127.63333333333333,125.03573333333333,123.43093333333333,130.23093333333333,131.83573333333334,114.03333333333333,141.23333333333332,,,0.0,0.0,0.0,9,45
2019-08-14 09:50:00,126.15,126.5,126.05,126.3,76926,2019-08-14,2019,123.41666666666666,120.83333333333333,130.21666666666664,134.43333333333334,131.85,125.05,130.3,126.0,127.63333333333333,125.03573333333333,123.43093333333333,130.23093333333333,131.83573333333334,114.03333333333333,141.23333333333332,,,0.0,0.0,0.0,9,50
2019-08-14 09:55:00,126.3,126.35,125.75,125.8,94130,2019-08-14,2019,123.41666666666666,120.83333333333333,130.21666666666664,134.43333333333334,131.85,125.05,130.3,126.0,127.63333333333333,125.03573333333333,123.43093333333333,130.23093333333333,131.83573333333334,114.03333333333333,141.23333333333332,,,0.0,0.0,0.0,9,55
2019-08-14 10:00:00,125.8,125.9,125.0,125.1,310690,2019-08-14,2019,123.41666666666666,120.83333333333333,130.21666666666664,134.43333333333334,131.85,125.05,130.3,126.0,127.63333333333333,125.03573333333333,123.43093333333333,130.23093333333333,131.83573333333334,114.03333333333333,141.23333333333332,,,0.0,0.0,0.0,10,0
2019-08-14 10:05:00,125.1,126.1,125.05,125.7,131471,2019-08-14,2019,123.41666666666666,120.83333333333333,130.21666666666664,134.43333333333334,131.85,125.05,130.3,126.0,127.63333333333333,125.03573333333333,123.43093333333333,130.23093333333333,131.83573333333334,114.03333333333333,141.23333333333332,,,0.0,0.0,0.0,10,5
2019-08-14 10:10:00,125.7,126.2,125.65,125.85,107002,2019-08-14,2019,123.41666666666666,120.83333333333333,130.21666666666664,134.43333333333334,131.85,125.05,130.3,126.0,127.63333333333333,125.03573333333333,123.43093333333333,130.23093333333333,131.83573333333334,114.03333333333333,141.23333333333332,,,0.0,0.0,0.0,10,10
2019-08-14 10:15:00,125.85,126.5,125.75,126.5,101787,2019-08-14,2019,123.41666666666666,120.83333333333333,130.21666666666664,134.43333333333334,131.85,125.05,130.3,126.0,127.63333333333333,125.03573333333333,123.43093333333333,130.23093333333333,131.83573333333334,114.03333333333333,141.23333333333332,,,0.0,0.0,0.0,10,15
2019-08-14 10:20:00,126.5,127.3,126.4,127.25,241772,2019-08-14,2019,123.41666666666666,120.83333333333333,130.21666666666664,134.43333333333334,131.85,125.05,130.3,126.0,127.63333333333333,125.03573333333333,123.43093333333333,130.23093333333333,131.83573333333334,114.03333333333333,141.23333333333332,,,0.0,0.0,0.0,10,20
2019-08-14 10:25:00,127.3,127.35,126.75,126.8,113289,2019-08-14,2019,123.41666666666666,120.83333333333333,130.21666666666664,134.43333333333334,131.85,125.05,130.3,126.0,127.63333333333333,125.03573333333333,123.43093333333333,130.23093333333333,131.83573333333334,114.03333333333333,141.23333333333332,Exit,Sell,126.9558,125.19153333333333,127.3,10,25
2019-08-14 10:30:00,126.8,127.2,126.8,127.05,142531,2019-08-14,2019,123.41666666666666,120.83333333333333,130.21666666666664,134.43333333333334,131.85,125.05,130.3,126.0,127.63333333333333,125.03573333333333,123.43093333333333,130.23093333333333,131.83573333333334,114.03333333333333,141.23333333333332,,,0.0,0.0,0.0,10,30
2019-08-14 10:35:00,127.2,127.2,127.05,127.15,65077,2019-08-14,2019,123.41666666666666,120.83333333333333,130.21666666666664,134.43333333333334,131.85,125.05,130.3,126.0,127.63333333333333,125.03573333333333,123.43093333333333,130.23093333333333,131.83573333333334,114.03333333333333,141.23333333333332,,,0.0,0.0,0.0,10,35
2019-08-14 10:40:00,127.15,127.2,126.85,127.0,66208,2019-08-14,2019,123.41666666666666,120.83333333333333,130.21666666666664,134.43333333333334,131.85,125.05,130.3,126.0,127.63333333333333,125.03573333333333,123.43093333333333,130.23093333333333,131.83573333333334,114.03333333333333,141.23333333333332,,,0.0,0.0,0.0,10,40
2019-08-14 10:45:00,127.0,127.2,126.9,126.95,79836,2019-08-14,2019,123.41666666666666,120.83333333333333,130.21666666666664,134.43333333333334,131.85,125.05,130.3,126.0,127.63333333333333,125.03573333333333,123.43093333333333,130.23093333333333,131.83573333333334,114.03333333333333,141.23333333333332,,,0.0,0.0,0.0,10,45
2019-08-14 10:50:00,127.0,127.0,126.6,126.6,47254,2019-08-14,2019,123.41666666666666,120.83333333333333,130.21666666666664,134.43333333333334,131.85,125.05,130.3,126.0,127.63333333333333,125.03573333333333,123.43093333333333,130.23093333333333,131.83573333333334,114.03333333333333,141.23333333333332,,,0.0,0.0,0.0,10,50
2019-08-14 10:55:00,126.6,127.0,126.6,126.75,89158,2019-08-14,2019,123.41666666666666,120.83333333333333,130.21666666666664,134.43333333333334,131.85,125.05,130.3,126.0,127.63333333333333,125.03573333333333,123.43093333333333,130.23093333333333,131.83573333333334,114.03333333333333,141.23333333333332,,,0.0,0.0,0.0,10,55
2019-08-14 11:00:00,126.75,126.85,126.35,126.5,77895,2019-08-14,2019,123.41666666666666,120.83333333333333,130.21666666666664,134.43333333333334,131.85,125.05,130.3,126.0,127.63333333333333,125.03573333333333,123.43093333333333,130.23093333333333,131.83573333333334,114.03333333333333,141.23333333333332,,,0.0,0.0,0.0,11,0
2019-08-14 11:05:00,126.5,126.55,126.45,126.45,41274,2019-08-14,2019,123.41666666666666,120.83333333333333,130.21666666666664,134.43333333333334,131.85,125.05,130.3,126.0,127.63333333333333,125.03573333333333,123.43093333333333,130.23093333333333,131.83573333333334,114.03333333333333,141.23333333333332,,,0.0,0.0,0.0,11,5
2019-08-14 11:10:00,126.55,126.55,126.2,126.25,34774,2019-08-14,2019,123.41666666666666,120.83333333333333,130.21666666666664,134.43333333333334,131.85,125.05,130.3,126.0,127.63333333333333,125.03573333333333,123.43093333333333,130.23093333333333,131.83573333333334,114.03333333333333,141.23333333333332,,,0.0,0.0,0.0,11,10
2019-08-14 11:15:00,126.25,126.5,126.1,126.5,149860,2019-08-14,2019,123.41666666666666,120.83333333333333,130.21666666666664,134.43333333333334,131.85,125.05,130.3,126.0,127.63333333333333,125.03573333333333,123.43093333333333,130.23093333333333,131.83573333333334,114.03333333333333,141.23333333333332,Exit,Buy,126.44797679999999,127.58131013333332,124.4,11,15
2019-08-14 11:20:00,126.5,126.9,126.45,126.75,73550,2019-08-14,2019,123.41666666666666,120.83333333333333,130.21666666666664,134.43333333333334,131.85,125.05,130.3,126.0,127.63333333333333,125.03573333333333,123.43093333333333,130.23093333333333,131.83573333333334,114.03333333333333,141.23333333333332,,,0.0,0.0,0.0,11,20
2019-08-14 11:25:00,126.75,126.85,126.6,126.7,47859,2019-08-14,2019,123.41666666666666,120.83333333333333,130.21666666666664,134.43333333333334,131.85,125.05,130.3,126.0,127.63333333333333,125.03573333333333,123.43093333333333,130.23093333333333,131.83573333333334,114.03333333333333,141.23333333333332,,,0.0,0.0,0.0,11,25
2019-08-14 11:30:00,126.7,126.8,126.6,126.65,26117,2019-08-14,2019,123.41666666666666,120.83333333333333,130.21666666666664,134.43333333333334,131.85,125.05,130.3,126.0,127.63333333333333,125.03573333333333,123.43093333333333,130.23093333333333,131.83573333333334,114.03333333333333,141.23333333333332,,,0.0,0.0,0.0,11,30
2019-08-14 11:35:00,126.65,126.9,126.65,126.8,70377,2019-08-14,2019,123.41666666666666,120.83333333333333,130.21666666666664,134.43333333333334,131.85,125.05,130.3,126.0,127.63333333333333,125.03573333333333,123.43093333333333,130.23093333333333,131.83573333333334,114.03333333333333,141.23333333333332,,,0.0,0.0,0.0,11,35
2019-08-14 11:40:00,126.8,126.85,126.5,126.5,69432,2019-08-14,2019,123.41666666666666,120.83333333333333,130.21666666666664,134.43333333333334,131.85,125.05,130.3,126.0,127.63333333333333,125.03573333333333,123.43093333333333,130.23093333333333,131.83573333333334,114.03333333333333,141.23333333333332,,,0.0,0.0,0.0,11,40
2019-08-14 11:45:00,126.4,126.5,126.3,126.5,67185,2019-08-14,2019,123.41666666666666,120.83333333333333,130.21666666666664,134.43333333333334,131.85,125.05,130.3,126.0,127.63333333333333,125.03573333333333,123.43093333333333,130.23093333333333,131.83573333333334,114.03333333333333,141.23333333333332,,,0.0,0.0,0.0,11,45
2019-08-14 11:50:00,126.5,126.7,126.35,126.7,95431,2019-08-14,2019,123.41666666666666,120.83333333333333,130.21666666666664,134.43333333333334,131.85,125.05,130.3,126.0,127.63333333333333,125.03573333333333,123.43093333333333,130.23093333333333,131.83573333333334,114.03333333333333,141.23333333333332,,,0.0,0.0,0.0,11,50
2019-08-14 11:55:00,126.7,126.9,126.55,126.85,56438,2019-08-14,2019,123.41666666666666,120.83333333333333,130.21666666666664,134.43333333333334,131.85,125.05,130.3,126.0,127.63333333333333,125.03573333333333,123.43093333333333,130.23093333333333,131.83573333333334,114.03333333333333,141.23333333333332,,,0.0,0.0,0.0,11,55
2019-08-14 12:00:00,126.85,126.9,126.35,126.45,103974,2019-08-14,2019,123.41666666666666,120.83333333333333,130.21666666666664,134.43333333333334,131.85,125.05,130.3,126.0,127.63333333333333,125.03573333333333,123.43093333333333,130.23093333333333,131.83573333333334,114.03333333333333,141.23333333333332,,,0.0,0.0,0.0,12,0
2019-08-14 12:05:00,126.4,126.7,126.35,126.5,75092,2019-08-14,2019,123.41666666666666,120.83333333333333,130.21666666666664,134.43333333333334,131.85,125.05,130.3,126.0,127.63333333333333,125.03573333333333,123.43093333333333,130.23093333333333,131.83573333333334,114.03333333333333,141.23333333333332,,,0.0,0.0,0.0,12,5
2019-08-14 12:10:00,126.5,126.55,126.0,126.2,157647,2019-08-14,2019,123.41666666666666,120.83333333333333,130.21666666666664,134.43333333333334,131.85,125.05,130.3,126.0,127.63333333333333,125.03573333333333,123.43093333333333,130.23093333333333,131.83573333333334,114.03333333333333,141.23333333333332,,,0.0,0.0,0.0,12,10
2019-08-14 12:15:00,126.2,126.55,126.1,126.55,67803,2019-08-14,2019,123.41666666666666,120.83333333333333,130.21666666666664,134.43333333333334,131.85,125.05,130.3,126.0,127.63333333333333,125.03573333333333,123.43093333333333,130.23093333333333,131.83573333333334,114.03333333333333,141.23333333333332,,,0.0,0.0,0.0,12,15
2019-08-14 12:20:00,126.55,127.1,126.5,126.75,156098,2019-08-14,2019,123.41666666666666,120.83333333333333,130.21666666666664,134.43333333333334,131.85,125.05,130.3,126.0,127.63333333333333,125.03573333333333,123.43093333333333,130.23093333333333,131.83573333333334,114.03333333333333,141.23333333333332,,,0.0,0.0,0.0,12,20
2019-08-14 12:25:00,126.85,127.05,126.75,126.75,112875,2019-08-14,2019,123.41666666666666,120.83333333333333,130.21666666666664,134.43333333333334,131.85,125.05,130.3,126.0,127.63333333333333,125.03573333333333,123.43093333333333,130.23093333333333,131.83573333333334,114.03333333333333,141.23333333333332,Exit,Sell,126.9537687072,125.23950204053332,127.35,12,25
2019-08-14 12:30:00,126.75,127.0,126.75,126.8,52594,2019-08-14,2019,123.41666666666666,120.83333333333333,130.21666666666664,134.43333333333334,131.85,125.05,130.3,126.0,127.63333333333333,125.03573333333333,123.43093333333333,130.23093333333333,131.83573333333334,114.03333333333333,141.23333333333332,,,0.0,0.0,0.0,12,30
2019-08-14 12:35:00,126.8,127.1,126.8,127.0,67822,2019-08-14,2019,123.41666666666666,120.83333333333333,130.21666666666664,134.43333333333334,131.85,125.05,130.3,126.0,127.63333333333333,125.03573333333333,123.43093333333333,130.23093333333333,131.83573333333334,114.03333333333333,141.23333333333332,,,0.0,0.0,0.0,12,35
2019-08-14 12:40:00,127.0,127.1,126.8,126.95,57630,2019-08-14,2019,123.41666666666666,120.83333333333333,130.21666666666664,134.43333333333334,131.85,125.05,130.3,126.0,127.63333333333333,125.03573333333333,123.43093333333333,130.23093333333333,131.83573333333334,114.03333333333333,141.23333333333332,,,0.0,0.0,0.0,12,40
2019-08-14 12:45:00,126.95,127.5,126.85,127.4,151168,2019-08-14,2019,123.41666666666666,120.83333333333333,130.21666666666664,134.43333333333334,131.85,125.05,130.3,126.0,127.63333333333333,125.03573333333333,123.43093333333333,130.23093333333333,131.83573333333334,114.03333333333333,141.23333333333332,Exit,Buy,127.35,130.16666666666663,124.4,12,45
2019-08-14 12:50:00,127.35,127.75,127.25,127.75,121866,2019-08-14,2019,123.41666666666666,120.83333333333333,130.21666666666664,134.43333333333334,131.85,125.05,130.3,126.0,127.63333333333333,125.03573333333333,123.43093333333333,130.23093333333333,131.83573333333334,114.03333333333333,141.23333333333332,,,0.0,0.0,0.0,12,50
2019-08-14 12:55:00,127.75,127.8,127.2,127.35,85488,2019-08-14,2019,123.41666666666666,120.83333333333333,130.21666666666664,134.43333333333334,131.85,125.05,130.3,126.0,127.63333333333333,125.03573333333333,123.43093333333333,130.23093333333333,131.83573333333334,114.03333333333333,141.23333333333332,,,0.0,0.0,0.0,12,55
2019-08-14 13:00:00,127.45,127.75,127.2,127.5,136044,2019-08-14,2019,123.41666666666666,120.83333333333333,130.21666666666664,134.43333333333334,131.85,125.05,130.3,126.0,127.63333333333333,125.03573333333333,123.43093333333333,130.23093333333333,131.83573333333334,114.03333333333333,141.23333333333332,,,0.0,0.0,0.0,13,0
2019-08-14 13:05:00,127.5,127.75,127.3,127.45,74887,2019-08-14,2019,123.41666666666666,120.83333333333333,130.21666666666664,134.43333333333334,131.85,125.05,130.3,126.0,127.63333333333333,125.03573333333333,123.43093333333333,130.23093333333333,131.83573333333334,114.03333333333333,141.23333333333332,,,0.0,0.0,0.0,13,5
2019-08-14 13:10:00,127.45,127.7,127.45,127.5,67651,2019-08-14,2019,123.41666666666666,120.83333333333333,130.21666666666664,134.43333333333334,131.85,125.05,130.3,126.0,127.63333333333333,125.03573333333333,123.43093333333333,130.23093333333333,131.83573333333334,114.03333333333333,141.23333333333332,,,0.0,0.0,0.0,13,10
2019-08-14 13:15:00,127.5,127.55,127.45,127.55,46857,2019-08-14,2019,123.41666666666666,120.83333333333333,130.21666666666664,134.43333333333334,131.85,125.05,130.3,126.0,127.63333333333333,125.03573333333333,123.43093333333333,130.23093333333333,131.83573333333334,114.03333333333333,141.23333333333332,,,0.0,0.0,0.0,13,15
2019-08-14 13:20:00,127.55,127.55,127.1,127.15,111776,2019-08-14,2019,123.41666666666666,120.83333333333333,130.21666666666664,134.43333333333334,131.85,125.05,130.3,126.0,127.63333333333333,125.03573333333333,123.43093333333333,130.23093333333333,131.83573333333334,114.03333333333333,141.23333333333332,,,0.0,0.0,0.0,13,20
2019-08-14 13:25:00,127.15,127.7,127.1,127.65,67456,2019-08-14,2019,123.41666666666666,120.83333333333333,130.21666666666664,134.43333333333334,131.85,125.05,130.3,126.0,127.63333333333333,125.03573333333333,123.43093333333333,130.23093333333333,131.83573333333334,114.03333333333333,141.23333333333332,,,0.0,0.0,0.0,13,25
2019-08-14 13:30:00,127.65,127.95,127.45,127.75,106734,2019-08-14,2019,123.41666666666666,120.83333333333333,130.21666666666664,134.43333333333334,131.85,125.05,130.3,126.0,127.63333333333333,125.03573333333333,123.43093333333333,130.23093333333333,131.83573333333334,114.03333333333333,141.23333333333332,,,0.0,0.0,0.0,13,30
2019-08-14 13:35:00,127.75,127.85,127.55,127.75,55775,2019-08-14,2019,123.41666666666666,120.83333333333333,130.21666666666664,134.43333333333334,131.85,125.05,130.3,126.0,127.63333333333333,125.03573333333333,123.43093333333333,130.23093333333333,131.83573333333334,114.03333333333333,141.23333333333332,,,0.0,0.0,0.0,13,35
2019-08-14 13:40:00,127.7,127.75,127.55,127.7,32191,2019-08-14,2019,123.41666666666666,120.83333333333333,130.21666666666664,134.43333333333334,131.85,125.05,130.3,126.0,127.63333333333333,125.03573333333333,123.43093333333333,130.23093333333333,131.83573333333334,114.03333333333333,141.23333333333332,,,0.0,0.0,0.0,13,40
2019-08-14 13:45:00,127.7,127.7,127.35,127.4,44198,2019-08-14,2019,123.41666666666666,120.83333333333333,130.21666666666664,134.43333333333334,131.85,125.05,130.3,126.0,127.63333333333333,125.03573333333333,123.43093333333333,130.23093333333333,131.83573333333334,114.03333333333333,141.23333333333332,,,0.0,0.0,0.0,13,45
2019-08-14 13:50:00,127.35,127.6,127.25,127.5,84075,2019-08-14,2019,123.41666666666666,120.83333333333333,130.21666666666664,134.43333333333334,131.85,125.05,130.3,126.0,127.63333333333333,125.03573333333333,123.43093333333333,130.23093333333333,131.83573333333334,114.03333333333333,141.23333333333332,,,0.0,0.0,0.0,13,50
2019-08-14 13:55:00,127.5,128.15,127.5,128.05,140835,2019-08-14,2019,123.41666666666666,120.83333333333333,130.21666666666664,134.43333333333334,131.85,125.05,130.3,126.0,127.63333333333333,125.03573333333333,123.43093333333333,130.23093333333333,131.83573333333334,114.03333333333333,141.23333333333332,,,0.0,0.0,0.0,13,55
2019-08-14 14:00:00,128.05,128.1,127.7,127.7,56211,2019-08-14,2019,123.41666666666666,120.83333333333333,130.21666666666664,134.43333333333334,131.85,125.05,130.3,126.0,127.63333333333333,125.03573333333333,123.43093333333333,130.23093333333333,131.83573333333334,114.03333333333333,141.23333333333332,Exit,Sell,127.8594,125.19513333333332,128.15,14,0
2019-08-14 14:05:00,127.6,128.35,127.5,128.3,127348,2019-08-14,2019,123.41666666666666,120.83333333333333,130.21666666666664,134.43333333333334,131.85,125.05,130.3,126.0,127.63333333333333,125.03573333333333,123.43093333333333,130.23093333333333,131.83573333333334,114.03333333333333,141.23333333333332,Exit,Buy,128.15,130.06666666666663,124.4,14,5
2019-08-14 14:10:00,128.3,128.4,128.1,128.2,58475,2019-08-14,2019,123.41666666666666,120.83333333333333,130.21666666666664,134.43333333333334,131.85,125.05,130.3,126.0,127.63333333333333,125.03573333333333,123.43093333333333,130.23093333333333,131.83573333333334,114.03333333333333,141.23333333333332,,,0.0,0.0,0.0,14,10
2019-08-14 14:15:00,128.15,128.2,127.9,127.9,48880,2019-08-14,2019,123.41666666666666,120.83333333333333,130.21666666666664,134.43333333333334,131.85,125.05,130.3,126.0,127.63333333333333,125.03573333333333,123.43093333333333,130.23093333333333,131.83573333333334,114.03333333333333,141.23333333333332,,,0.0,0.0,0.0,14,15
2019-08-14 14:20:00,127.9,128.05,127.85,128.0,42053,2019-08-14,2019,123.41666666666666,120.83333333333333,130.21666666666664,134.43333333333334,131.85,125.05,130.3,126.0,127.63333333333333,125.03573333333333,123.43093333333333,130.23093333333333,131.83573333333334,114.03333333333333,141.23333333333332,,,0.0,0.0,0.0,14,20
2019-08-14 14:25:00,128.0,128.0,127.75,127.85,70039,2019-08-14,2019,123.41666666666666,120.83333333333333,130.21666666666664,134.43333333333334,131.85,125.05,130.3,126.0,127.63333333333333,125.03573333333333,123.43093333333333,130.23093333333333,131.83573333333334,114.03333333333333,141.23333333333332,,,0.0,0.0,0.0,14,25
2019-08-14 14:30:00,127.85,127.85,127.25,127.25,89482,2019-08-14,2019,123.41666666666666,120.83333333333333,130.21666666666664,134.43333333333334,131.85,125.05,130.3,126.0,127.63333333333333,125.03573333333333,123.43093333333333,130.23093333333333,131.83573333333334,114.03333333333333,141.23333333333332,,,0.0,0.0,0.0,14,30
2019-08-14 14:35:00,127.25,127.75,127.2,127.65,91189,2019-08-14,2019,123.41666666666666,120.83333333333333,130.21666666666664,134.43333333333334,131.85,125.05,130.3,126.0,127.63333333333333,125.03573333333333,123.43093333333333,130.23093333333333,131.83573333333334,114.03333333333333,141.23333333333332,,,0.0,0.0,0.0,14,35
2019-08-14 14:40:00,127.65,127.7,127.6,127.6,17665,2019-08-14,2019,123.41666666666666,120.83333333333333,130.21666666666664,134.43333333333334,131.85,125.05,130.3,126.0,127.63333333333333,125.03573333333333,123.43093333333333,130.23093333333333,131.83573333333334,114.03333333333333,141.23333333333332,,,0.0,0.0,0.0,14,40
2019-08-14 14:45:00,127.6,127.65,127.4,127.45,47604,2019-08-14,2019,123.41666666666666,120.83333333333333,130.21666666666664,134.43333333333334,131.85,125.05,130.3,126.0,127.63333333333333,125.03573333333333,123.43093333333333,130.23093333333333,131.83573333333334,114.03333333333333,141.23333333333332,,,0.0,0.0,0.0,14,45
2019-08-14 14:50:00,127.45,127.55,127.4,127.5,42682,2019-08-14,2019,123.41666666666666,120.83333333333333,130.21666666666664,134.43333333333334,131.85,125.05,130.3,126.0,127.63333333333333,125.03573333333333,123.43093333333333,130.23093333333333,131.83573333333334,114.03333333333333,141.23333333333332,,,0.0,0.0,0.0,14,50
2019-08-14 14:55:00,127.5,127.55,127.3,127.35,72906,2019-08-14,2019,123.41666666666666,120.83333333333333,130.21666666666664,134.43333333333334,131.85,125.05,130.3,126.0,127.63333333333333,125.03573333333333,123.43093333333333,130.23093333333333,131.83573333333334,114.03333333333333,141.23333333333332,,,0.0,0.0,0.0,14,55
2019-08-14 15:00:00,127.3,127.45,127.0,127.0,146996,2019-08-14,2019,123.41666666666666,120.83333333333333,130.21666666666664,134.43333333333334,131.85,125.05,130.3,126.0,127.63333333333333,125.03573333333333,123.43093333333333,130.23093333333333,131.83573333333334,114.03333333333333,141.23333333333332,,,0.0,0.0,0.0,15,0
2019-08-14 15:05:00,127.05,127.05,126.65,126.65,170102,2019-08-14,2019,123.41666666666666,120.83333333333333,130.21666666666664,134.43333333333334,131.85,125.05,130.3,126.0,127.63333333333333,125.03573333333333,123.43093333333333,130.23093333333333,131.83573333333334,114.03333333333333,141.23333333333332,,,0.0,0.0,0.0,15,5
2019-08-14 15:10:00,126.65,126.75,126.3,126.5,194316,2019-08-14,2019,123.41666666666666,120.83333333333333,130.21666666666664,134.43333333333334,131.85,125.05,130.3,126.0,127.63333333333333,125.03573333333333,123.43093333333333,130.23093333333333,131.83573333333334,114.03333333333333,141.23333333333332,,,0.0,0.0,0.0,15,10
2019-08-14 15:15:00,126.5,126.5,126.2,126.2,233587,2019-08-14,2019,123.41666666666666,120.83333333333333,130.21666666666664,134.43333333333334,131.85,125.05,130.3,126.0,127.63333333333333,125.03573333333333,123.43093333333333,130.23093333333333,131.83573333333334,114.03333333333333,141.23333333333332,,,0.0,0.0,0.0,15,15
2019-08-14 15:20:00,126.25,126.5,126.05,126.1,261041,2019-08-14,2019,123.41666666666666,120.83333333333333,130.21666666666664,134.43333333333334,131.85,125.05,130.3,126.0,127.63333333333333,125.03573333333333,123.43093333333333,130.23093333333333,131.83573333333334,114.03333333333333,141.23333333333332,Exit,Sell,126.1,0.0,0.0,15,20
2019-08-14 15:25:00,126.15,126.15,125.7,126.0,205683,2019-08-14,2019,123.41666666666666,120.83333333333333,130.21666666666664,134.43333333333334,131.85,125.05,130.3,126.0,127.63333333333333,125.03573333333333,123.43093333333333,130.23093333333333,131.83573333333334,114.03333333333333,141.23333333333332,,,0.0,0.0,0.0,15,25
2019-08-16 09:15:00,127.0,127.4,126.5,126.9,622465,2019-08-16,2019,124.13333333333333,122.26666666666667,128.13333333333333,130.26666666666665,128.4,124.4,125.9,126.0,126.26666666666667,124.73866666666666,123.79466666666667,127.79466666666667,128.73866666666666,118.26666666666667,134.26666666666665,,,0.0,0.0,0.0,9,15
2019-08-16 09:20:00,126.9,127.0,126.3,126.65,398621,2019-08-16,2019,124.13333333333333,122.26666666666667,128.13333333333333,130.26666666666665,128.4,124.4,125.9,126.0,126.26666666666667,124.73866666666666,123.79466666666667,127.79466666666667,128.73866666666666,118.26666666666667,134.26666666666665,,,0.0,0.0,0.0,9,20
2019-08-16 09:25:00,126.6,126.75,126.1,126.3,176531,2019-08-16,2019,124.13333333333333,122.26666666666667,128.13333333333333,130.26666666666665,128.4,124.4,125.9,126.0,126.26666666666667,124.73866666666666,123.79466666666667,127.79466666666667,128.73866666666666,118.26666666666667,134.26666666666665,,,0.0,0.0,0.0,9,25
2019-08-16 09:30:00,126.35,126.5,126.0,126.1,211164,2019-08-16,2019,124.13333333333333,122.26666666666667,128.13333333333333,130.26666666666665,128.4,124.4,125.9,126.0,126.26666666666667,124.73866666666666,123.79466666666667,127.79466666666667,128.73866666666666,118.26666666666667,134.26666666666665,,,0.0,0.0,0.0,9,30
2019-08-16 09:35:00,126.05,126.4,126.05,126.35,77498,2019-08-16,2019,124.13333333333333,122.26666666666667,128.13333333333333,130.26666666666665,128.4,124.4,125.9,126.0,126.26666666666667,124.73866666666666,123.79466666666667,127.79466666666667,128.73866666666666,118.26666666666667,134.26666666666665,,,0.0,0.0,0.0,9,35
2019-08-16 09:40:00,126.35,126.7,126.3,126.65,129744,2019-08-16,2019,124.13333333333333,122.26666666666667,128.13333333333333,130.26666666666665,128.4,124.4,125.9,126.0,126.26666666666667,124.73866666666666,123.79466666666667,127.79466666666667,128.73866666666666,118.26666666666667,134.26666666666665,,,0.0,0.0,0.0,9,40
2019-08-16 09:45:00,126.65,126.9,126.65,126.7,126535,2019-08-16,2019,124.13333333333333,122.26666666666667,128.13333333333333,130.26666666666665,128.4,124.4,125.9,126.0,126.26666666666667,124.73866666666666,123.79466666666667,127.79466666666667,128.73866666666666,118.26666666666667,134.26666666666665,,,0.0,0.0,0.0,9,45
2019-08-16 09:50:00,126.65,126.7,126.1,126.3,124725,2019-08-16,2019,124.13333333333333,122.26666666666667,128.13333333333333,130.26666666666665,128.4,124.4,125.9,126.0,126.26666666666667,124.73866666666666,123.79466666666667,127.79466666666667,128.73866666666666,118.26666666666667,134.26666666666665,,,0.0,0.0,0.0,9,50
2019-08-16 09:55:00,126.3,126.6,126.3,126.5,51877,2019-08-16,2019,124.13333333333333,122.26666666666667,128.13333333333333,130.26666666666665,128.4,124.4,125.9,126.0,126.26666666666667,124.73866666666666,123.79466666666667,127.79466666666667,128.73866666666666,118.26666666666667,134.26666666666665,,,0.0,0.0,0.0,9,55
2019-08-16 10:00:00,126.5,126.6,126.45,126.5,48098,2019-08-16,2019,124.13333333333333,122.26666666666667,128.13333333333333,130.26666666666665,128.4,124.4,125.9,126.0,126.26666666666667,124.73866666666666,123.79466666666667,127.79466666666667,128.73866666666666,118.26666666666667,134.26666666666665,,,0.0,0.0,0.0,10,0
2019-08-16 10:05:00,126.45,126.5,126.1,126.2,71586,2019-08-16,2019,124.13333333333333,122.26666666666667,128.13333333333333,130.26666666666665,128.4,124.4,125.9,126.0,126.26666666666667,124.73866666666666,123.79466666666667,127.79466666666667,128.73866666666666,118.26666666666667,134.26666666666665,,,0.0,0.0,0.0,10,5
2019-08-16 10:10:00,126.2,126.3,126.05,126.1,89390,2019-08-16,2019,124.13333333333333,122.26666666666667,128.13333333333333,130.26666666666665,128.4,124.4,125.9,126.0,126.26666666666667,124.73866666666666,123.79466666666667,127.79466666666667,128.73866666666666,118.26666666666667,134.26666666666665,,,0.0,0.0,0.0,10,10
2019-08-16 10:15:00,126.05,126.1,125.7,125.85,149532,2019-08-16,2019,124.13333333333333,122.26666666666667,128.13333333333333,130.26666666666665,128.4,124.4,125.9,126.0,126.26666666666667,124.73866666666666,123.79466666666667,127.79466666666667,128.73866666666666,118.26666666666667,134.26666666666665,Entry,Sell,125.85,124.73866666666666,127.4,10,15
2019-08-16 10:20:00,125.85,125.9,125.5,125.7,139231,2019-08-16,2019,124.13333333333333,122.26666666666667,128.13333333333333,130.26666666666665,128.4,124.4,125.9,126.0,126.26666666666667,124.73866666666666,123.79466666666667,127.79466666666667,128.73866666666666,118.26666666666667,134.26666666666665,,,0.0,0.0,0.0,10,20
2019-08-16 10:25:00,125.7,125.7,125.45,125.5,75545,2019-08-16,2019,124.13333333333333,122.26666666666667,128.13333333333333,130.26666666666665,128.4,124.4,125.9,126.0,126.26666666666667,124.73866666666666,123.79466666666667,127.79466666666667,128.73866666666666,118.26666666666667,134.26666666666665,,,0.0,0.0,0.0,10,25
2019-08-16 10:30:00,125.5,125.65,125.5,125.55,65140,2019-08-16,2019,124.13333333333333,122.26666666666667,128.13333333333333,130.26666666666665,128.4,124.4,125.9,126.0,126.26666666666667,124.73866666666666,123.79466666666667,127.79466666666667,128.73866666666666,118.26666666666667,134.26666666666665,,,0.0,0.0,0.0,10,30
2019-08-16 10:35:00,125.5,125.8,125.5,125.6,43721,2019-08-16,2019,124.13333333333333,122.26666666666667,128.13333333333333,130.26666666666665,128.4,124.4,125.9,126.0,126.26666666666667,124.73866666666666,123.79466666666667,127.79466666666667,128.73866666666666,118.26666666666667,134.26666666666665,,,0.0,0.0,0.0,10,35
2019-08-16 10:40:00,125.6,125.65,125.55,125.6,41079,2019-08-16,2019,124.13333333333333,122.26666666666667,128.13333333333333,130.26666666666665,128.4,124.4,125.9,126.0,126.26666666666667,124.73866666666666,123.79466666666667,127.79466666666667,128.73866666666666,118.26666666666667,134.26666666666665,,,0.0,0.0,0.0,10,40
2019-08-16 10:45:00,125.6,125.7,125.5,125.65,72536,2019-08-16,2019,124.13333333333333,122.26666666666667,128.13333333333333,130.26666666666665,128.4,124.4,125.9,126.0,126.26666666666667,124.73866666666666,123.79466666666667,127.79466666666667,128.73866666666666,118.26666666666667,134.26666666666665,,,0.0,0.0,0.0,10,45
2019-08-16 10:50:00,125.65,125.85,125.6,125.8,63087,2019-08-16,2019,124.13333333333333,122.26666666666667,128.13333333333333,130.26666666666665,128.4,124.4,125.9,126.0,126.26666666666667,124.73866666666666,123.79466666666667,127.79466666666667,128.73866666666666,118.26666666666667,134.26666666666665,,,0.0,0.0,0.0,10,50
2019-08-16 10:55:00,125.75,126.0,125.75,125.95,74100,2019-08-16,2019,124.13333333333333,122.26666666666667,128.13333333333333,130.26666666666665,128.4,124.4,125.9,126.0,126.26666666666667,124.73866666666666,123.79466666666667,127.79466666666667,128.73866666666666,118.26666666666667,134.26666666666665,,,0.0,0.0,0.0,10,55
2019-08-16 11:00:00,125.95,126.0,125.65,125.8,71434,2019-08-16,2019,124.13333333333333,122.26666666666667,128.13333333333333,130.26666666666665,128.4,124.4,125.9,126.0,126.26666666666667,124.73866666666666,123.79466666666667,127.79466666666667,128.73866666666666,118.26666666666667,134.26666666666665,,,0.0,0.0,0.0,11,0
2019-08-16 11:05:00,125.8,125.8,125.65,125.8,60780,2019-08-16,2019,124.13333333333333,122.26666666666667,128.13333333333333,130.26666666666665,128.4,124.4,125.9,126.0,126.26666666666667,124.73866666666666,123.79466666666667,127.79466666666667,128.73866666666666,118.26666666666667,134.26666666666665,,,0.0,0.0,0.0,11,5
2019-08-16 11:10:00,125.8,126.25,125.75,126.05,81772,2019-08-16,2019,124.13333333333333,122.26666666666667,128.13333333333333,130.26666666666665,128.4,124.4,125.9,126.0,126.26666666666667,124.73866666666666,123.79466666666667,127.79466666666667,128.73866666666666,118.26666666666667,134.26666666666665,,,0.0,0.0,0.0,11,10
2019-08-16 11:15:00,126.05,126.35,126.0,126.3,105042,2019-08-16,2019,124.13333333333333,122.26666666666667,128.13333333333333,130.26666666666665,128.4,124.4,125.9,126.0,126.26666666666667,124.73866666666666,123.79466666666667,127.79466666666667,128.73866666666666,118.26666666666667,134.26666666666665,,,0.0,0.0,0.0,11,15
2019-08-16 11:20:00,126.25,126.5,126.2,126.45,80217,2019-08-16,2019,124.13333333333333,122.26666666666667,128.13333333333333,130.26666666666665,128.4,124.4,125.9,126.0,126.26666666666667,124.73866666666666,123.79466666666667,127.79466666666667,128.73866666666666,118.26666666666667,134.26666666666665,,,0.0,0.0,0.0,11,20
2019-08-16 11:25:00,126.4,126.9,126.4,126.8,118803,2019-08-16,2019,124.13333333333333,122.26666666666667,128.13333333333333,130.26666666666665,128.4,124.4,125.9,126.0,126.26666666666667,124.73866666666666,123.79466666666667,127.79466666666667,128.73866666666666,118.26666666666667,134.26666666666665,,,0.0,0.0,0.0,11,25
2019-08-16 11:30:00,126.85,126.9,126.6,126.65,108336,2019-08-16,2019,124.13333333333333,122.26666666666667,128.13333333333333,130.26666666666665,128.4,124.4,125.9,126.0,126.26666666666667,124.73866666666666,123.79466666666667,127.79466666666667,128.73866666666666,118.26666666666667,134.26666666666665,,,0.0,0.0,0.0,11,30
2019-08-16 11:35:00,126.65,126.8,126.45,126.7,72936,2019-08-16,2019,124.13333333333333,122.26666666666667,128.13333333333333,130.26666666666665,128.4,124.4,125.9,126.0,126.26666666666667,124.73866666666666,123.79466666666667,127.79466666666667,128.73866666666666,118.26666666666667,134.26666666666665,,,0.0,0.0,0.0,11,35
2019-08-16 11:40:00,126.7,126.8,126.6,126.7,59787,2019-08-16,2019,124.13333333333333,122.26666666666667,128.13333333333333,130.26666666666665,128.4,124.4,125.9,126.0,126.26666666666667,124.73866666666666,123.79466666666667,127.79466666666667,128.73866666666666,118.26666666666667,134.26666666666665,,,0.0,0.0,0.0,11,40
2019-08-16 11:45:00,126.7,126.95,126.7,126.85,95747,2019-08-16,2019,124.13333333333333,122.26666666666667,128.13333333333333,130.26666666666665,128.4,124.4,125.9,126.0,126.26666666666667,124.73866666666666,123.79466666666667,127.79466666666667,128.73866666666666,118.26666666666667,134.26666666666665,,,0.0,0.0,0.0,11,45
2019-08-16 11:50:00,126.9,126.9,126.5,126.75,89793,2019-08-16,2019,124.13333333333333,122.26666666666667,128.13333333333333,130.26666666666665,128.4,124.4,125.9,126.0,126.26666666666667,124.73866666666666,123.79466666666667,127.79466666666667,128.73866666666666,118.26666666666667,134.26666666666665,,,0.0,0.0,0.0,11,50
2019-08-16 11:55:00,126.7,126.9,126.55,126.6,63650,2019-08-16,2019,124.13333333333333,122.26666666666667,128.13333333333333,130.26666666666665,128.4,124.4,125.9,126.0,126.26666666666667,124.73866666666666,123.79466666666667,127.79466666666667,128.73866666666666,118.26666666666667,134.26666666666665,,,0.0,0.0,0.0,11,55
2019-08-16 12:00:00,126.6,126.8,126.55,126.8,50455,2019-08-16,2019,124.13333333333333,122.26666666666667,128.13333333333333,130.26666666666665,128.4,124.4,125.9,126.0,126.26666666666667,124.73866666666666,123.79466666666667,127.79466666666667,128.73866666666666,118.26666666666667,134.26666666666665,,,0.0,0.0,0.0,12,0
2019-08-16 12:05:00,126.8,127.2,126.7,126.9,109905,2019-08-16,2019,124.13333333333333,122.26666666666667,128.13333333333333,130.26666666666665,128.4,124.4,125.9,126.0,126.26666666666667,124.73866666666666,123.79466666666667,127.79466666666667,128.73866666666666,118.26666666666667,134.26666666666665,,,0.0,0.0,0.0,12,5
2019-08-16 12:10:00,126.9,127.2,126.9,127.05,82366,2019-08-16,2019,124.13333333333333,122.26666666666667,128.13333333333333,130.26666666666665,128.4,124.4,125.9,126.0,126.26666666666667,124.73866666666666,123.79466666666667,127.79466666666667,128.73866666666666,118.26666666666667,134.26666666666665,,,0.0,0.0,0.0,12,10
2019-08-16 12:15:00,127.05,127.2,127.0,127.1,62074,2019-08-16,2019,124.13333333333333,122.26666666666667,128.13333333333333,130.26666666666665,128.4,124.4,125.9,126.0,126.26666666666667,124.73866666666666,123.79466666666667,127.79466666666667,128.73866666666666,118.26666666666667,134.26666666666665,,,0.0,0.0,0.0,12,15
2019-08-16 12:20:00,127.05,127.1,127.0,127.05,36480,2019-08-16,2019,124.13333333333333,122.26666666666667,128.13333333333333,130.26666666666665,128.4,124.4,125.9,126.0,126.26666666666667,124.73866666666666,123.79466666666667,127.79466666666667,128.73866666666666,118.26666666666667,134.26666666666665,,,0.0,0.0,0.0,12,20
2019-08-16 12:25:00,127.05,127.1,126.5,126.5,69743,2019-08-16,2019,124.13333333333333,122.26666666666667,128.13333333333333,130.26666666666665,128.4,124.4,125.9,126.0,126.26666666666667,124.73866666666666,123.79466666666667,127.79466666666667,128.73866666666666,118.26666666666667,134.26666666666665,,,0.0,0.0,0.0,12,25
2019-08-16 12:30:00,126.5,126.7,126.45,126.65,58118,2019-08-16,2019,124.13333333333333,122.26666666666667,128.13333333333333,130.26666666666665,128.4,124.4,125.9,126.0,126.26666666666667,124.73866666666666,123.79466666666667,127.79466666666667,128.73866666666666,118.26666666666667,134.26666666666665,,,0.0,0.0,0.0,12,30
2019-08-16 12:35:00,126.65,126.7,126.45,126.5,24194,2019-08-16,2019,124.13333333333333,122.26666666666667,128.13333333333333,130.26666666666665,128.4,124.4,125.9,126.0,126.26666666666667,124.73866666666666,123.79466666666667,127.79466666666667,128.73866666666666,118.26666666666667,134.26666666666665,,,0.0,0.0,0.0,12,35
2019-08-16 12:40:00,126.45,126.6,126.35,126.5,54464,2019-08-16,2019,124.13333333333333,122.26666666666667,128.13333333333333,130.26666666666665,128.4,124.4,125.9,126.0,126.26666666666667,124.73866666666666,123.79466666666667,127.79466666666667,128.73866666666666,118.26666666666667,134.26666666666665,,,0.0,0.0,0.0,12,40
2019-08-16 12:45:00,126.5,126.7,126.4,126.55,39071,2019-08-16,2019,124.13333333333333,122.26666666666667,128.13333333333333,130.26666666666665,128.4,124.4,125.9,126.0,126.26666666666667,124.73866666666666,123.79466666666667,127.79466666666667,128.73866666666666,118.26666666666667,134.26666666666665,,,0.0,0.0,0.0,12,45
2019-08-16 12:50:00,126.6,126.6,126.3,126.5,39069,2019-08-16,2019,124.13333333333333,122.26666666666667,128.13333333333333,130.26666666666665,128.4,124.4,125.9,126.0,126.26666666666667,124.73866666666666,123.79466666666667,127.79466666666667,128.73866666666666,118.26666666666667,134.26666666666665,,,0.0,0.0,0.0,12,50
2019-08-16 12:55:00,126.55,126.8,126.45,126.65,68192,2019-08-16,2019,124.13333333333333,122.26666666666667,128.13333333333333,130.26666666666665,128.4,124.4,125.9,126.0,126.26666666666667,124.73866666666666,123.79466666666667,127.79466666666667,128.73866666666666,118.26666666666667,134.26666666666665,,,0.0,0.0,0.0,12,55
2019-08-16 13:00:00,126.65,126.75,126.35,126.35,73967,2019-08-16,2019,124.13333333333333,122.26666666666667,128.13333333333333,130.26666666666665,128.4,124.4,125.9,126.0,126.26666666666667,124.73866666666666,123.79466666666667,127.79466666666667,128.73866666666666,118.26666666666667,134.26666666666665,,,0.0,0.0,0.0,13,0
2019-08-16 13:05:00,126.35,126.65,126.35,126.6,35278,2019-08-16,2019,124.13333333333333,122.26666666666667,128.13333333333333,130.26666666666665,128.4,124.4,125.9,126.0,126.26666666666667,124.73866666666666,123.79466666666667,127.79466666666667,128.73866666666666,118.26666666666667,134.26666666666665,,,0.0,0.0,0.0,13,5
2019-08-16 13:10:00,126.65,126.75,126.4,126.75,75406,2019-08-16,2019,124.13333333333333,122.26666666666667,128.13333333333333,130.26666666666665,128.4,124.4,125.9,126.0,126.26666666666667,124.73866666666666,123.79466666666667,127.79466666666667,128.73866666666666,118.26666666666667,134.26666666666665,,,0.0,0.0,0.0,13,10
2019-08-16 13:15:00,126.65,127.0,126.65,126.8,72695,2019-08-16,2019,124.13333333333333,122.26666666666667,128.13333333333333,130.26666666666665,128.4,124.4,125.9,126.0,126.26666666666667,124.73866666666666,123.79466666666667,127.79466666666667,128.73866666666666,118.26666666666667,134.26666666666665,,,0.0,0.0,0.0,13,15
2019-08-16 13:20:00,126.9,126.9,126.5,126.65,100568,2019-08-16,2019,124.13333333333333,122.26666666666667,128.13333333333333,130.26666666666665,128.4,124.4,125.9,126.0,126.26666666666667,124.73866666666666,123.79466666666667,127.79466666666667,128.73866666666666,118.26666666666667,134.26666666666665,,,0.0,0.0,0.0,13,20
2019-08-16 13:25:00,126.65,126.7,126.3,126.3,94028,2019-08-16,2019,124.13333333333333,122.26666666666667,128.13333333333333,130.26666666666665,128.4,124.4,125.9,126.0,126.26666666666667,124.73866666666666,123.79466666666667,127.79466666666667,128.73866666666666,118.26666666666667,134.26666666666665,,,0.0,0.0,0.0,13,25
2019-08-16 13:30:00,126.3,126.35,126.15,126.15,69128,2019-08-16,2019,124.13333333333333,122.26666666666667,128.13333333333333,130.26666666666665,128.4,124.4,125.9,126.0,126.26666666666667,124.73866666666666,123.79466666666667,127.79466666666667,128.73866666666666,118.26666666666667,134.26666666666665,,,0.0,0.0,0.0,13,30
2019-08-16 13:35:00,126.15,126.25,125.85,126.0,184323,2019-08-16,2019,124.13333333333333,122.26666666666667,128.13333333333333,130.26666666666665,128.4,124.4,125.9,126.0,126.26666666666667,124.73866666666666,123.79466666666667,127.79466666666667,128.73866666666666,118.26666666666667,134.26666666666665,,,0.0,0.0,0.0,13,35
2019-08-16 13:40:00,126.0,126.1,125.7,125.75,117199,2019-08-16,2019,124.13333333333333,122.26666666666667,128.13333333333333,130.26666666666665,128.4,124.4,125.9,126.0,126.26666666666667,124.73866666666666,123.79466666666667,127.79466666666667,128.73866666666666,118.26666666666667,134.26666666666665,,,0.0,0.0,0.0,13,40
2019-08-16 13:45:00,125.75,125.9,125.4,125.55,202925,2019-08-16,2019,124.13333333333333,122.26666666666667,128.13333333333333,130.26666666666665,128.4,124.4,125.9,126.0,126.26666666666667,124.73866666666666,123.79466666666667,127.79466666666667,128.73866666666666,118.26666666666667,134.26666666666665,,,0.0,0.0,0.0,13,45
2019-08-16 13:50:00,125.5,125.7,125.25,125.4,145482,2019-08-16,2019,124.13333333333333,122.26666666666667,128.13333333333333,130.26666666666665,128.4,124.4,125.9,126.0,126.26666666666667,124.73866666666666,123.79466666666667,127.79466666666667,128.73866666666666,118.26666666666667,134.26666666666665,,,0.0,0.0,0.0,13,50
2019-08-16 13:55:00,125.4,125.75,125.35,125.6,84944,2019-08-16,2019,124.13333333333333,122.26666666666667,128.13333333333333,130.26666666666665,128.4,124.4,125.9,126.0,126.26666666666667,124.73866666666666,123.79466666666667,127.79466666666667,128.73866666666666,118.26666666666667,134.26666666666665,,,0.0,0.0,0.0,13,55
2019-08-16 14:00:00,125.6,125.8,125.5,125.6,91201,2019-08-16,2019,124.13333333333333,122.26666666666667,128.13333333333333,130.26666666666665,128.4,124.4,125.9,126.0,126.26666666666667,124.73866666666666,123.79466666666667,127.79466666666667,128.73866666666666,118.26666666666667,134.26666666666665,,,0.0,0.0,0.0,14,0
2019-08-16 14:05:00,125.6,125.85,125.5,125.65,74753,2019-08-16,2019,124.13333333333333,122.26666666666667,128.13333333333333,130.26666666666665,128.4,124.4,125.9,126.0,126.26666666666667,124.73866666666666,123.79466666666667,127.79466666666667,128.73866666666666,118.26666666666667,134.26666666666665,,,0.0,0.0,0.0,14,5
2019-08-16 14:10:00,125.65,125.7,125.55,125.6,61185,2019-08-16,2019,124.13333333333333,122.26666666666667,128.13333333333333,130.26666666666665,128.4,124.4,125.9,126.0,126.26666666666667,124.73866666666666,123.79466666666667,127.79466666666667,128.73866666666666,118.26666666666667,134.26666666666665,,,0.0,0.0,0.0,14,10
2019-08-16 14:15:00,125.5,125.75,125.4,125.65,113774,2019-08-16,2019,124.13333333333333,122.26666666666667,128.13333333333333,130.26666666666665,128.4,124.4,125.9,126.0,126.26666666666667,124.73866666666666,123.79466666666667,127.79466666666667,128.73866666666666,118.26666666666667,134.26666666666665,,,0.0,0.0,0.0,14,15
2019-08-16 14:20:00,125.65,125.75,125.5,125.5,76752,2019-08-16,2019,124.13333333333333,122.26666666666667,128.13333333333333,130.26666666666665,128.4,124.4,125.9,126.0,126.26666666666667,124.73866666666666,123.79466666666667,127.79466666666667,128.73866666666666,118.26666666666667,134.26666666666665,,,0.0,0.0,0.0,14,20
2019-08-16 14:25:00,125.55,125.75,125.45,125.6,68590,2019-08-16,2019,124.13333333333333,122.26666666666667,128.13333333333333,130.26666666666665,128.4,124.4,125.9,126.0,126.26666666666667,124.73866666666666,123.79466666666667,127.79466666666667,128.73866666666666,118.26666666666667,134.26666666666665,,,0.0,0.0,0.0,14,25
2019-08-16 14:30:00,125.65,126.2,125.65,125.8,134424,2019-08-16,2019,124.13333333333333,122.26666666666667,128.13333333333333,130.26666666666665,128.4,124.4,125.9,126.0,126.26666666666667,124.73866666666666,123.79466666666667,127.79466666666667,128.73866666666666,118.26666666666667,134.26666666666665,,,0.0,0.0,0.0,14,30
2019-08-16 14:35:00,125.85,126.0,125.6,125.8,85160,2019-08-16,2019,124.13333333333333,122.26666666666667,128.13333333333333,130.26666666666665,128.4,124.4,125.9,126.0,126.26666666666667,124.73866666666666,123.79466666666667,127.79466666666667,128.73866666666666,118.26666666666667,134.26666666666665,,,0.0,0.0,0.0,14,35
2019-08-16 14:40:00,125.8,125.9,125.7,125.85,53938,2019-08-16,2019,124.13333333333333,122.26666666666667,128.13333333333333,130.26666666666665,128.4,124.4,125.9,126.0,126.26666666666667,124.73866666666666,123.79466666666667,127.79466666666667,128.73866666666666,118.26666666666667,134.26666666666665,,,0.0,0.0,0.0,14,40
2019-08-16 14:45:00,125.85,126.2,125.75,126.1,105896,2019-08-16,2019,124.13333333333333,122.26666666666667,128.13333333333333,130.26666666666665,128.4,124.4,125.9,126.0,126.26666666666667,124.73866666666666,123.79466666666667,127.79466666666667,128.73866666666666,118.26666666666667,134.26666666666665,,,0.0,0.0,0.0,14,45
2019-08-16 14:50:00,126.1,126.25,126.0,126.0,129058,2019-08-16,2019,124.13333333333333,122.26666666666667,128.13333333333333,130.26666666666665,128.4,124.4,125.9,126.0,126.26666666666667,124.73866666666666,123.79466666666667,127.79466666666667,128.73866666666666,118.26666666666667,134.26666666666665,,,0.0,0.0,0.0,14,50
2019-08-16 14:55:00,126.0,126.2,126.0,126.1,97147,2019-08-16,2019,124.13333333333333,122.26666666666667,128.13333333333333,130.26666666666665,128.4,124.4,125.9,126.0,126.26666666666667,124.73866666666666,123.79466666666667,127.79466666666667,128.73866666666666,118.26666666666667,134.26666666666665,,,0.0,0.0,0.0,14,55
2019-08-16 15:00:00,126.1,126.6,126.1,126.15,209779,2019-08-16,2019,124.13333333333333,122.26666666666667,128.13333333333333,130.26666666666665,128.4,124.4,125.9,126.0,126.26666666666667,124.73866666666666,123.79466666666667,127.79466666666667,128.73866666666666,118.26666666666667,134.26666666666665,,,0.0,0.0,0.0,15,0
2019-08-16 15:05:00,126.1,126.25,126.0,126.1,141275,2019-08-16,2019,124.13333333333333,122.26666666666667,128.13333333333333,130.26666666666665,128.4,124.4,125.9,126.0,126.26666666666667,124.73866666666666,123.79466666666667,127.79466666666667,128.73866666666666,118.26666666666667,134.26666666666665,,,0.0,0.0,0.0,15,5
2019-08-16 15:10:00,126.15,126.5,126.15,126.25,235769,2019-08-16,2019,124.13333333333333,122.26666666666667,128.13333333333333,130.26666666666665,128.4,124.4,125.9,126.0,126.26666666666667,124.73866666666666,123.79466666666667,127.79466666666667,128.73866666666666,118.26666666666667,134.26666666666665,,,0.0,0.0,0.0,15,10
2019-08-16 15:15:00,126.2,126.45,126.2,126.25,194882,2019-08-16,2019,124.13333333333333,122.26666666666667,128.13333333333333,130.26666666666665,128.4,124.4,125.9,126.0,126.26666666666667,124.73866666666666,123.79466666666667,127.79466666666667,128.73866666666666,118.26666666666667,134.26666666666665,,,0.0,0.0,0.0,15,15
2019-08-16 15:20:00,126.3,126.3,126.1,126.2,180160,2019-08-16,2019,124.13333333333333,122.26666666666667,128.13333333333333,130.26666666666665,128.4,124.4,125.9,126.0,126.26666666666667,124.73866666666666,123.79466666666667,127.79466666666667,128.73866666666666,118.26666666666667,134.26666666666665,Exit,Buy,126.2,0.0,0.0,15,20
2019-08-16 15:25:00,126.15,126.25,126.1,126.15,157293,2019-08-16,2019,124.13333333333333,122.26666666666667,128.13333333333333,130.26666666666665,128.4,124.4,125.9,126.0,126.26666666666667,124.73866666666666,123.79466666666667,127.79466666666667,128.73866666666666,118.26666666666667,134.26666666666665,,,0.0,0.0,0.0,15,25
2019-08-19 09:15:00,126.35,127.2,126.35,127.15,169429,2019-08-19,2019,125.13333333333333,124.11666666666666,127.28333333333333,128.41666666666669,127.4,125.25,127.0,126.15,126.26666666666667,125.44536666666666,124.93796666666667,127.08796666666667,127.59536666666666,121.96666666666665,130.56666666666666,,,0.0,0.0,0.0,9,15
2019-08-19 09:20:00,127.1,127.4,126.7,126.8,127816,2019-08-19,2019,125.13333333333333,124.11666666666666,127.28333333333333,128.41666666666669,127.4,125.25,127.0,126.15,126.26666666666667,125.44536666666666,124.93796666666667,127.08796666666667,127.59536666666666,121.96666666666665,130.56666666666666,Entry,Buy,127.2,127.99536666666667,126.35,9,20
2019-08-19 09:25:00,126.8,127.05,126.65,126.9,98287,2019-08-19,2019,125.13333333333333,124.11666666666666,127.28333333333333,128.41666666666669,127.4,125.25,127.0,126.15,126.26666666666667,125.44536666666666,124.93796666666667,127.08796666666667,127.59536666666666,121.96666666666665,130.56666666666666,,,0.0,0.0,0.0,9,25
2019-08-19 09:30:00,126.9,127.1,126.45,126.7,97482,2019-08-19,2019,125.13333333333333,124.11666666666666,127.28333333333333,128.41666666666669,127.4,125.25,127.0,126.15,126.26666666666667,125.44536666666666,124.93796666666667,127.08796666666667,127.59536666666666,121.96666666666665,130.56666666666666,,,0.0,0.0,0.0,9,30
2019-08-19 09:35:00,126.7,126.7,125.95,126.2,200704,2019-08-19,2019,125.13333333333333,124.11666666666666,127.28333333333333,128.41666666666669,127.4,125.25,127.0,126.15,126.26666666666667,125.44536666666666,124.93796666666667,127.08796666666667,127.59536666666666,121.96666666666665,130.56666666666666,Exit,Sell,126.35,125.59536666666665,127.4,9,35
2019-08-19 09:40:00,126.2,126.25,125.65,125.7,94534,2019-08-19,2019,125.13333333333333,124.11666666666666,127.28333333333333,128.41666666666669,127.4,125.25,127.0,126.15,126.26666666666667,125.44536666666666,124.93796666666667,127.08796666666667,127.59536666666666,121.96666666666665,130.56666666666666,,,0.0,0.0,0.0,9,40
2019-08-19 09:45:00,125.65,126.25,125.6,126.1,81797,2019-08-19,2019,125.13333333333333,124.11666666666666,127.28333333333333,128.41666666666669,127.4,125.25,127.0,126.15,126.26666666666667,125.44536666666666,124.93796666666667,127.08796666666667,127.59536666666666,121.96666666666665,130.56666666666666,Exit,Buy,125.8446,126.83256666666668,125.65,9,45
2019-08-19 09:50:00,126.1,126.2,125.8,126.1,43809,2019-08-19,2019,125.13333333333333,124.11666666666666,127.28333333333333,128.41666666666669,127.4,125.25,127.0,126.15,126.26666666666667,125.44536666666666,124.93796666666667,127.08796666666667,127.59536666666666,121.96666666666665,130.56666666666666,,,0.0,0.0,0.0,9,50
2019-08-19 09:55:00,126.1,126.1,125.7,125.7,70169,2019-08-19,2019,125.13333333333333,124.11666666666666,127.28333333333333,128.41666666666669,127.4,125.25,127.0,126.15,126.26666666666667,125.44536666666666,124.93796666666667,127.08796666666667,127.59536666666666,121.96666666666665,130.56666666666666,,,0.0,0.0,0.0,9,55
2019-08-19 10:00:00,125.75,125.9,125.6,125.85,85073,2019-08-19,2019,125.13333333333333,124.11666666666666,127.28333333333333,128.41666666666669,127.4,125.25,127.0,126.15,126.26666666666667,125.44536666666666,124.93796666666667,127.08796666666667,127.59536666666666,121.96666666666665,130.56666666666666,Exit,Sell,125.65,124.93333333333334,127.4,10,0
2019-08-19 10:05:00,125.85,126.15,125.8,126.1,38924,2019-08-19,2019,125.13333333333333,124.11666666666666,127.28333333333333,128.41666666666669,127.4,125.25,127.0,126.15,126.26666666666667,125.44536666666666,124.93796666666667,127.08796666666667,127.59536666666666,121.96666666666665,130.56666666666666,,,0.0,0.0,0.0,10,5
2019-08-19 10:10:00,126.1,126.15,125.75,126.0,61280,2019-08-19,2019,125.13333333333333,124.11666666666666,127.28333333333333,128.41666666666669,127.4,125.25,127.0,126.15,126.26666666666667,125.44536666666666,124.93796666666667,127.08796666666667,127.59536666666666,121.96666666666665,130.56666666666666,,,0.0,0.0,0.0,10,10
2019-08-19 10:15:00,126.0,126.15,125.95,126.05,24494,2019-08-19,2019,125.13333333333333,124.11666666666666,127.28333333333333,128.41666666666669,127.4,125.25,127.0,126.15,126.26666666666667,125.44536666666666,124.93796666666667,127.08796666666667,127.59536666666666,121.96666666666665,130.56666666666666,,,0.0,0.0,0.0,10,15
2019-08-19 10:20:00,126.05,126.4,126.0,126.35,65685,2019-08-19,2019,125.13333333333333,124.11666666666666,127.28333333333333,128.41666666666669,127.4,125.25,127.0,126.15,126.26666666666667,125.44536666666666,124.93796666666667,127.08796666666667,127.59536666666666,121.96666666666665,130.56666666666666,,,0.0,0.0,0.0,10,20
2019-08-19 10:25:00,126.35,126.4,126.1,126.25,38568,2019-08-19,2019,125.13333333333333,124.11666666666666,127.28333333333333,128.41666666666669,127.4,125.25,127.0,126.15,126.26666666666667,125.44536666666666,124.93796666666667,127.08796666666667,127.59536666666666,121.96666666666665,130.56666666666666,,,0.0,0.0,0.0,10,25
2019-08-19 10:30:00,126.25,126.4,126.05,126.1,43002,2019-08-19,2019,125.13333333333333,124.11666666666666,127.28333333333333,128.41666666666669,127.4,125.25,127.0,126.15,126.26666666666667,125.44536666666666,124.93796666666667,127.08796666666667,127.59536666666666,121.96666666666665,130.56666666666666,,,0.0,0.0,0.0,10,30
2019-08-19 10:35:00,126.1,126.2,126.05,126.15,20873,2019-08-19,2019,125.13333333333333,124.11666666666666,127.28333333333333,128.41666666666669,127.4,125.25,127.0,126.15,126.26666666666667,125.44536666666666,124.93796666666667,127.08796666666667,127.59536666666666,121.96666666666665,130.56666666666666,,,0.0,0.0,0.0,10,35
2019-08-19 10:40:00,126.15,126.25,125.85,126.15,140394,2019-08-19,2019,125.13333333333333,124.11666666666666,127.28333333333333,128.41666666666669,127.4,125.25,127.0,126.15,126.26666666666667,125.44536666666666,124.93796666666667,127.08796666666667,127.59536666666666,121.96666666666665,130.56666666666666,,,0.0,0.0,0.0,10,40
2019-08-19 10:45:00,126.2,126.4,126.2,126.25,54098,2019-08-19,2019,125.13333333333333,124.11666666666666,127.28333333333333,128.41666666666669,127.4,125.25,127.0,126.15,126.26666666666667,125.44536666666666,124.93796666666667,127.08796666666667,127.59536666666666,121.96666666666665,130.56666666666666,,,0.0,0.0,0.0,10,45
2019-08-19 10:50:00,126.25,126.3,126.1,126.15,17953,2019-08-19,2019,125.13333333333333,124.11666666666666,127.28333333333333,128.41666666666669,127.4,125.25,127.0,126.15,126.26666666666667,125.44536666666666,124.93796666666667,127.08796666666667,127.59536666666666,121.96666666666665,130.56666666666666,,,0.0,0.0,0.0,10,50
2019-08-19 10:55:00,126.15,126.2,125.95,126.1,44719,2019-08-19,2019,125.13333333333333,124.11666666666666,127.28333333333333,128.41666666666669,127.4,125.25,127.0,126.15,126.26666666666667,125.44536666666666,124.93796666666667,127.08796666666667,127.59536666666666,121.96666666666665,130.56666666666666,,,0.0,0.0,0.0,10,55
2019-08-19 11:00:00,126.1,126.15,126.0,126.1,14469,2019-08-19,2019,125.13333333333333,124.11666666666666,127.28333333333333,128.41666666666669,127.4,125.25,127.0,126.15,126.26666666666667,125.44536666666666,124.93796666666667,127.08796666666667,127.59536666666666,121.96666666666665,130.56666666666666,,,0.0,0.0,0.0,11,0
2019-08-19 11:05:00,126.1,126.1,126.0,126.05,11114,2019-08-19,2019,125.13333333333333,124.11666666666666,127.28333333333333,128.41666666666669,127.4,125.25,127.0,126.15,126.26666666666667,125.44536666666666,124.93796666666667,127.08796666666667,127.59536666666666,121.96666666666665,130.56666666666666,,,0.0,0.0,0.0,11,5
2019-08-19 11:10:00,126.05,126.15,125.95,126.0,46985,2019-08-19,2019,125.13333333333333,124.11666666666666,127.28333333333333,128.41666666666669,127.4,125.25,127.0,126.15,126.26666666666667,125.44536666666666,124.93796666666667,127.08796666666667,127.59536666666666,121.96666666666665,130.56666666666666,,,0.0,0.0,0.0,11,10
2019-08-19 11:15:00,126.0,126.05,125.75,126.05,81143,2019-08-19,2019,125.13333333333333,124.11666666666666,127.28333333333333,128.41666666666669,127.4,125.25,127.0,126.15,126.26666666666667,125.44536666666666,124.93796666666667,127.08796666666667,127.59536666666666,121.96666666666665,130.56666666666666,,,0.0,0.0,0.0,11,15
2019-08-19 11:20:00,126.05,126.1,125.9,126.0,23934,2019-08-19,2019,125.13333333333333,124.11666666666666,127.28333333333333,128.41666666666669,127.4,125.25,127.0,126.15,126.26666666666667,125.44536666666666,124.93796666666667,127.08796666666667,127.59536666666666,121.96666666666665,130.56666666666666,,,0.0,0.0,0.0,11,20
2019-08-19 11:25:00,126.0,126.15,126.0,126.1,31368,2019-08-19,2019,125.13333333333333,124.11666666666666,127.28333333333333,128.41666666666669,127.4,125.25,127.0,126.15,126.26666666666667,125.44536666666666,124.93796666666667,127.08796666666667,127.59536666666666,121.96666666666665,130.56666666666666,,,0.0,0.0,0.0,11,25
2019-08-19 11:30:00,126.1,126.1,126.0,126.1,26448,2019-08-19,2019,125.13333333333333,124.11666666666666,127.28333333333333,128.41666666666669,127.4,125.25,127.0,126.15,126.26666666666667,125.44536666666666,124.93796666666667,127.08796666666667,127.59536666666666,121.96666666666665,130.56666666666666,,,0.0,0.0,0.0,11,30
2019-08-19 11:35:00,126.15,126.2,126.0,126.1,34668,2019-08-19,2019,125.13333333333333,124.11666666666666,127.28333333333333,128.41666666666669,127.4,125.25,127.0,126.15,126.26666666666667,125.44536666666666,124.93796666666667,127.08796666666667,127.59536666666666,121.96666666666665,130.56666666666666,,,0.0,0.0,0.0,11,35
2019-08-19 11:40:00,126.1,126.15,126.0,126.15,40942,2019-08-19,2019,125.13333333333333,124.11666666666666,127.28333333333333,128.41666666666669,127.4,125.25,127.0,126.15,126.26666666666667,125.44536666666666,124.93796666666667,127.08796666666667,127.59536666666666,121.96666666666665,130.56666666666666,,,0.0,0.0,0.0,11,40
2019-08-19 11:45:00,126.15,126.2,126.05,126.15,14736,2019-08-19,2019,125.13333333333333,124.11666666666666,127.28333333333333,128.41666666666669,127.4,125.25,127.0,126.15,126.26666666666667,125.44536666666666,124.93796666666667,127.08796666666667,127.59536666666666,121.96666666666665,130.56666666666666,,,0.0,0.0,0.0,11,45
2019-08-19 11:50:00,126.15,126.25,126.0,126.15,15976,2019-08-19,2019,125.13333333333333,124.11666666666666,127.28333333333333,128.41666666666669,127.4,125.25,127.0,126.15,126.26666666666667,125.44536666666666,124.93796666666667,127.08796666666667,127.59536666666666,121.96666666666665,130.56666666666666,,,0.0,0.0,0.0,11,50
2019-08-19 11:55:00,126.1,126.25,126.1,126.2,17257,2019-08-19,2019,125.13333333333333,124.11666666666666,127.28333333333333,128.41666666666669,127.4,125.25,127.0,126.15,126.26666666666667,125.44536666666666,124.93796666666667,127.08796666666667,127.59536666666666,121.96666666666665,130.56666666666666,,,0.0,0.0,0.0,11,55
2019-08-19 12:00:00,126.2,126.3,126.15,126.3,39342,2019-08-19,2019,125.13333333333333,124.11666666666666,127.28333333333333,128.41666666666669,127.4,125.25,127.0,126.15,126.26666666666667,125.44536666666666,124.93796666666667,127.08796666666667,127.59536666666666,121.96666666666665,130.56666666666666,,,0.0,0.0,0.0,12,0
2019-08-19 12:05:00,126.3,126.45,126.2,126.4,64647,2019-08-19,2019,125.13333333333333,124.11666666666666,127.28333333333333,128.41666666666669,127.4,125.25,127.0,126.15,126.26666666666667,125.44536666666666,124.93796666666667,127.08796666666667,127.59536666666666,121.96666666666665,130.56666666666666,,,0.0,0.0,0.0,12,5
2019-08-19 12:10:00,126.4,126.5,126.3,126.4,66556,2019-08-19,2019,125.13333333333333,124.11666666666666,127.28333333333333,128.41666666666669,127.4,125.25,127.0,126.15,126.26666666666667,125.44536666666666,124.93796666666667,127.08796666666667,127.59536666666666,121.96666666666665,130.56666666666666,,,0.0,0.0,0.0,12,10
2019-08-19 12:15:00,126.4,126.45,126.25,126.3,22665,2019-08-19,2019,125.13333333333333,124.11666666666666,127.28333333333333,128.41666666666669,127.4,125.25,127.0,126.15,126.26666666666667,125.44536666666666,124.93796666666667,127.08796666666667,127.59536666666666,121.96666666666665,130.56666666666666,,,0.0,0.0,0.0,12,15
2019-08-19 12:20:00,126.3,126.3,126.05,126.05,26703,2019-08-19,2019,125.13333333333333,124.11666666666666,127.28333333333333,128.41666666666669,127.4,125.25,127.0,126.15,126.26666666666667,125.44536666666666,124.93796666666667,127.08796666666667,127.59536666666666,121.96666666666665,130.56666666666666,,,0.0,0.0,0.0,12,20
2019-08-19 12:25:00,126.05,126.2,126.0,126.2,22660,2019-08-19,2019,125.13333333333333,124.11666666666666,127.28333333333333,128.41666666666669,127.4,125.25,127.0,126.15,126.26666666666667,125.44536666666666,124.93796666666667,127.08796666666667,127.59536666666666,121.96666666666665,130.56666666666666,,,0.0,0.0,0.0,12,25
2019-08-19 12:30:00,126.2,126.3,126.1,126.2,56399,2019-08-19,2019,125.13333333333333,124.11666666666666,127.28333333333333,128.41666666666669,127.4,125.25,127.0,126.15,126.26666666666667,125.44536666666666,124.93796666666667,127.08796666666667,127.59536666666666,121.96666666666665,130.56666666666666,,,0.0,0.0,0.0,12,30
2019-08-19 12:35:00,126.1,126.2,126.05,126.1,6793,2019-08-19,2019,125.13333333333333,124.11666666666666,127.28333333333333,128.41666666666669,127.4,125.25,127.0,126.15,126.26666666666667,125.44536666666666,124.93796666666667,127.08796666666667,127.59536666666666,121.96666666666665,130.56666666666666,,,0.0,0.0,0.0,12,35
2019-08-19 12:40:00,126.1,126.3,126.05,126.1,35930,2019-08-19,2019,125.13333333333333,124.11666666666666,127.28333333333333,128.41666666666669,127.4,125.25,127.0,126.15,126.26666666666667,125.44536666666666,124.93796666666667,127.08796666666667,127.59536666666666,121.96666666666665,130.56666666666666,,,0.0,0.0,0.0,12,40
2019-08-19 12:45:00,126.1,126.15,125.95,126.15,42749,2019-08-19,2019,125.13333333333333,124.11666666666666,127.28333333333333,128.41666666666669,127.4,125.25,127.0,126.15,126.26666666666667,125.44536666666666,124.93796666666667,127.08796666666667,127.59536666666666,121.96666666666665,130.56666666666666,,,0.0,0.0,0.0,12,45
2019-08-19 12:50:00,126.05,126.15,125.95,126.05,33335,2019-08-19,2019,125.13333333333333,124.11666666666666,127.28333333333333,128.41666666666669,127.4,125.25,127.0,126.15,126.26666666666667,125.44536666666666,124.93796666666667,127.08796666666667,127.59536666666666,121.96666666666665,130.56666666666666,,,0.0,0.0,0.0,12,50
2019-08-19 12:55:00,126.05,126.05,125.75,125.95,78502,2019-08-19,2019,125.13333333333333,124.11666666666666,127.28333333333333,128.41666666666669,127.4,125.25,127.0,126.15,126.26666666666667,125.44536666666666,124.93796666666667,127.08796666666667,127.59536666666666,121.96666666666665,130.56666666666666,,,0.0,0.0,0.0,12,55
2019-08-19 13:00:00,125.95,126.0,125.85,125.85,32408,2019-08-19,2019,125.13333333333333,124.11666666666666,127.28333333333333,128.41666666666669,127.4,125.25,127.0,126.15,126.26666666666667,125.44536666666666,124.93796666666667,127.08796666666667,127.59536666666666,121.96666666666665,130.56666666666666,,,0.0,0.0,0.0,13,0
2019-08-19 13:05:00,125.85,126.0,125.8,126.0,16153,2019-08-19,2019,125.13333333333333,124.11666666666666,127.28333333333333,128.41666666666669,127.4,125.25,127.0,126.15,126.26666666666667,125.44536666666666,124.93796666666667,127.08796666666667,127.59536666666666,121.96666666666665,130.56666666666666,,,0.0,0.0,0.0,13,5
2019-08-19 13:10:00,126.0,126.0,125.75,125.8,30779,2019-08-19,2019,125.13333333333333,124.11666666666666,127.28333333333333,128.41666666666669,127.4,125.25,127.0,126.15,126.26666666666667,125.44536666666666,124.93796666666667,127.08796666666667,127.59536666666666,121.96666666666665,130.56666666666666,,,0.0,0.0,0.0,13,10
2019-08-19 13:15:00,125.8,126.0,125.8,126.0,15431,2019-08-19,2019,125.13333333333333,124.11666666666666,127.28333333333333,128.41666666666669,127.4,125.25,127.0,126.15,126.26666666666667,125.44536666666666,124.93796666666667,127.08796666666667,127.59536666666666,121.96666666666665,130.56666666666666,,,0.0,0.0,0.0,13,15
2019-08-19 13:20:00,126.0,126.1,125.8,125.85,16730,2019-08-19,2019,125.13333333333333,124.11666666666666,127.28333333333333,128.41666666666669,127.4,125.25,127.0,126.15,126.26666666666667,125.44536666666666,124.93796666666667,127.08796666666667,127.59536666666666,121.96666666666665,130.56666666666666,,,0.0,0.0,0.0,13,20
2019-08-19 13:25:00,125.8,125.85,125.7,125.8,47115,2019-08-19,2019,125.13333333333333,124.11666666666666,127.28333333333333,128.41666666666669,127.4,125.25,127.0,126.15,126.26666666666667,125.44536666666666,124.93796666666667,127.08796666666667,127.59536666666666,121.96666666666665,130.56666666666666,,,0.0,0.0,0.0,13,25
2019-08-19 13:30:00,125.8,125.85,125.55,125.6,52944,2019-08-19,2019,125.13333333333333,124.11666666666666,127.28333333333333,128.41666666666669,127.4,125.25,127.0,126.15,126.26666666666667,125.44536666666666,124.93796666666667,127.08796666666667,127.59536666666666,121.96666666666665,130.56666666666666,,,0.0,0.0,0.0,13,30
2019-08-19 13:35:00,125.6,125.75,125.3,125.6,94911,2019-08-19,2019,125.13333333333333,124.11666666666666,127.28333333333333,128.41666666666669,127.4,125.25,127.0,126.15,126.26666666666667,125.44536666666666,124.93796666666667,127.08796666666667,127.59536666666666,121.96666666666665,130.56666666666666,,,0.0,0.0,0.0,13,35
2019-08-19 13:40:00,125.6,125.85,125.6,125.75,40337,2019-08-19,2019,125.13333333333333,124.11666666666666,127.28333333333333,128.41666666666669,127.4,125.25,127.0,126.15,126.26666666666667,125.44536666666666,124.93796666666667,127.08796666666667,127.59536666666666,121.96666666666665,130.56666666666666,,,0.0,0.0,0.0,13,40
2019-08-19 13:45:00,125.8,125.8,125.55,125.6,16160,2019-08-19,2019,125.13333333333333,124.11666666666666,127.28333333333333,128.41666666666669,127.4,125.25,127.0,126.15,126.26666666666667,125.44536666666666,124.93796666666667,127.08796666666667,127.59536666666666,121.96666666666665,130.56666666666666,,,0.0,0.0,0.0,13,45
2019-08-19 13:50:00,125.6,125.7,125.5,125.6,26858,2019-08-19,2019,125.13333333333333,124.11666666666666,127.28333333333333,128.41666666666669,127.4,125.25,127.0,126.15,126.26666666666667,125.44536666666666,124.93796666666667,127.08796666666667,127.59536666666666,121.96666666666665,130.56666666666666,,,0.0,0.0,0.0,13,50
2019-08-19 13:55:00,125.6,125.65,125.4,125.65,59382,2019-08-19,2019,125.13333333333333,124.11666666666666,127.28333333333333,128.41666666666669,127.4,125.25,127.0,126.15,126.26666666666667,125.44536666666666,124.93796666666667,127.08796666666667,127.59536666666666,121.96666666666665,130.56666666666666,,,0.0,0.0,0.0,13,55
2019-08-19 14:00:00,125.65,125.7,125.5,125.6,28047,2019-08-19,2019,125.13333333333333,124.11666666666666,127.28333333333333,128.41666666666669,127.4,125.25,127.0,126.15,126.26666666666667,125.44536666666666,124.93796666666667,127.08796666666667,127.59536666666666,121.96666666666665,130.56666666666666,,,0.0,0.0,0.0,14,0
2019-08-19 14:05:00,125.6,125.7,125.55,125.7,20671,2019-08-19,2019,125.13333333333333,124.11666666666666,127.28333333333333,128.41666666666669,127.4,125.25,127.0,126.15,126.26666666666667,125.44536666666666,124.93796666666667,127.08796666666667,127.59536666666666,121.96666666666665,130.56666666666666,,,0.0,0.0,0.0,14,5
2019-08-19 14:10:00,125.7,125.8,125.65,125.75,20868,2019-08-19,2019,125.13333333333333,124.11666666666666,127.28333333333333,128.41666666666669,127.4,125.25,127.0,126.15,126.26666666666667,125.44536666666666,124.93796666666667,127.08796666666667,127.59536666666666,121.96666666666665,130.56666666666666,,,0.0,0.0,0.0,14,10
2019-08-19 14:15:00,125.75,125.75,125.5,125.6,51762,2019-08-19,2019,125.13333333333333,124.11666666666666,127.28333333333333,128.41666666666669,127.4,125.25,127.0,126.15,126.26666666666667,125.44536666666666,124.93796666666667,127.08796666666667,127.59536666666666,121.96666666666665,130.56666666666666,,,0.0,0.0,0.0,14,15
2019-08-19 14:20:00,125.55,125.6,125.45,125.55,72612,2019-08-19,2019,125.13333333333333,124.11666666666666,127.28333333333333,128.41666666666669,127.4,125.25,127.0,126.15,126.26666666666667,125.44536666666666,124.93796666666667,127.08796666666667,127.59536666666666,121.96666666666665,130.56666666666666,,,0.0,0.0,0.0,14,20
2019-08-19 14:25:00,125.55,125.6,125.45,125.55,137368,2019-08-19,2019,125.13333333333333,124.11666666666666,127.28333333333333,128.41666666666669,127.4,125.25,127.0,126.15,126.26666666666667,125.44536666666666,124.93796666666667,127.08796666666667,127.59536666666666,121.96666666666665,130.56666666666666,,,0.0,0.0,0.0,14,25
2019-08-19 14:30:00,125.5,125.7,125.35,125.55,140651,2019-08-19,2019,125.13333333333333,124.11666666666666,127.28333333333333,128.41666666666669,127.4,125.25,127.0,126.15,126.26666666666667,125.44536666666666,124.93796666666667,127.08796666666667,127.59536666666666,121.96666666666665,130.56666666666666,,,0.0,0.0,0.0,14,30
2019-08-19 14:35:00,125.55,125.6,125.45,125.55,106028,2019-08-19,2019,125.13333333333333,124.11666666666666,127.28333333333333,128.41666666666669,127.4,125.25,127.0,126.15,126.26666666666667,125.44536666666666,124.93796666666667,127.08796666666667,127.59536666666666,121.96666666666665,130.56666666666666,,,0.0,0.0,0.0,14,35
2019-08-19 14:40:00,125.55,125.7,125.5,125.5,76681,2019-08-19,2019,125.13333333333333,124.11666666666666,127.28333333333333,128.41666666666669,127.4,125.25,127.0,126.15,126.26666666666667,125.44536666666666,124.93796666666667,127.08796666666667,127.59536666666666,121.96666666666665,130.56666666666666,,,0.0,0.0,0.0,14,40
2019-08-19 14:45:00,125.5,125.8,125.5,125.55,86671,2019-08-19,2019,125.13333333333333,124.11666666666666,127.28333333333333,128.41666666666669,127.4,125.25,127.0,126.15,126.26666666666667,125.44536666666666,124.93796666666667,127.08796666666667,127.59536666666666,121.96666666666665,130.56666666666666,,,0.0,0.0,0.0,14,45
2019-08-19 14:50:00,125.55,125.6,125.5,125.55,26439,2019-08-19,2019,125.13333333333333,124.11666666666666,127.28333333333333,128.41666666666669,127.4,125.25,127.0,126.15,126.26666666666667,125.44536666666666,124.93796666666667,127.08796666666667,127.59536666666666,121.96666666666665,130.56666666666666,,,0.0,0.0,0.0,14,50
2019-08-19 14:55:00,125.55,125.6,125.5,125.5,28402,2019-08-19,2019,125.13333333333333,124.11666666666666,127.28333333333333,128.41666666666669,127.4,125.25,127.0,126.15,126.26666666666667,125.44536666666666,124.93796666666667,127.08796666666667,127.59536666666666,121.96666666666665,130.56666666666666,,,0.0,0.0,0.0,14,55
2019-08-19 15:00:00,125.55,125.6,125.5,125.5,121217,2019-08-19,2019,125.13333333333333,124.11666666666666,127.28333333333333,128.41666666666669,127.4,125.25,127.0,126.15,126.26666666666667,125.44536666666666,124.93796666666667,127.08796666666667,127.59536666666666,121.96666666666665,130.56666666666666,,,0.0,0.0,0.0,15,0
2019-08-19 15:05:00,125.5,125.6,125.45,125.55,139762,2019-08-19,2019,125.13333333333333,124.11666666666666,127.28333333333333,128.41666666666669,127.4,125.25,127.0,126.15,126.26666666666667,125.44536666666666,124.93796666666667,127.08796666666667,127.59536666666666,121.96666666666665,130.56666666666666,,,0.0,0.0,0.0,15,5
2019-08-19 15:10:00,125.55,125.85,125.5,125.8,169046,2019-08-19,2019,125.13333333333333,124.11666666666666,127.28333333333333,128.41666666666669,127.4,125.25,127.0,126.15,126.26666666666667,125.44536666666666,124.93796666666667,127.08796666666667,127.59536666666666,121.96666666666665,130.56666666666666,,,0.0,0.0,0.0,15,10
2019-08-19 15:15:00,125.8,126.15,125.8,126.05,319703,2019-08-19,2019,125.13333333333333,124.11666666666666,127.28333333333333,128.41666666666669,127.4,125.25,127.0,126.15,126.26666666666667,125.44536666666666,124.93796666666667,127.08796666666667,127.59536666666666,121.96666666666665,130.56666666666666,,,0.0,0.0,0.0,15,15
2019-08-19 15:20:00,126.05,126.05,125.95,126.0,139100,2019-08-19,2019,125.13333333333333,124.11666666666666,127.28333333333333,128.41666666666669,127.4,125.25,127.0,126.15,126.26666666666667,125.44536666666666,124.93796666666667,127.08796666666667,127.59536666666666,121.96666666666665,130.56666666666666,Exit,Buy,126.0,0.0,0.0,15,20
2019-08-19 15:25:00,126.0,126.05,125.9,126.0,149092,2019-08-19,2019,125.13333333333333,124.11666666666666,127.28333333333333,128.41666666666669,127.4,125.25,127.0,126.15,126.26666666666667,125.44536666666666,124.93796666666667,127.08796666666667,127.59536666666666,121.96666666666665,130.56666666666666,,,0.0,0.0,0.0,15,25
2019-08-20 09:15:00,126.0,126.0,124.45,124.9,298759,2019-08-20,2019,125.06666666666666,124.13333333333333,127.16666666666667,128.33333333333334,127.4,125.3,126.35,126.0,126.23333333333333,125.43113333333334,124.93553333333332,127.03553333333333,127.53113333333334,122.03333333333332,130.43333333333334,,,0.0,0.0,0.0,9,15
2019-08-20 09:20:00,124.85,124.9,124.4,124.45,136801,2019-08-20,2019,125.06666666666666,124.13333333333333,127.16666666666667,128.33333333333334,127.4,125.3,126.35,126.0,126.23333333333333,125.43113333333334,124.93553333333332,127.03553333333333,127.53113333333334,122.03333333333332,130.43333333333334,,,0.0,0.0,0.0,9,20
2019-08-20 09:25:00,124.5,124.9,124.3,124.7,115406,2019-08-20,2019,125.06666666666666,124.13333333333333,127.16666666666667,128.33333333333334,127.4,125.3,126.35,126.0,126.23333333333333,125.43113333333334,124.93553333333332,127.03553333333333,127.53113333333334,122.03333333333332,130.43333333333334,,,0.0,0.0,0.0,9,25
2019-08-20 09:30:00,124.75,124.75,124.35,124.6,114221,2019-08-20,2019,125.06666666666666,124.13333333333333,127.16666666666667,128.33333333333334,127.4,125.3,126.35,126.0,126.23333333333333,125.43113333333334,124.93553333333332,127.03553333333333,127.53113333333334,122.03333333333332,130.43333333333334,,,0.0,0.0,0.0,9,30
2019-08-20 09:35:00,124.6,124.6,124.0,124.0,132583,2019-08-20,2019,125.06666666666666,124.13333333333333,127.16666666666667,128.33333333333334,127.4,125.3,126.35,126.0,126.23333333333333,125.43113333333334,124.93553333333332,127.03553333333333,127.53113333333334,122.03333333333332,130.43333333333334,,,0.0,0.0,0.0,9,35
2019-08-20 09:40:00,124.05,124.25,123.85,124.2,198302,2019-08-20,2019,125.06666666666666,124.13333333333333,127.16666666666667,128.33333333333334,127.4,125.3,126.35,126.0,126.23333333333333,125.43113333333334,124.93553333333332,127.03553333333333,127.53113333333334,122.03333333333332,130.43333333333334,,,0.0,0.0,0.0,9,40
2019-08-20 09:45:00,124.2,124.65,124.1,124.55,118652,2019-08-20,2019,125.06666666666666,124.13333333333333,127.16666666666667,128.33333333333334,127.4,125.3,126.35,126.0,126.23333333333333,125.43113333333334,124.93553333333332,127.03553333333333,127.53113333333334,122.03333333333332,130.43333333333334,,,0.0,0.0,0.0,9,45
2019-08-20 09:50:00,124.55,124.65,124.4,124.5,54559,2019-08-20,2019,125.06666666666666,124.13333333333333,127.16666666666667,128.33333333333334,127.4,125.3,126.35,126.0,126.23333333333333,125.43113333333334,124.93553333333332,127.03553333333333,127.53113333333334,122.03333333333332,130.43333333333334,,,0.0,0.0,0.0,9,50
2019-08-20 09:55:00,124.5,124.75,124.35,124.65,107996,2019-08-20,2019,125.06666666666666,124.13333333333333,127.16666666666667,128.33333333333334,127.4,125.3,126.35,126.0,126.23333333333333,125.43113333333334,124.93553333333332,127.03553333333333,127.53113333333334,122.03333333333332,130.43333333333334,,,0.0,0.0,0.0,9,55
2019-08-20 10:00:00,124.65,124.8,124.5,124.6,81562,2019-08-20,2019,125.06666666666666,124.13333333333333,127.16666666666667,128.33333333333334,127.4,125.3,126.35,126.0,126.23333333333333,125.43113333333334,124.93553333333332,127.03553333333333,127.53113333333334,122.03333333333332,130.43333333333334,,,0.0,0.0,0.0,10,0
2019-08-20 10:05:00,124.65,124.7,123.5,123.55,315281,2019-08-20,2019,125.06666666666666,124.13333333333333,127.16666666666667,128.33333333333334,127.4,125.3,126.35,126.0,126.23333333333333,125.43113333333334,124.93553333333332,127.03553333333333,127.53113333333334,122.03333333333332,130.43333333333334,,,0.0,0.0,0.0,10,5
2019-08-20 10:10:00,123.65,124.05,123.4,123.8,268963,2019-08-20,2019,125.06666666666666,124.13333333333333,127.16666666666667,128.33333333333334,127.4,125.3,126.35,126.0,126.23333333333333,125.43113333333334,124.93553333333332,127.03553333333333,127.53113333333334,122.03333333333332,130.43333333333334,,,0.0,0.0,0.0,10,10
2019-08-20 10:15:00,123.8,123.95,123.5,123.65,144376,2019-08-20,2019,125.06666666666666,124.13333333333333,127.16666666666667,128.33333333333334,127.4,125.3,126.35,126.0,126.23333333333333,125.43113333333334,124.93553333333332,127.03553333333333,127.53113333333334,122.03333333333332,130.43333333333334,,,0.0,0.0,0.0,10,15
2019-08-20 10:20:00,123.65,123.85,123.5,123.8,65111,2019-08-20,2019,125.06666666666666,124.13333333333333,127.16666666666667,128.33333333333334,127.4,125.3,126.35,126.0,126.23333333333333,125.43113333333334,124.93553333333332,127.03553333333333,127.53113333333334,122.03333333333332,130.43333333333334,,,0.0,0.0,0.0,10,20
2019-08-20 10:25:00,123.8,123.95,123.7,123.85,38380,2019-08-20,2019,125.06666666666666,124.13333333333333,127.16666666666667,128.33333333333334,127.4,125.3,126.35,126.0,126.23333333333333,125.43113333333334,124.93553333333332,127.03553333333333,127.53113333333334,122.03333333333332,130.43333333333334,,,0.0,0.0,0.0,10,25
2019-08-20 10:30:00,123.85,123.95,123.7,123.95,21828,2019-08-20,2019,125.06666666666666,124.13333333333333,127.16666666666667,128.33333333333334,127.4,125.3,126.35,126.0,126.23333333333333,125.43113333333334,124.93553333333332,127.03553333333333,127.53113333333334,122.03333333333332,130.43333333333334,,,0.0,0.0,0.0,10,30
2019-08-20 10:35:00,123.95,123.95,123.6,123.8,106200,2019-08-20,2019,125.06666666666666,124.13333333333333,127.16666666666667,128.33333333333334,127.4,125.3,126.35,126.0,126.23333333333333,125.43113333333334,124.93553333333332,127.03553333333333,127.53113333333334,122.03333333333332,130.43333333333334,,,0.0,0.0,0.0,10,35
2019-08-20 10:40:00,123.8,124.35,123.75,124.1,122536,2019-08-20,2019,125.06666666666666,124.13333333333333,127.16666666666667,128.33333333333334,127.4,125.3,126.35,126.0,126.23333333333333,125.43113333333334,124.93553333333332,127.03553333333333,127.53113333333334,122.03333333333332,130.43333333333334,,,0.0,0.0,0.0,10,40
2019-08-20 10:45:00,124.1,124.1,123.75,123.9,66606,2019-08-20,2019,125.06666666666666,124.13333333333333,127.16666666666667,128.33333333333334,127.4,125.3,126.35,126.0,126.23333333333333,125.43113333333334,124.93553333333332,127.03553333333333,127.53113333333334,122.03333333333332,130.43333333333334,,,0.0,0.0,0.0,10,45
2019-08-20 10:50:00,123.9,124.3,123.9,124.1,66459,2019-08-20,2019,125.06666666666666,124.13333333333333,127.16666666666667,128.33333333333334,127.4,125.3,126.35,126.0,126.23333333333333,125.43113333333334,124.93553333333332,127.03553333333333,127.53113333333334,122.03333333333332,130.43333333333334,,,0.0,0.0,0.0,10,50
2019-08-20 10:55:00,124.1,124.25,124.0,124.25,28537,2019-08-20,2019,125.06666666666666,124.13333333333333,127.16666666666667,128.33333333333334,127.4,125.3,126.35,126.0,126.23333333333333,125.43113333333334,124.93553333333332,127.03553333333333,127.53113333333334,122.03333333333332,130.43333333333334,,,0.0,0.0,0.0,10,55
2019-08-20 11:00:00,124.25,124.45,124.2,124.45,86590,2019-08-20,2019,125.06666666666666,124.13333333333333,127.16666666666667,128.33333333333334,127.4,125.3,126.35,126.0,126.23333333333333,125.43113333333334,124.93553333333332,127.03553333333333,127.53113333333334,122.03333333333332,130.43333333333334,,,0.0,0.0,0.0,11,0
2019-08-20 11:05:00,124.45,124.5,124.25,124.3,96711,2019-08-20,2019,125.06666666666666,124.13333333333333,127.16666666666667,128.33333333333334,127.4,125.3,126.35,126.0,126.23333333333333,125.43113333333334,124.93553333333332,127.03553333333333,127.53113333333334,122.03333333333332,130.43333333333334,,,0.0,0.0,0.0,11,5
2019-08-20 11:10:00,124.3,124.5,124.15,124.2,50885,2019-08-20,2019,125.06666666666666,124.13333333333333,127.16666666666667,128.33333333333334,127.4,125.3,126.35,126.0,126.23333333333333,125.43113333333334,124.93553333333332,127.03553333333333,127.53113333333334,122.03333333333332,130.43333333333334,,,0.0,0.0,0.0,11,10
2019-08-20 11:15:00,124.2,124.2,123.8,123.85,74720,2019-08-20,2019,125.06666666666666,124.13333333333333,127.16666666666667,128.33333333333334,127.4,125.3,126.35,126.0,126.23333333333333,125.43113333333334,124.93553333333332,127.03553333333333,127.53113333333334,122.03333333333332,130.43333333333334,,,0.0,0.0,0.0,11,15
2019-08-20 11:20:00,123.85,123.85,123.6,123.6,86954,2019-08-20,2019,125.06666666666666,124.13333333333333,127.16666666666667,128.33333333333334,127.4,125.3,126.35,126.0,126.23333333333333,125.43113333333334,124.93553333333332,127.03553333333333,127.53113333333334,122.03333333333332,130.43333333333334,,,0.0,0.0,0.0,11,20
2019-08-20 11:25:00,123.65,124.1,123.6,124.1,52789,2019-08-20,2019,125.06666666666666,124.13333333333333,127.16666666666667,128.33333333333334,127.4,125.3,126.35,126.0,126.23333333333333,125.43113333333334,124.93553333333332,127.03553333333333,127.53113333333334,122.03333333333332,130.43333333333334,,,0.0,0.0,0.0,11,25
2019-08-20 11:30:00,124.15,124.3,124.0,124.25,45828,2019-08-20,2019,125.06666666666666,124.13333333333333,127.16666666666667,128.33333333333334,127.4,125.3,126.35,126.0,126.23333333333333,125.43113333333334,124.93553333333332,127.03553333333333,127.53113333333334,122.03333333333332,130.43333333333334,,,0.0,0.0,0.0,11,30
2019-08-20 11:35:00,124.25,124.3,124.05,124.1,28376,2019-08-20,2019,125.06666666666666,124.13333333333333,127.16666666666667,128.33333333333334,127.4,125.3,126.35,126.0,126.23333333333333,125.43113333333334,124.93553333333332,127.03553333333333,127.53113333333334,122.03333333333332,130.43333333333334,,,0.0,0.0,0.0,11,35
2019-08-20 11:40:00,124.1,124.35,124.1,124.3,49476,2019-08-20,2019,125.06666666666666,124.13333333333333,127.16666666666667,128.33333333333334,127.4,125.3,126.35,126.0,126.23333333333333,125.43113333333334,124.93553333333332,127.03553333333333,127.53113333333334,122.03333333333332,130.43333333333334,,,0.0,0.0,0.0,11,40
2019-08-20 11:45:00,124.3,124.35,124.1,124.2,39041,2019-08-20,2019,125.06666666666666,124.13333333333333,127.16666666666667,128.33333333333334,127.4,125.3,126.35,126.0,126.23333333333333,125.43113333333334,124.93553333333332,127.03553333333333,127.53113333333334,122.03333333333332,130.43333333333334,,,0.0,0.0,0.0,11,45
2019-08-20 11:50:00,124.2,124.25,124.05,124.1,47322,2019-08-20,2019,125.06666666666666,124.13333333333333,127.16666666666667,128.33333333333334,127.4,125.3,126.35,126.0,126.23333333333333,125.43113333333334,124.93553333333332,127.03553333333333,127.53113333333334,122.03333333333332,130.43333333333334,,,0.0,0.0,0.0,11,50
2019-08-20 11:55:00,124.1,124.1,123.95,124.0,45190,2019-08-20,2019,125.06666666666666,124.13333333333333,127.16666666666667,128.33333333333334,127.4,125.3,126.35,126.0,126.23333333333333,125.43113333333334,124.93553333333332,127.03553333333333,127.53113333333334,122.03333333333332,130.43333333333334,,,0.0,0.0,0.0,11,55
2019-08-20 12:00:00,124.0,124.25,124.0,124.25,29524,2019-08-20,2019,125.06666666666666,124.13333333333333,127.16666666666667,128.33333333333334,127.4,125.3,126.35,126.0,126.23333333333333,125.43113333333334,124.93553333333332,127.03553333333333,127.53113333333334,122.03333333333332,130.43333333333334,,,0.0,0.0,0.0,12,0
2019-08-20 12:05:00,124.25,124.25,123.85,124.0,91223,2019-08-20,2019,125.06666666666666,124.13333333333333,127.16666666666667,128.33333333333334,127.4,125.3,126.35,126.0,126.23333333333333,125.43113333333334,124.93553333333332,127.03553333333333,127.53113333333334,122.03333333333332,130.43333333333334,,,0.0,0.0,0.0,12,5
2019-08-20 12:10:00,123.95,124.25,123.95,124.25,27871,2019-08-20,2019,125.06666666666666,124.13333333333333,127.16666666666667,128.33333333333334,127.4,125.3,126.35,126.0,126.23333333333333,125.43113333333334,124.93553333333332,127.03553333333333,127.53113333333334,122.03333333333332,130.43333333333334,,,0.0,0.0,0.0,12,10
2019-08-20 12:15:00,124.25,124.3,124.0,124.0,63334,2019-08-20,2019,125.06666666666666,124.13333333333333,127.16666666666667,128.33333333333334,127.4,125.3,126.35,126.0,126.23333333333333,125.43113333333334,124.93553333333332,127.03553333333333,127.53113333333334,122.03333333333332,130.43333333333334,,,0.0,0.0,0.0,12,15
2019-08-20 12:20:00,124.05,124.2,124.0,124.2,29729,2019-08-20,2019,125.06666666666666,124.13333333333333,127.16666666666667,128.33333333333334,127.4,125.3,126.35,126.0,126.23333333333333,125.43113333333334,124.93553333333332,127.03553333333333,127.53113333333334,122.03333333333332,130.43333333333334,,,0.0,0.0,0.0,12,20
2019-08-20 12:25:00,124.2,124.45,124.05,124.35,51280,2019-08-20,2019,125.06666666666666,124.13333333333333,127.16666666666667,128.33333333333334,127.4,125.3,126.35,126.0,126.23333333333333,125.43113333333334,124.93553333333332,127.03553333333333,127.53113333333334,122.03333333333332,130.43333333333334,,,0.0,0.0,0.0,12,25
2019-08-20 12:30:00,124.35,124.4,124.2,124.35,58535,2019-08-20,2019,125.06666666666666,124.13333333333333,127.16666666666667,128.33333333333334,127.4,125.3,126.35,126.0,126.23333333333333,125.43113333333334,124.93553333333332,127.03553333333333,127.53113333333334,122.03333333333332,130.43333333333334,,,0.0,0.0,0.0,12,30
2019-08-20 12:35:00,124.35,124.35,124.1,124.2,24895,2019-08-20,2019,125.06666666666666,124.13333333333333,127.16666666666667,128.33333333333334,127.4,125.3,126.35,126.0,126.23333333333333,125.43113333333334,124.93553333333332,127.03553333333333,127.53113333333334,122.03333333333332,130.43333333333334,,,0.0,0.0,0.0,12,35
2019-08-20 12:40:00,124.2,124.3,124.0,124.0,26119,2019-08-20,2019,125.06666666666666,124.13333333333333,127.16666666666667,128.33333333333334,127.4,125.3,126.35,126.0,126.23333333333333,125.43113333333334,124.93553333333332,127.03553333333333,127.53113333333334,122.03333333333332,130.43333333333334,,,0.0,0.0,0.0,12,40
2019-08-20 12:45:00,124.05,124.45,124.0,124.35,70783,2019-08-20,2019,125.06666666666666,124.13333333333333,127.16666666666667,128.33333333333334,127.4,125.3,126.35,126.0,126.23333333333333,125.43113333333334,124.93553333333332,127.03553333333333,127.53113333333334,122.03333333333332,130.43333333333334,,,0.0,0.0,0.0,12,45
2019-08-20 12:50:00,124.35,124.35,124.2,124.3,43361,2019-08-20,2019,125.06666666666666,124.13333333333333,127.16666666666667,128.33333333333334,127.4,125.3,126.35,126.0,126.23333333333333,125.43113333333334,124.93553333333332,127.03553333333333,127.53113333333334,122.03333333333332,130.43333333333334,,,0.0,0.0,0.0,12,50
2019-08-20 12:55:00,124.3,124.6,124.25,124.3,85032,2019-08-20,2019,125.06666666666666,124.13333333333333,127.16666666666667,128.33333333333334,127.4,125.3,126.35,126.0,126.23333333333333,125.43113333333334,124.93553333333332,127.03553333333333,127.53113333333334,122.03333333333332,130.43333333333334,,,0.0,0.0,0.0,12,55
2019-08-20 13:00:00,124.3,124.35,124.1,124.1,35056,2019-08-20,2019,125.06666666666666,124.13333333333333,127.16666666666667,128.33333333333334,127.4,125.3,126.35,126.0,126.23333333333333,125.43113333333334,124.93553333333332,127.03553333333333,127.53113333333334,122.03333333333332,130.43333333333334,,,0.0,0.0,0.0,13,0
2019-08-20 13:05:00,124.1,124.25,124.05,124.2,20825,2019-08-20,2019,125.06666666666666,124.13333333333333,127.16666666666667,128.33333333333334,127.4,125.3,126.35,126.0,126.23333333333333,125.43113333333334,124.93553333333332,127.03553333333333,127.53113333333334,122.03333333333332,130.43333333333334,,,0.0,0.0,0.0,13,5
2019-08-20 13:10:00,124.2,124.35,124.1,124.35,51695,2019-08-20,2019,125.06666666666666,124.13333333333333,127.16666666666667,128.33333333333334,127.4,125.3,126.35,126.0,126.23333333333333,125.43113333333334,124.93553333333332,127.03553333333333,127.53113333333334,122.03333333333332,130.43333333333334,,,0.0,0.0,0.0,13,10
2019-08-20 13:15:00,124.35,124.65,124.25,124.55,124562,2019-08-20,2019,125.06666666666666,124.13333333333333,127.16666666666667,128.33333333333334,127.4,125.3,126.35,126.0,126.23333333333333,125.43113333333334,124.93553333333332,127.03553333333333,127.53113333333334,122.03333333333332,130.43333333333334,,,0.0,0.0,0.0,13,15
2019-08-20 13:20:00,124.5,124.7,124.4,124.45,66059,2019-08-20,2019,125.06666666666666,124.13333333333333,127.16666666666667,128.33333333333334,127.4,125.3,126.35,126.0,126.23333333333333,125.43113333333334,124.93553333333332,127.03553333333333,127.53113333333334,122.03333333333332,130.43333333333334,,,0.0,0.0,0.0,13,20
2019-08-20 13:25:00,124.55,124.6,124.2,124.5,44350,2019-08-20,2019,125.06666666666666,124.13333333333333,127.16666666666667,128.33333333333334,127.4,125.3,126.35,126.0,126.23333333333333,125.43113333333334,124.93553333333332,127.03553333333333,127.53113333333334,122.03333333333332,130.43333333333334,,,0.0,0.0,0.0,13,25
2019-08-20 13:30:00,124.55,124.7,124.45,124.5,43694,2019-08-20,2019,125.06666666666666,124.13333333333333,127.16666666666667,128.33333333333334,127.4,125.3,126.35,126.0,126.23333333333333,125.43113333333334,124.93553333333332,127.03553333333333,127.53113333333334,122.03333333333332,130.43333333333334,,,0.0,0.0,0.0,13,30
2019-08-20 13:35:00,124.55,124.75,124.5,124.65,59810,2019-08-20,2019,125.06666666666666,124.13333333333333,127.16666666666667,128.33333333333334,127.4,125.3,126.35,126.0,126.23333333333333,125.43113333333334,124.93553333333332,127.03553333333333,127.53113333333334,122.03333333333332,130.43333333333334,,,0.0,0.0,0.0,13,35
2019-08-20 13:40:00,124.7,124.7,124.35,124.5,40369,2019-08-20,2019,125.06666666666666,124.13333333333333,127.16666666666667,128.33333333333334,127.4,125.3,126.35,126.0,126.23333333333333,125.43113333333334,124.93553333333332,127.03553333333333,127.53113333333334,122.03333333333332,130.43333333333334,,,0.0,0.0,0.0,13,40
2019-08-20 13:45:00,124.55,124.55,124.25,124.25,52736,2019-08-20,2019,125.06666666666666,124.13333333333333,127.16666666666667,128.33333333333334,127.4,125.3,126.35,126.0,126.23333333333333,125.43113333333334,124.93553333333332,127.03553333333333,127.53113333333334,122.03333333333332,130.43333333333334,,,0.0,0.0,0.0,13,45
2019-08-20 13:50:00,124.25,124.5,124.15,124.5,102794,2019-08-20,2019,125.06666666666666,124.13333333333333,127.16666666666667,128.33333333333334,127.4,125.3,126.35,126.0,126.23333333333333,125.43113333333334,124.93553333333332,127.03553333333333,127.53113333333334,122.03333333333332,130.43333333333334,,,0.0,0.0,0.0,13,50
2019-08-20 13:55:00,124.5,124.55,124.2,124.35,226963,2019-08-20,2019,125.06666666666666,124.13333333333333,127.16666666666667,128.33333333333334,127.4,125.3,126.35,126.0,126.23333333333333,125.43113333333334,124.93553333333332,127.03553333333333,127.53113333333334,122.03333333333332,130.43333333333334,,,0.0,0.0,0.0,13,55
2019-08-20 14:00:00,124.35,124.8,124.35,124.6,137639,2019-08-20,2019,125.06666666666666,124.13333333333333,127.16666666666667,128.33333333333334,127.4,125.3,126.35,126.0,126.23333333333333,125.43113333333334,124.93553333333332,127.03553333333333,127.53113333333334,122.03333333333332,130.43333333333334,,,0.0,0.0,0.0,14,0
2019-08-20 14:05:00,124.6,124.8,124.5,124.55,28699,2019-08-20,2019,125.06666666666666,124.13333333333333,127.16666666666667,128.33333333333334,127.4,125.3,126.35,126.0,126.23333333333333,125.43113333333334,124.93553333333332,127.03553333333333,127.53113333333334,122.03333333333332,130.43333333333334,,,0.0,0.0,0.0,14,5
2019-08-20 14:10:00,124.55,124.7,124.45,124.5,39695,2019-08-20,2019,125.06666666666666,124.13333333333333,127.16666666666667,128.33333333333334,127.4,125.3,126.35,126.0,126.23333333333333,125.43113333333334,124.93553333333332,127.03553333333333,127.53113333333334,122.03333333333332,130.43333333333334,,,0.0,0.0,0.0,14,10
2019-08-20 14:15:00,124.5,124.5,124.25,124.3,32587,2019-08-20,2019,125.06666666666666,124.13333333333333,127.16666666666667,128.33333333333334,127.4,125.3,126.35,126.0,126.23333333333333,125.43113333333334,124.93553333333332,127.03553333333333,127.53113333333334,122.03333333333332,130.43333333333334,,,0.0,0.0,0.0,14,15
2019-08-20 14:20:00,124.3,124.55,124.25,124.35,29158,2019-08-20,2019,125.06666666666666,124.13333333333333,127.16666666666667,128.33333333333334,127.4,125.3,126.35,126.0,126.23333333333333,125.43113333333334,124.93553333333332,127.03553333333333,127.53113333333334,122.03333333333332,130.43333333333334,,,0.0,0.0,0.0,14,20
2019-08-20 14:25:00,124.35,124.5,124.35,124.35,24963,2019-08-20,2019,125.06666666666666,124.13333333333333,127.16666666666667,128.33333333333334,127.4,125.3,126.35,126.0,126.23333333333333,125.43113333333334,124.93553333333332,127.03553333333333,127.53113333333334,122.03333333333332,130.43333333333334,,,0.0,0.0,0.0,14,25
2019-08-20 14:30:00,124.35,124.4,124.3,124.3,41498,2019-08-20,2019,125.06666666666666,124.13333333333333,127.16666666666667,128.33333333333334,127.4,125.3,126.35,126.0,126.23333333333333,125.43113333333334,124.93553333333332,127.03553333333333,127.53113333333334,122.03333333333332,130.43333333333334,,,0.0,0.0,0.0,14,30
2019-08-20 14:35:00,124.35,124.35,124.15,124.25,53614,2019-08-20,2019,125.06666666666666,124.13333333333333,127.16666666666667,128.33333333333334,127.4,125.3,126.35,126.0,126.23333333333333,125.43113333333334,124.93553333333332,127.03553333333333,127.53113333333334,122.03333333333332,130.43333333333334,,,0.0,0.0,0.0,14,35
2019-08-20 14:40:00,124.25,124.35,123.95,124.1,119754,2019-08-20,2019,125.06666666666666,124.13333333333333,127.16666666666667,128.33333333333334,127.4,125.3,126.35,126.0,126.23333333333333,125.43113333333334,124.93553333333332,127.03553333333333,127.53113333333334,122.03333333333332,130.43333333333334,,,0.0,0.0,0.0,14,40
2019-08-20 14:45:00,124.05,124.15,123.7,123.95,212251,2019-08-20,2019,125.06666666666666,124.13333333333333,127.16666666666667,128.33333333333334,127.4,125.3,126.35,126.0,126.23333333333333,125.43113333333334,124.93553333333332,127.03553333333333,127.53113333333334,122.03333333333332,130.43333333333334,,,0.0,0.0,0.0,14,45
2019-08-20 14:50:00,123.9,124.3,123.8,124.25,69616,2019-08-20,2019,125.06666666666666,124.13333333333333,127.16666666666667,128.33333333333334,127.4,125.3,126.35,126.0,126.23333333333333,125.43113333333334,124.93553333333332,127.03553333333333,127.53113333333334,122.03333333333332,130.43333333333334,,,0.0,0.0,0.0,14,50
2019-08-20 14:55:00,124.3,124.3,124.1,124.2,45892,2019-08-20,2019,125.06666666666666,124.13333333333333,127.16666666666667,128.33333333333334,127.4,125.3,126.35,126.0,126.23333333333333,125.43113333333334,124.93553333333332,127.03553333333333,127.53113333333334,122.03333333333332,130.43333333333334,,,0.0,0.0,0.0,14,55
2019-08-20 15:00:00,124.2,124.3,124.0,124.05,115364,2019-08-20,2019,125.06666666666666,124.13333333333333,127.16666666666667,128.33333333333334,127.4,125.3,126.35,126.0,126.23333333333333,125.43113333333334,124.93553333333332,127.03553333333333,127.53113333333334,122.03333333333332,130.43333333333334,,,0.0,0.0,0.0,15,0
2019-08-20 15:05:00,124.1,124.3,124.05,124.25,64901,2019-08-20,2019,125.06666666666666,124.13333333333333,127.16666666666667,128.33333333333334,127.4,125.3,126.35,126.0,126.23333333333333,125.43113333333334,124.93553333333332,127.03553333333333,127.53113333333334,122.03333333333332,130.43333333333334,,,0.0,0.0,0.0,15,5
2019-08-20 15:10:00,124.3,124.35,124.2,124.3,134889,2019-08-20,2019,125.06666666666666,124.13333333333333,127.16666666666667,128.33333333333334,127.4,125.3,126.35,126.0,126.23333333333333,125.43113333333334,124.93553333333332,127.03553333333333,127.53113333333334,122.03333333333332,130.43333333333334,,,0.0,0.0,0.0,15,10
2019-08-20 15:15:00,124.3,124.4,123.9,124.1,343053,2019-08-20,2019,125.06666666666666,124.13333333333333,127.16666666666667,128.33333333333334,127.4,125.3,126.35,126.0,126.23333333333333,125.43113333333334,124.93553333333332,127.03553333333333,127.53113333333334,122.03333333333332,130.43333333333334,,,0.0,0.0,0.0,15,15
2019-08-20 15:20:00,124.05,124.25,124.0,124.15,122158,2019-08-20,2019,125.06666666666666,124.13333333333333,127.16666666666667,128.33333333333334,127.4,125.3,126.35,126.0,126.23333333333333,125.43113333333334,124.93553333333332,127.03553333333333,127.53113333333334,122.03333333333332,130.43333333333334,,,0.0,0.0,0.0,15,20
2019-08-20 15:25:00,124.15,124.2,124.05,124.15,110252,2019-08-20,2019,125.06666666666666,124.13333333333333,127.16666666666667,128.33333333333334,127.4,125.3,126.35,126.0,126.23333333333333,125.43113333333334,124.93553333333332,127.03553333333333,127.53113333333334,122.03333333333332,130.43333333333334,,,0.0,0.0,0.0,15,25
2019-08-21 09:15:00,123.9,123.9,122.6,123.4,241925,2019-08-21,2019,123.03333333333333,121.91666666666667,125.63333333333333,127.11666666666666,126.0,123.4,126.0,124.15,124.51666666666667,123.52346666666666,122.90986666666667,125.50986666666667,126.12346666666666,119.31666666666668,129.71666666666664,,,0.0,0.0,0.0,9,15
2019-08-21 09:20:00,123.25,123.3,122.75,123.0,134235,2019-08-21,2019,123.03333333333333,121.91666666666667,125.63333333333333,127.11666666666666,126.0,123.4,126.0,124.15,124.51666666666667,123.52346666666666,122.90986666666667,125.50986666666667,126.12346666666666,119.31666666666668,129.71666666666664,,,0.0,0.0,0.0,9,20
2019-08-21 09:25:00,123.0,123.0,122.7,122.85,87629,2019-08-21,2019,123.03333333333333,121.91666666666667,125.63333333333333,127.11666666666666,126.0,123.4,126.0,124.15,124.51666666666667,123.52346666666666,122.90986666666667,125.50986666666667,126.12346666666666,119.31666666666668,129.71666666666664,,,0.0,0.0,0.0,9,25
2019-08-21 09:30:00,122.85,122.9,122.3,122.55,187040,2019-08-21,2019,123.03333333333333,121.91666666666667,125.63333333333333,127.11666666666666,126.0,123.4,126.0,124.15,124.51666666666667,123.52346666666666,122.90986666666667,125.50986666666667,126.12346666666666,119.31666666666668,129.71666666666664,Entry,Sell,122.55,121.91666666666667,123.9,9,30
2019-08-21 09:35:00,122.5,122.55,122.1,122.1,94685,2019-08-21,2019,123.03333333333333,121.91666666666667,125.63333333333333,127.11666666666666,126.0,123.4,126.0,124.15,124.51666666666667,123.52346666666666,122.90986666666667,125.50986666666667,126.12346666666666,119.31666666666668,129.71666666666664,,,0.0,0.0,0.0,9,35
2019-08-21 09:40:00,122.1,122.55,122.1,122.55,88074,2019-08-21,2019,123.03333333333333,121.91666666666667,125.63333333333333,127.11666666666666,126.0,123.4,126.0,124.15,124.51666666666667,123.52346666666666,122.90986666666667,125.50986666666667,126.12346666666666,119.31666666666668,129.71666666666664,,,0.0,0.0,0.0,9,40
2019-08-21 09:45:00,122.55,122.7,122.45,122.5,70330,2019-08-21,2019,123.03333333333333,121.91666666666667,125.63333333333333,127.11666666666666,126.0,123.4,126.0,124.15,124.51666666666667,123.52346666666666,122.90986666666667,125.50986666666667,126.12346666666666,119.31666666666668,129.71666666666664,,,0.0,0.0,0.0,9,45
2019-08-21 09:50:00,122.55,122.6,122.45,122.55,44665,2019-08-21,2019,123.03333333333333,121.91666666666667,125.63333333333333,127.11666666666666,126.0,123.4,126.0,124.15,124.51666666666667,123.52346666666666,122.90986666666667,125.50986666666667,126.12346666666666,119.31666666666668,129.71666666666664,,,0.0,0.0,0.0,9,50
2019-08-21 09:55:00,122.55,122.7,122.55,122.6,26295,2019-08-21,2019,123.03333333333333,121.91666666666667,125.63333333333333,127.11666666666666,126.0,123.4,126.0,124.15,124.51666666666667,123.52346666666666,122.90986666666667,125.50986666666667,126.12346666666666,119.31666666666668,129.71666666666664,,,0.0,0.0,0.0,9,55
2019-08-21 10:00:00,122.6,122.9,122.55,122.75,91722,2019-08-21,2019,123.03333333333333,121.91666666666667,125.63333333333333,127.11666666666666,126.0,123.4,126.0,124.15,124.51666666666667,123.52346666666666,122.90986666666667,125.50986666666667,126.12346666666666,119.31666666666668,129.71666666666664,,,0.0,0.0,0.0,10,0
2019-08-21 10:05:00,122.75,122.85,122.6,122.85,74563,2019-08-21,2019,123.03333333333333,121.91666666666667,125.63333333333333,127.11666666666666,126.0,123.4,126.0,124.15,124.51666666666667,123.52346666666666,122.90986666666667,125.50986666666667,126.12346666666666,119.31666666666668,129.71666666666664,,,0.0,0.0,0.0,10,5
2019-08-21 10:10:00,122.85,123.05,122.7,122.75,97154,2019-08-21,2019,123.03333333333333,121.91666666666667,125.63333333333333,127.11666666666666,126.0,123.4,126.0,124.15,124.51666666666667,123.52346666666666,122.90986666666667,125.50986666666667,126.12346666666666,119.31666666666668,129.71666666666664,,,0.0,0.0,0.0,10,10
2019-08-21 10:15:00,122.75,122.8,122.5,122.65,85561,2019-08-21,2019,123.03333333333333,121.91666666666667,125.63333333333333,127.11666666666666,126.0,123.4,126.0,124.15,124.51666666666667,123.52346666666666,122.90986666666667,125.50986666666667,126.12346666666666,119.31666666666668,129.71666666666664,,,0.0,0.0,0.0,10,15
2019-08-21 10:20:00,122.65,122.7,122.4,122.65,56981,2019-08-21,2019,123.03333333333333,121.91666666666667,125.63333333333333,127.11666666666666,126.0,123.4,126.0,124.15,124.51666666666667,123.52346666666666,122.90986666666667,125.50986666666667,126.12346666666666,119.31666666666668,129.71666666666664,,,0.0,0.0,0.0,10,20
2019-08-21 10:25:00,122.7,122.85,122.6,122.8,53090,2019-08-21,2019,123.03333333333333,121.91666666666667,125.63333333333333,127.11666666666666,126.0,123.4,126.0,124.15,124.51666666666667,123.52346666666666,122.90986666666667,125.50986666666667,126.12346666666666,119.31666666666668,129.71666666666664,,,0.0,0.0,0.0,10,25
2019-08-21 10:30:00,122.8,123.3,122.8,123.25,128882,2019-08-21,2019,123.03333333333333,121.91666666666667,125.63333333333333,127.11666666666666,126.0,123.4,126.0,124.15,124.51666666666667,123.52346666666666,122.90986666666667,125.50986666666667,126.12346666666666,119.31666666666668,129.71666666666664,,,0.0,0.0,0.0,10,30
2019-08-21 10:35:00,123.25,123.35,123.0,123.1,82271,2019-08-21,2019,123.03333333333333,121.91666666666667,125.63333333333333,127.11666666666666,126.0,123.4,126.0,124.15,124.51666666666667,123.52346666666666,122.90986666666667,125.50986666666667,126.12346666666666,119.31666666666668,129.71666666666664,,,0.0,0.0,0.0,10,35
2019-08-21 10:40:00,123.1,123.25,123.05,123.15,41812,2019-08-21,2019,123.03333333333333,121.91666666666667,125.63333333333333,127.11666666666666,126.0,123.4,126.0,124.15,124.51666666666667,123.52346666666666,122.90986666666667,125.50986666666667,126.12346666666666,119.31666666666668,129.71666666666664,,,0.0,0.0,0.0,10,40
2019-08-21 10:45:00,123.1,123.3,123.1,123.25,91009,2019-08-21,2019,123.03333333333333,121.91666666666667,125.63333333333333,127.11666666666666,126.0,123.4,126.0,124.15,124.51666666666667,123.52346666666666,122.90986666666667,125.50986666666667,126.12346666666666,119.31666666666668,129.71666666666664,,,0.0,0.0,0.0,10,45
2019-08-21 10:50:00,123.25,123.5,123.2,123.25,95249,2019-08-21,2019,123.03333333333333,121.91666666666667,125.63333333333333,127.11666666666666,126.0,123.4,126.0,124.15,124.51666666666667,123.52346666666666,122.90986666666667,125.50986666666667,126.12346666666666,119.31666666666668,129.71666666666664,,,0.0,0.0,0.0,10,50
2019-08-21 10:55:00,123.25,123.75,123.25,123.5,148009,2019-08-21,2019,123.03333333333333,121.91666666666667,125.63333333333333,127.11666666666666,126.0,123.4,126.0,124.15,124.51666666666667,123.52346666666666,122.90986666666667,125.50986666666667,126.12346666666666,119.31666666666668,129.71666666666664,,,0.0,0.0,0.0,10,55
2019-08-21 11:00:00,123.5,123.65,123.3,123.65,58956,2019-08-21,2019,123.03333333333333,121.91666666666667,125.63333333333333,127.11666666666666,126.0,123.4,126.0,124.15,124.51666666666667,123.52346666666666,122.90986666666667,125.50986666666667,126.12346666666666,119.31666666666668,129.71666666666664,,,0.0,0.0,0.0,11,0
2019-08-21 11:05:00,123.65,123.65,123.3,123.35,26468,2019-08-21,2019,123.03333333333333,121.91666666666667,125.63333333333333,127.11666666666666,126.0,123.4,126.0,124.15,124.51666666666667,123.52346666666666,122.90986666666667,125.50986666666667,126.12346666666666,119.31666666666668,129.71666666666664,,,0.0,0.0,0.0,11,5
2019-08-21 11:10:00,123.35,123.45,123.25,123.3,58831,2019-08-21,2019,123.03333333333333,121.91666666666667,125.63333333333333,127.11666666666666,126.0,123.4,126.0,124.15,124.51666666666667,123.52346666666666,122.90986666666667,125.50986666666667,126.12346666666666,119.31666666666668,129.71666666666664,,,0.0,0.0,0.0,11,10
2019-08-21 11:15:00,123.35,123.6,123.25,123.35,106704,2019-08-21,2019,123.03333333333333,121.91666666666667,125.63333333333333,127.11666666666666,126.0,123.4,126.0,124.15,124.51666666666667,123.52346666666666,122.90986666666667,125.50986666666667,126.12346666666666,119.31666666666668,129.71666666666664,,,0.0,0.0,0.0,11,15
2019-08-21 11:20:00,123.4,123.45,123.25,123.25,30527,2019-08-21,2019,123.03333333333333,121.91666666666667,125.63333333333333,127.11666666666666,126.0,123.4,126.0,124.15,124.51666666666667,123.52346666666666,122.90986666666667,125.50986666666667,126.12346666666666,119.31666666666668,129.71666666666664,,,0.0,0.0,0.0,11,20
2019-08-21 11:25:00,123.25,123.4,123.25,123.35,84129,2019-08-21,2019,123.03333333333333,121.91666666666667,125.63333333333333,127.11666666666666,126.0,123.4,126.0,124.15,124.51666666666667,123.52346666666666,122.90986666666667,125.50986666666667,126.12346666666666,119.31666666666668,129.71666666666664,,,0.0,0.0,0.0,11,25
2019-08-21 11:30:00,123.35,123.4,123.25,123.3,92338,2019-08-21,2019,123.03333333333333,121.91666666666667,125.63333333333333,127.11666666666666,126.0,123.4,126.0,124.15,124.51666666666667,123.52346666666666,122.90986666666667,125.50986666666667,126.12346666666666,119.31666666666668,129.71666666666664,,,0.0,0.0,0.0,11,30
2019-08-21 11:35:00,123.3,123.6,123.2,123.35,118182,2019-08-21,2019,123.03333333333333,121.91666666666667,125.63333333333333,127.11666666666666,126.0,123.4,126.0,124.15,124.51666666666667,123.52346666666666,122.90986666666667,125.50986666666667,126.12346666666666,119.31666666666668,129.71666666666664,,,0.0,0.0,0.0,11,35
2019-08-21 11:40:00,123.35,123.65,123.2,123.5,99096,2019-08-21,2019,123.03333333333333,121.91666666666667,125.63333333333333,127.11666666666666,126.0,123.4,126.0,124.15,124.51666666666667,123.52346666666666,122.90986666666667,125.50986666666667,126.12346666666666,119.31666666666668,129.71666666666664,,,0.0,0.0,0.0,11,40
2019-08-21 11:45:00,123.5,123.65,123.45,123.55,25646,2019-08-21,2019,123.03333333333333,121.91666666666667,125.63333333333333,127.11666666666666,126.0,123.4,126.0,124.15,124.51666666666667,123.52346666666666,122.90986666666667,125.50986666666667,126.12346666666666,119.31666666666668,129.71666666666664,,,0.0,0.0,0.0,11,45
2019-08-21 11:50:00,123.55,123.55,123.2,123.25,132215,2019-08-21,2019,123.03333333333333,121.91666666666667,125.63333333333333,127.11666666666666,126.0,123.4,126.0,124.15,124.51666666666667,123.52346666666666,122.90986666666667,125.50986666666667,126.12346666666666,119.31666666666668,129.71666666666664,,,0.0,0.0,0.0,11,50
2019-08-21 11:55:00,123.25,123.6,123.25,123.25,117853,2019-08-21,2019,123.03333333333333,121.91666666666667,125.63333333333333,127.11666666666666,126.0,123.4,126.0,124.15,124.51666666666667,123.52346666666666,122.90986666666667,125.50986666666667,126.12346666666666,119.31666666666668,129.71666666666664,,,0.0,0.0,0.0,11,55
2019-08-21 12:00:00,123.3,123.4,123.1,123.25,297011,2019-08-21,2019,123.03333333333333,121.91666666666667,125.63333333333333,127.11666666666666,126.0,123.4,126.0,124.15,124.51666666666667,123.52346666666666,122.90986666666667,125.50986666666667,126.12346666666666,119.31666666666668,129.71666666666664,,,0.0,0.0,0.0,12,0
2019-08-21 12:05:00,123.25,123.35,123.15,123.25,528991,2019-08-21,2019,123.03333333333333,121.91666666666667,125.63333333333333,127.11666666666666,126.0,123.4,126.0,124.15,124.51666666666667,123.52346666666666,122.90986666666667,125.50986666666667,126.12346666666666,119.31666666666668,129.71666666666664,,,0.0,0.0,0.0,12,5
2019-08-21 12:10:00,123.25,123.45,123.1,123.4,135356,2019-08-21,2019,123.03333333333333,121.91666666666667,125.63333333333333,127.11666666666666,126.0,123.4,126.0,124.15,124.51666666666667,123.52346666666666,122.90986666666667,125.50986666666667,126.12346666666666,119.31666666666668,129.71666666666664,,,0.0,0.0,0.0,12,10
2019-08-21 12:15:00,123.4,123.4,123.1,123.3,87249,2019-08-21,2019,123.03333333333333,121.91666666666667,125.63333333333333,127.11666666666666,126.0,123.4,126.0,124.15,124.51666666666667,123.52346666666666,122.90986666666667,125.50986666666667,126.12346666666666,119.31666666666668,129.71666666666664,,,0.0,0.0,0.0,12,15
2019-08-21 12:20:00,123.25,123.3,123.1,123.25,151544,2019-08-21,2019,123.03333333333333,121.91666666666667,125.63333333333333,127.11666666666666,126.0,123.4,126.0,124.15,124.51666666666667,123.52346666666666,122.90986666666667,125.50986666666667,126.12346666666666,119.31666666666668,129.71666666666664,,,0.0,0.0,0.0,12,20
2019-08-21 12:25:00,123.3,123.35,123.15,123.35,55291,2019-08-21,2019,123.03333333333333,121.91666666666667,125.63333333333333,127.11666666666666,126.0,123.4,126.0,124.15,124.51666666666667,123.52346666666666,122.90986666666667,125.50986666666667,126.12346666666666,119.31666666666668,129.71666666666664,,,0.0,0.0,0.0,12,25
2019-08-21 12:30:00,123.35,123.35,123.15,123.25,99509,2019-08-21,2019,123.03333333333333,121.91666666666667,125.63333333333333,127.11666666666666,126.0,123.4,126.0,124.15,124.51666666666667,123.52346666666666,122.90986666666667,125.50986666666667,126.12346666666666,119.31666666666668,129.71666666666664,,,0.0,0.0,0.0,12,30
2019-08-21 12:35:00,123.25,123.3,123.15,123.3,98313,2019-08-21,2019,123.03333333333333,121.91666666666667,125.63333333333333,127.11666666666666,126.0,123.4,126.0,124.15,124.51666666666667,123.52346666666666,122.90986666666667,125.50986666666667,126.12346666666666,119.31666666666668,129.71666666666664,,,0.0,0.0,0.0,12,35
2019-08-21 12:40:00,123.3,123.3,123.1,123.25,84266,2019-08-21,2019,123.03333333333333,121.91666666666667,125.63333333333333,127.11666666666666,126.0,123.4,126.0,124.15,124.51666666666667,123.52346666666666,122.90986666666667,125.50986666666667,126.12346666666666,119.31666666666668,129.71666666666664,,,0.0,0.0,0.0,12,40
2019-08-21 12:45:00,123.2,123.25,122.9,123.05,173225,2019-08-21,2019,123.03333333333333,121.91666666666667,125.63333333333333,127.11666666666666,126.0,123.4,126.0,124.15,124.51666666666667,123.52346666666666,122.90986666666667,125.50986666666667,126.12346666666666,119.31666666666668,129.71666666666664,,,0.0,0.0,0.0,12,45
2019-08-21 12:50:00,123.05,123.15,123.0,123.0,34087,2019-08-21,2019,123.03333333333333,121.91666666666667,125.63333333333333,127.11666666666666,126.0,123.4,126.0,124.15,124.51666666666667,123.52346666666666,122.90986666666667,125.50986666666667,126.12346666666666,119.31666666666668,129.71666666666664,,,0.0,0.0,0.0,12,50
2019-08-21 12:55:00,123.0,123.2,122.95,123.2,142721,2019-08-21,2019,123.03333333333333,121.91666666666667,125.63333333333333,127.11666666666666,126.0,123.4,126.0,124.15,124.51666666666667,123.52346666666666,122.90986666666667,125.50986666666667,126.12346666666666,119.31666666666668,129.71666666666664,,,0.0,0.0,0.0,12,55
2019-08-21 13:00:00,123.2,123.6,123.1,123.6,285201,2019-08-21,2019,123.03333333333333,121.91666666666667,125.63333333333333,127.11666666666666,126.0,123.4,126.0,124.15,124.51666666666667,123.52346666666666,122.90986666666667,125.50986666666667,126.12346666666666,119.31666666666668,129.71666666666664,,,0.0,0.0,0.0,13,0
2019-08-21 13:05:00,123.6,124.05,123.45,123.85,304864,2019-08-21,2019,123.03333333333333,121.91666666666667,125.63333333333333,127.11666666666666,126.0,123.4,126.0,124.15,124.51666666666667,123.52346666666666,122.90986666666667,125.50986666666667,126.12346666666666,119.31666666666668,129.71666666666664,Exit,Buy,123.9,124.56666666666668,122.1,13,5
2019-08-21 13:10:00,123.85,124.05,123.7,124.0,202094,2019-08-21,2019,123.03333333333333,121.91666666666667,125.63333333333333,127.11666666666666,126.0,123.4,126.0,124.15,124.51666666666667,123.52346666666666,122.90986666666667,125.50986666666667,126.12346666666666,119.31666666666668,129.71666666666664,,,0.0,0.0,0.0,13,10
2019-08-21 13:15:00,124.0,124.0,123.8,123.8,43041,2019-08-21,2019,123.03333333333333,121.91666666666667,125.63333333333333,127.11666666666666,126.0,123.4,126.0,124.15,124.51666666666667,123.52346666666666,122.90986666666667,125.50986666666667,126.12346666666666,119.31666666666668,129.71666666666664,,,0.0,0.0,0.0,13,15
2019-08-21 13:20:00,123.85,123.95,123.45,123.65,229090,2019-08-21,2019,123.03333333333333,121.91666666666667,125.63333333333333,127.11666666666666,126.0,123.4,126.0,124.15,124.51666666666667,123.52346666666666,122.90986666666667,125.50986666666667,126.12346666666666,119.31666666666668,129.71666666666664,,,0.0,0.0,0.0,13,20
2019-08-21 13:25:00,123.65,124.1,123.65,124.0,460177,2019-08-21,2019,123.03333333333333,121.91666666666667,125.63333333333333,127.11666666666666,126.0,123.4,126.0,124.15,124.51666666666667,123.52346666666666,122.90986666666667,125.50986666666667,126.12346666666666,119.31666666666668,129.71666666666664,,,0.0,0.0,0.0,13,25
2019-08-21 13:30:00,124.0,124.2,123.95,124.0,108178,2019-08-21,2019,123.03333333333333,121.91666666666667,125.63333333333333,127.11666666666666,126.0,123.4,126.0,124.15,124.51666666666667,123.52346666666666,122.90986666666667,125.50986666666667,126.12346666666666,119.31666666666668,129.71666666666664,,,0.0,0.0,0.0,13,30
2019-08-21 13:35:00,124.0,124.1,123.95,124.0,149240,2019-08-21,2019,123.03333333333333,121.91666666666667,125.63333333333333,127.11666666666666,126.0,123.4,126.0,124.15,124.51666666666667,123.52346666666666,122.90986666666667,125.50986666666667,126.12346666666666,119.31666666666668,129.71666666666664,,,0.0,0.0,0.0,13,35
2019-08-21 13:40:00,124.05,124.05,123.9,124.0,707714,2019-08-21,2019,123.03333333333333,121.91666666666667,125.63333333333333,127.11666666666666,126.0,123.4,126.0,124.15,124.51666666666667,123.52346666666666,122.90986666666667,125.50986666666667,126.12346666666666,119.31666666666668,129.71666666666664,,,0.0,0.0,0.0,13,40
2019-08-21 13:45:00,124.0,124.1,123.45,123.55,296163,2019-08-21,2019,123.03333333333333,121.91666666666667,125.63333333333333,127.11666666666666,126.0,123.4,126.0,124.15,124.51666666666667,123.52346666666666,122.90986666666667,125.50986666666667,126.12346666666666,119.31666666666668,129.71666666666664,,,0.0,0.0,0.0,13,45
2019-08-21 13:50:00,123.5,123.55,122.95,123.1,170284,2019-08-21,2019,123.03333333333333,121.91666666666667,125.63333333333333,127.11666666666666,126.0,123.4,126.0,124.15,124.51666666666667,123.52346666666666,122.90986666666667,125.50986666666667,126.12346666666666,119.31666666666668,129.71666666666664,,,0.0,0.0,0.0,13,50
2019-08-21 13:55:00,123.1,123.1,121.9,121.95,435280,2019-08-21,2019,123.03333333333333,121.91666666666667,125.63333333333333,127.11666666666666,126.0,123.4,126.0,124.15,124.51666666666667,123.52346666666666,122.90986666666667,125.50986666666667,126.12346666666666,119.31666666666668,129.71666666666664,Exit,Sell,122.1,119.46666666666667,124.2,13,55
2019-08-21 14:00:00,121.9,122.05,121.6,121.85,144228,2019-08-21,2019,123.03333333333333,121.91666666666667,125.63333333333333,127.11666666666666,126.0,123.4,126.0,124.15,124.51666666666667,123.52346666666666,122.90986666666667,125.50986666666667,126.12346666666666,119.31666666666668,129.71666666666664,,,0.0,0.0,0.0,14,0
2019-08-21 14:05:00,121.85,121.85,121.45,121.7,149714,2019-08-21,2019,123.03333333333333,121.91666666666667,125.63333333333333,127.11666666666666,126.0,123.4,126.0,124.15,124.51666666666667,123.52346666666666,122.90986666666667,125.50986666666667,126.12346666666666,119.31666666666668,129.71666666666664,,,0.0,0.0,0.0,14,5
2019-08-21 14:10:00,121.7,121.7,121.1,121.15,199900,2019-08-21,2019,123.03333333333333,121.91666666666667,125.63333333333333,127.11666666666666,126.0,123.4,126.0,124.15,124.51666666666667,123.52346666666666,122.90986666666667,125.50986666666667,126.12346666666666,119.31666666666668,129.71666666666664,Exit,Buy,121.6116,122.37826666666666,121.45,14,10
2019-08-21 14:15:00,121.15,121.45,120.9,121.35,179241,2019-08-21,2019,123.03333333333333,121.91666666666667,125.63333333333333,127.11666666666666,126.0,123.4,126.0,124.15,124.51666666666667,123.52346666666666,122.90986666666667,125.50986666666667,126.12346666666666,119.31666666666668,129.71666666666664,Exit,Sell,121.45,119.41666666666669,124.2,14,15
2019-08-21 14:20:00,121.35,121.5,121.05,121.05,134622,2019-08-21,2019,123.03333333333333,121.91666666666667,125.63333333333333,127.11666666666666,126.0,123.4,126.0,124.15,124.51666666666667,123.52346666666666,122.90986666666667,125.50986666666667,126.12346666666666,119.31666666666668,129.71666666666664,,,0.0,0.0,0.0,14,20
2019-08-21 14:25:00,121.05,121.3,120.9,120.9,122593,2019-08-21,2019,123.03333333333333,121.91666666666667,125.63333333333333,127.11666666666666,126.0,123.4,126.0,124.15,124.51666666666667,123.52346666666666,122.90986666666667,125.50986666666667,126.12346666666666,119.31666666666668,129.71666666666664,,,0.0,0.0,0.0,14,25
2019-08-21 14:30:00,120.95,120.95,120.6,120.8,118833,2019-08-21,2019,123.03333333333333,121.91666666666667,125.63333333333333,127.11666666666666,126.0,123.4,126.0,124.15,124.51666666666667,123.52346666666666,122.90986666666667,125.50986666666667,126.12346666666666,119.31666666666668,129.71666666666664,,,0.0,0.0,0.0,14,30
2019-08-21 14:35:00,120.85,121.0,120.55,120.8,117006,2019-08-21,2019,123.03333333333333,121.91666666666667,125.63333333333333,127.11666666666666,126.0,123.4,126.0,124.15,124.51666666666667,123.52346666666666,122.90986666666667,125.50986666666667,126.12346666666666,119.31666666666668,129.71666666666664,Exit,Buy,120.9642,122.08086666666668,120.6,14,35
2019-08-21 14:40:00,120.75,120.85,120.4,120.55,138913,2019-08-21,2019,123.03333333333333,121.91666666666667,125.63333333333333,127.11666666666666,126.0,123.4,126.0,124.15,124.51666666666667,123.52346666666666,122.90986666666667,125.50986666666667,126.12346666666666,119.31666666666668,129.71666666666664,Exit,Sell,120.6,119.36666666666667,124.2,14,40
2019-08-21 14:45:00,120.55,120.6,120.4,120.4,68862,2019-08-21,2019,123.03333333333333,121.91666666666667,125.63333333333333,127.11666666666666,126.0,123.4,126.0,124.15,124.51666666666667,123.52346666666666,122.90986666666667,125.50986666666667,126.12346666666666,119.31666666666668,129.71666666666664,,,0.0,0.0,0.0,14,45
2019-08-21 14:50:00,120.45,120.8,120.4,120.65,154237,2019-08-21,2019,123.03333333333333,121.91666666666667,125.63333333333333,127.11666666666666,126.0,123.4,126.0,124.15,124.51666666666667,123.52346666666666,122.90986666666667,125.50986666666667,126.12346666666666,119.31666666666668,129.71666666666664,,,0.0,0.0,0.0,14,50
2019-08-21 14:55:00,120.7,121.0,120.6,120.6,215449,2019-08-21,2019,123.03333333333333,121.91666666666667,125.63333333333333,127.11666666666666,126.0,123.4,126.0,124.15,124.51666666666667,123.52346666666666,122.90986666666667,125.50986666666667,126.12346666666666,119.31666666666668,129.71666666666664,,,0.0,0.0,0.0,14,55
2019-08-21 15:00:00,120.7,121.15,120.65,120.95,167644,2019-08-21,2019,123.03333333333333,121.91666666666667,125.63333333333333,127.11666666666666,126.0,123.4,126.0,124.15,124.51666666666667,123.52346666666666,122.90986666666667,125.50986666666667,126.12346666666666,119.31666666666668,129.71666666666664,,,0.0,0.0,0.0,15,0
2019-08-21 15:05:00,120.95,121.15,120.9,120.95,144811,2019-08-21,2019,123.03333333333333,121.91666666666667,125.63333333333333,127.11666666666666,126.0,123.4,126.0,124.15,124.51666666666667,123.52346666666666,122.90986666666667,125.50986666666667,126.12346666666666,119.31666666666668,129.71666666666664,,,0.0,0.0,0.0,15,5
2019-08-21 15:10:00,120.95,121.1,120.7,121.0,212143,2019-08-21,2019,123.03333333333333,121.91666666666667,125.63333333333333,127.11666666666666,126.0,123.4,126.0,124.15,124.51666666666667,123.52346666666666,122.90986666666667,125.50986666666667,126.12346666666666,119.31666666666668,129.71666666666664,,,0.0,0.0,0.0,15,10
2019-08-21 15:15:00,121.05,121.45,121.0,121.1,258910,2019-08-21,2019,123.03333333333333,121.91666666666667,125.63333333333333,127.11666666666666,126.0,123.4,126.0,124.15,124.51666666666667,123.52346666666666,122.90986666666667,125.50986666666667,126.12346666666666,119.31666666666668,129.71666666666664,,,0.0,0.0,0.0,15,15
2019-08-21 15:20:00,121.1,121.2,121.0,121.05,193187,2019-08-21,2019,123.03333333333333,121.91666666666667,125.63333333333333,127.11666666666666,126.0,123.4,126.0,124.15,124.51666666666667,123.52346666666666,122.90986666666667,125.50986666666667,126.12346666666666,119.31666666666668,129.71666666666664,Exit,Buy,121.05,0.0,0.0,15,20
2019-08-21 15:25:00,121.05,121.15,121.0,121.1,156146,2019-08-21,2019,123.03333333333333,121.91666666666667,125.63333333333333,127.11666666666666,126.0,123.4,126.0,124.15,124.51666666666667,123.52346666666666,122.90986666666667,125.50986666666667,126.12346666666666,119.31666666666668,129.71666666666664,,,0.0,0.0,0.0,15,25
2019-08-22 09:15:00,121.05,121.5,120.05,120.1,256177,2019-08-22,2019,119.60000000000004,118.10000000000002,123.40000000000003,125.70000000000002,124.2,120.4,123.9,121.1,121.90000000000002,120.44840000000002,119.55160000000002,123.35160000000002,124.24840000000002,114.30000000000003,129.5,,,0.0,0.0,0.0,9,15
2019-08-22 09:20:00,120.1,120.9,120.0,120.7,136078,2019-08-22,2019,119.60000000000004,118.10000000000002,123.40000000000003,125.70000000000002,124.2,120.4,123.9,121.1,121.90000000000002,120.44840000000002,119.55160000000002,123.35160000000002,124.24840000000002,114.30000000000003,129.5,,,0.0,0.0,0.0,9,20
2019-08-22 09:25:00,120.7,120.8,120.45,120.45,52580,2019-08-22,2019,119.60000000000004,118.10000000000002,123.40000000000003,125.70000000000002,124.2,120.4,123.9,121.1,121.90000000000002,120.44840000000002,119.55160000000002,123.35160000000002,124.24840000000002,114.30000000000003,129.5,,,0.0,0.0,0.0,9,25
2019-08-22 09:30:00,120.45,120.7,120.25,120.65,64288,2019-08-22,2019,119.60000000000004,118.10000000000002,123.40000000000003,125.70000000000002,124.2,120.4,123.9,121.1,121.90000000000002,120.44840000000002,119.55160000000002,123.35160000000002,124.24840000000002,114.30000000000003,129.5,,,0.0,0.0,0.0,9,30
2019-08-22 09:35:00,120.6,120.85,120.6,120.7,52682,2019-08-22,2019,119.60000000000004,118.10000000000002,123.40000000000003,125.70000000000002,124.2,120.4,123.9,121.1,121.90000000000002,120.44840000000002,119.55160000000002,123.35160000000002,124.24840000000002,114.30000000000003,129.5,,,0.0,0.0,0.0,9,35
2019-08-22 09:40:00,120.7,121.1,120.65,120.95,51512,2019-08-22,2019,119.60000000000004,118.10000000000002,123.40000000000003,125.70000000000002,124.2,120.4,123.9,121.1,121.90000000000002,120.44840000000002,119.55160000000002,123.35160000000002,124.24840000000002,114.30000000000003,129.5,,,0.0,0.0,0.0,9,40
2019-08-22 09:45:00,120.95,121.0,120.65,120.8,47141,2019-08-22,2019,119.60000000000004,118.10000000000002,123.40000000000003,125.70000000000002,124.2,120.4,123.9,121.1,121.90000000000002,120.44840000000002,119.55160000000002,123.35160000000002,124.24840000000002,114.30000000000003,129.5,,,0.0,0.0,0.0,9,45
2019-08-22 09:50:00,120.8,121.0,120.8,120.85,57366,2019-08-22,2019,119.60000000000004,118.10000000000002,123.40000000000003,125.70000000000002,124.2,120.4,123.9,121.1,121.90000000000002,120.44840000000002,119.55160000000002,123.35160000000002,124.24840000000002,114.30000000000003,129.5,,,0.0,0.0,0.0,9,50
2019-08-22 09:55:00,120.9,120.9,120.4,120.55,61985,2019-08-22,2019,119.60000000000004,118.10000000000002,123.40000000000003,125.70000000000002,124.2,120.4,123.9,121.1,121.90000000000002,120.44840000000002,119.55160000000002,123.35160000000002,124.24840000000002,114.30000000000003,129.5,,,0.0,0.0,0.0,9,55
2019-08-22 10:00:00,120.55,120.55,120.15,120.5,49107,2019-08-22,2019,119.60000000000004,118.10000000000002,123.40000000000003,125.70000000000002,124.2,120.4,123.9,121.1,121.90000000000002,120.44840000000002,119.55160000000002,123.35160000000002,124.24840000000002,114.30000000000003,129.5,,,0.0,0.0,0.0,10,0
2019-08-22 10:05:00,120.5,120.75,120.45,120.6,47477,2019-08-22,2019,119.60000000000004,118.10000000000002,123.40000000000003,125.70000000000002,124.2,120.4,123.9,121.1,121.90000000000002,120.44840000000002,119.55160000000002,123.35160000000002,124.24840000000002,114.30000000000003,129.5,,,0.0,0.0,0.0,10,5
2019-08-22 10:10:00,120.6,120.7,120.4,120.6,322857,2019-08-22,2019,119.60000000000004,118.10000000000002,123.40000000000003,125.70000000000002,124.2,120.4,123.9,121.1,121.90000000000002,120.44840000000002,119.55160000000002,123.35160000000002,124.24840000000002,114.30000000000003,129.5,,,0.0,0.0,0.0,10,10
2019-08-22 10:15:00,120.6,120.85,120.6,120.75,197238,2019-08-22,2019,119.60000000000004,118.10000000000002,123.40000000000003,125.70000000000002,124.2,120.4,123.9,121.1,121.90000000000002,120.44840000000002,119.55160000000002,123.35160000000002,124.24840000000002,114.30000000000003,129.5,,,0.0,0.0,0.0,10,15
2019-08-22 10:20:00,120.6,121.0,120.35,120.4,106639,2019-08-22,2019,119.60000000000004,118.10000000000002,123.40000000000003,125.70000000000002,124.2,120.4,123.9,121.1,121.90000000000002,120.44840000000002,119.55160000000002,123.35160000000002,124.24840000000002,114.30000000000003,129.5,,,0.0,0.0,0.0,10,20
2019-08-22 10:25:00,120.4,120.6,120.35,120.6,35193,2019-08-22,2019,119.60000000000004,118.10000000000002,123.40000000000003,125.70000000000002,124.2,120.4,123.9,121.1,121.90000000000002,120.44840000000002,119.55160000000002,123.35160000000002,124.24840000000002,114.30000000000003,129.5,,,0.0,0.0,0.0,10,25
2019-08-22 10:30:00,120.6,120.6,119.8,119.8,181273,2019-08-22,2019,119.60000000000004,118.10000000000002,123.40000000000003,125.70000000000002,124.2,120.4,123.9,121.1,121.90000000000002,120.44840000000002,119.55160000000002,123.35160000000002,124.24840000000002,114.30000000000003,129.5,Entry,Sell,119.8,118.10000000000002,121.5,10,30
2019-08-22 10:35:00,119.9,120.0,119.45,119.45,147910,2019-08-22,2019,119.60000000000004,118.10000000000002,123.40000000000003,125.70000000000002,124.2,120.4,123.9,121.1,121.90000000000002,120.44840000000002,119.55160000000002,123.35160000000002,124.24840000000002,114.30000000000003,129.5,,,0.0,0.0,0.0,10,35
2019-08-22 10:40:00,119.5,120.0,119.5,119.9,150275,2019-08-22,2019,119.60000000000004,118.10000000000002,123.40000000000003,125.70000000000002,124.2,120.4,123.9,121.1,121.90000000000002,120.44840000000002,119.55160000000002,123.35160000000002,124.24840000000002,114.30000000000003,129.5,,,0.0,0.0,0.0,10,40
2019-08-22 10:45:00,119.9,119.95,119.7,119.9,71196,2019-08-22,2019,119.60000000000004,118.10000000000002,123.40000000000003,125.70000000000002,124.2,120.4,123.9,121.1,121.90000000000002,120.44840000000002,119.55160000000002,123.35160000000002,124.24840000000002,114.30000000000003,129.5,,,0.0,0.0,0.0,10,45
2019-08-22 10:50:00,119.9,120.0,119.75,119.85,36411,2019-08-22,2019,119.60000000000004,118.10000000000002,123.40000000000003,125.70000000000002,124.2,120.4,123.9,121.1,121.90000000000002,120.44840000000002,119.55160000000002,123.35160000000002,124.24840000000002,114.30000000000003,129.5,,,0.0,0.0,0.0,10,50
2019-08-22 10:55:00,119.85,119.95,119.6,119.6,42407,2019-08-22,2019,119.60000000000004,118.10000000000002,123.40000000000003,125.70000000000002,124.2,120.4,123.9,121.1,121.90000000000002,120.44840000000002,119.55160000000002,123.35160000000002,124.24840000000002,114.30000000000003,129.5,,,0.0,0.0,0.0,10,55
2019-08-22 11:00:00,119.7,119.75,119.3,119.5,107012,2019-08-22,2019,119.60000000000004,118.10000000000002,123.40000000000003,125.70000000000002,124.2,120.4,123.9,121.1,121.90000000000002,120.44840000000002,119.55160000000002,123.35160000000002,124.24840000000002,114.30000000000003,129.5,,,0.0,0.0,0.0,11,0
2019-08-22 11:05:00,119.5,119.65,119.3,119.3,34838,2019-08-22,2019,119.60000000000004,118.10000000000002,123.40000000000003,125.70000000000002,124.2,120.4,123.9,121.1,121.90000000000002,120.44840000000002,119.55160000000002,123.35160000000002,124.24840000000002,114.30000000000003,129.5,,,0.0,0.0,0.0,11,5
2019-08-22 11:10:00,119.3,119.45,119.3,119.4,60514,2019-08-22,2019,119.60000000000004,118.10000000000002,123.40000000000003,125.70000000000002,124.2,120.4,123.9,121.1,121.90000000000002,120.44840000000002,119.55160000000002,123.35160000000002,124.24840000000002,114.30000000000003,129.5,,,0.0,0.0,0.0,11,10
2019-08-22 11:15:00,119.35,119.8,119.35,119.65,78961,2019-08-22,2019,119.60000000000004,118.10000000000002,123.40000000000003,125.70000000000002,124.2,120.4,123.9,121.1,121.90000000000002,120.44840000000002,119.55160000000002,123.35160000000002,124.24840000000002,114.30000000000003,129.5,,,0.0,0.0,0.0,11,15
2019-08-22 11:20:00,119.65,119.65,119.3,119.5,41545,2019-08-22,2019,119.60000000000004,118.10000000000002,123.40000000000003,125.70000000000002,124.2,120.4,123.9,121.1,121.90000000000002,120.44840000000002,119.55160000000002,123.35160000000002,124.24840000000002,114.30000000000003,129.5,,,0.0,0.0,0.0,11,20
2019-08-22 11:25:00,119.45,119.65,119.45,119.5,24422,2019-08-22,2019,119.60000000000004,118.10000000000002,123.40000000000003,125.70000000000002,124.2,120.4,123.9,121.1,121.90000000000002,120.44840000000002,119.55160000000002,123.35160000000002,124.24840000000002,114.30000000000003,129.5,,,0.0,0.0,0.0,11,25
2019-08-22 11:30:00,119.65,119.65,119.4,119.65,27441,2019-08-22,2019,119.60000000000004,118.10000000000002,123.40000000000003,125.70000000000002,124.2,120.4,123.9,121.1,121.90000000000002,120.44840000000002,119.55160000000002,123.35160000000002,124.24840000000002,114.30000000000003,129.5,,,0.0,0.0,0.0,11,30
2019-08-22 11:35:00,119.65,119.9,119.55,119.9,30267,2019-08-22,2019,119.60000000000004,118.10000000000002,123.40000000000003,125.70000000000002,124.2,120.4,123.9,121.1,121.90000000000002,120.44840000000002,119.55160000000002,123.35160000000002,124.24840000000002,114.30000000000003,129.5,,,0.0,0.0,0.0,11,35
2019-08-22 11:40:00,119.9,120.15,119.8,120.05,49728,2019-08-22,2019,119.60000000000004,118.10000000000002,123.40000000000003,125.70000000000002,124.2,120.4,123.9,121.1,121.90000000000002,120.44840000000002,119.55160000000002,123.35160000000002,124.24840000000002,114.30000000000003,129.5,,,0.0,0.0,0.0,11,40
2019-08-22 11:45:00,120.05,120.2,119.95,120.1,51335,2019-08-22,2019,119.60000000000004,118.10000000000002,123.40000000000003,125.70000000000002,124.2,120.4,123.9,121.1,121.90000000000002,120.44840000000002,119.55160000000002,123.35160000000002,124.24840000000002,114.30000000000003,129.5,,,0.0,0.0,0.0,11,45
2019-08-22 11:50:00,120.1,120.3,120.05,120.3,58163,2019-08-22,2019,119.60000000000004,118.10000000000002,123.40000000000003,125.70000000000002,124.2,120.4,123.9,121.1,121.90000000000002,120.44840000000002,119.55160000000002,123.35160000000002,124.24840000000002,114.30000000000003,129.5,,,0.0,0.0,0.0,11,50
2019-08-22 11:55:00,120.3,120.55,120.3,120.45,53296,2019-08-22,2019,119.60000000000004,118.10000000000002,123.40000000000003,125.70000000000002,124.2,120.4,123.9,121.1,121.90000000000002,120.44840000000002,119.55160000000002,123.35160000000002,124.24840000000002,114.30000000000003,129.5,,,0.0,0.0,0.0,11,55
2019-08-22 12:00:00,120.45,120.5,120.0,120.05,33841,2019-08-22,2019,119.60000000000004,118.10000000000002,123.40000000000003,125.70000000000002,124.2,120.4,123.9,121.1,121.90000000000002,120.44840000000002,119.55160000000002,123.35160000000002,124.24840000000002,114.30000000000003,129.5,,,0.0,0.0,0.0,12,0
2019-08-22 12:05:00,120.05,120.15,119.8,119.8,67577,2019-08-22,2019,119.60000000000004,118.10000000000002,123.40000000000003,125.70000000000002,124.2,120.4,123.9,121.1,121.90000000000002,120.44840000000002,119.55160000000002,123.35160000000002,124.24840000000002,114.30000000000003,129.5,,,0.0,0.0,0.0,12,5
2019-08-22 12:10:00,119.75,120.0,119.75,119.9,20875,2019-08-22,2019,119.60000000000004,118.10000000000002,123.40000000000003,125.70000000000002,124.2,120.4,123.9,121.1,121.90000000000002,120.44840000000002,119.55160000000002,123.35160000000002,124.24840000000002,114.30000000000003,129.5,,,0.0,0.0,0.0,12,10
2019-08-22 12:15:00,119.9,120.05,119.8,119.95,19415,2019-08-22,2019,119.60000000000004,118.10000000000002,123.40000000000003,125.70000000000002,124.2,120.4,123.9,121.1,121.90000000000002,120.44840000000002,119.55160000000002,123.35160000000002,124.24840000000002,114.30000000000003,129.5,,,0.0,0.0,0.0,12,15
2019-08-22 12:20:00,119.95,120.15,119.9,120.0,15628,2019-08-22,2019,119.60000000000004,118.10000000000002,123.40000000000003,125.70000000000002,124.2,120.4,123.9,121.1,121.90000000000002,120.44840000000002,119.55160000000002,123.35160000000002,124.24840000000002,114.30000000000003,129.5,,,0.0,0.0,0.0,12,20
2019-08-22 12:25:00,120.0,120.1,119.9,120.1,18613,2019-08-22,2019,119.60000000000004,118.10000000000002,123.40000000000003,125.70000000000002,124.2,120.4,123.9,121.1,121.90000000000002,120.44840000000002,119.55160000000002,123.35160000000002,124.24840000000002,114.30000000000003,129.5,,,0.0,0.0,0.0,12,25
2019-08-22 12:30:00,120.1,120.15,119.55,119.55,54363,2019-08-22,2019,119.60000000000004,118.10000000000002,123.40000000000003,125.70000000000002,124.2,120.4,123.9,121.1,121.90000000000002,120.44840000000002,119.55160000000002,123.35160000000002,124.24840000000002,114.30000000000003,129.5,,,0.0,0.0,0.0,12,30
2019-08-22 12:35:00,119.6,119.7,119.2,119.35,181161,2019-08-22,2019,119.60000000000004,118.10000000000002,123.40000000000003,125.70000000000002,124.2,120.4,123.9,121.1,121.90000000000002,120.44840000000002,119.55160000000002,123.35160000000002,124.24840000000002,114.30000000000003,129.5,,,0.0,0.0,0.0,12,35
2019-08-22 12:40:00,119.35,119.6,119.25,119.3,33961,2019-08-22,2019,119.60000000000004,118.10000000000002,123.40000000000003,125.70000000000002,124.2,120.4,123.9,121.1,121.90000000000002,120.44840000000002,119.55160000000002,123.35160000000002,124.24840000000002,114.30000000000003,129.5,Exit,Buy,119.32079999999999,120.46920000000001,119.2,12,40
2019-08-22 12:45:00,119.3,119.45,119.15,119.3,71369,2019-08-22,2019,119.60000000000004,118.10000000000002,123.40000000000003,125.70000000000002,124.2,120.4,123.9,121.1,121.90000000000002,120.44840000000002,119.55160000000002,123.35160000000002,124.24840000000002,114.30000000000003,129.5,Exit,Sell,119.2,118.00000000000003,121.5,12,45
2019-08-22 12:50:00,119.3,119.75,119.25,119.65,37099,2019-08-22,2019,119.60000000000004,118.10000000000002,123.40000000000003,125.70000000000002,124.2,120.4,123.9,121.1,121.90000000000002,120.44840000000002,119.55160000000002,123.35160000000002,124.24840000000002,114.30000000000003,129.5,,,0.0,0.0,0.0,12,50
2019-08-22 12:55:00,119.65,119.9,119.6,119.85,119679,2019-08-22,2019,119.60000000000004,118.10000000000002,123.40000000000003,125.70000000000002,124.2,120.4,123.9,121.1,121.90000000000002,120.44840000000002,119.55160000000002,123.35160000000002,124.24840000000002,114.30000000000003,129.5,,,0.0,0.0,0.0,12,55
2019-08-22 13:00:00,119.85,120.0,119.7,119.8,35077,2019-08-22,2019,119.60000000000004,118.10000000000002,123.40000000000003,125.70000000000002,124.2,120.4,123.9,121.1,121.90000000000002,120.44840000000002,119.55160000000002,123.35160000000002,124.24840000000002,114.30000000000003,129.5,,,0.0,0.0,0.0,13,0
2019-08-22 13:05:00,119.8,119.8,119.5,119.7,40322,2019-08-22,2019,119.60000000000004,118.10000000000002,123.40000000000003,125.70000000000002,124.2,120.4,123.9,121.1,121.90000000000002,120.44840000000002,119.55160000000002,123.35160000000002,124.24840000000002,114.30000000000003,129.5,,,0.0,0.0,0.0,13,5
2019-08-22 13:10:00,119.7,119.75,119.2,119.4,37976,2019-08-22,2019,119.60000000000004,118.10000000000002,123.40000000000003,125.70000000000002,124.2,120.4,123.9,121.1,121.90000000000002,120.44840000000002,119.55160000000002,123.35160000000002,124.24840000000002,114.30000000000003,129.5,,,0.0,0.0,0.0,13,10
2019-08-22 13:15:00,119.4,119.45,119.0,119.45,104593,2019-08-22,2019,119.60000000000004,118.10000000000002,123.40000000000003,125.70000000000002,124.2,120.4,123.9,121.1,121.90000000000002,120.44840000000002,119.55160000000002,123.35160000000002,124.24840000000002,114.30000000000003,129.5,,,0.0,0.0,0.0,13,15
2019-08-22 13:20:00,119.45,119.45,119.0,119.15,63983,2019-08-22,2019,119.60000000000004,118.10000000000002,123.40000000000003,125.70000000000002,124.2,120.4,123.9,121.1,121.90000000000002,120.44840000000002,119.55160000000002,123.35160000000002,124.24840000000002,114.30000000000003,129.5,,,0.0,0.0,0.0,13,20
2019-08-22 13:25:00,119.15,119.3,119.1,119.25,24447,2019-08-22,2019,119.60000000000004,118.10000000000002,123.40000000000003,125.70000000000002,124.2,120.4,123.9,121.1,121.90000000000002,120.44840000000002,119.55160000000002,123.35160000000002,124.24840000000002,114.30000000000003,129.5,,,0.0,0.0,0.0,13,25
2019-08-22 13:30:00,119.25,119.3,119.0,119.15,40865,2019-08-22,2019,119.60000000000004,118.10000000000002,123.40000000000003,125.70000000000002,124.2,120.4,123.9,121.1,121.90000000000002,120.44840000000002,119.55160000000002,123.35160000000002,124.24840000000002,114.30000000000003,129.5,,,0.0,0.0,0.0,13,30
2019-08-22 13:35:00,119.15,119.2,118.35,118.4,182157,2019-08-22,2019,119.60000000000004,118.10000000000002,123.40000000000003,125.70000000000002,124.2,120.4,123.9,121.1,121.90000000000002,120.44840000000002,119.55160000000002,123.35160000000002,124.24840000000002,114.30000000000003,129.5,,,0.0,0.0,0.0,13,35
2019-08-22 13:40:00,118.45,118.7,118.1,118.3,117709,2019-08-22,2019,119.60000000000004,118.10000000000002,123.40000000000003,125.70000000000002,124.2,120.4,123.9,121.1,121.90000000000002,120.44840000000002,119.55160000000002,123.35160000000002,124.24840000000002,114.30000000000003,129.5,,,0.0,0.0,0.0,13,40
2019-08-22 13:45:00,118.3,118.45,117.4,117.5,261282,2019-08-22,2019,119.60000000000004,118.10000000000002,123.40000000000003,125.70000000000002,124.2,120.4,123.9,121.1,121.90000000000002,120.44840000000002,119.55160000000002,123.35160000000002,124.24840000000002,114.30000000000003,129.5,Exit,Buy,118.00000000000003,0.0,0.0,13,45
2019-08-22 13:50:00,117.5,117.5,117.1,117.25,167616,2019-08-22,2019,119.60000000000004,118.10000000000002,123.40000000000003,125.70000000000002,124.2,120.4,123.9,121.1,121.90000000000002,120.44840000000002,119.55160000000002,123.35160000000002,124.24840000000002,114.30000000000003,129.5,,,0.0,0.0,0.0,13,50
2019-08-22 13:55:00,117.2,117.55,116.85,117.35,139073,2019-08-22,2019,119.60000000000004,118.10000000000002,123.40000000000003,125.70000000000002,124.2,120.4,123.9,121.1,121.90000000000002,120.44840000000002,119.55160000000002,123.35160000000002,124.24840000000002,114.30000000000003,129.5,,,0.0,0.0,0.0,13,55
2019-08-22 14:00:00,117.3,117.6,116.45,116.7,186282,2019-08-22,2019,119.60000000000004,118.10000000000002,123.40000000000003,125.70000000000002,124.2,120.4,123.9,121.1,121.90000000000002,120.44840000000002,119.55160000000002,123.35160000000002,124.24840000000002,114.30000000000003,129.5,,,0.0,0.0,0.0,14,0
2019-08-22 14:05:00,116.7,116.85,116.55,116.8,130240,2019-08-22,2019,119.60000000000004,118.10000000000002,123.40000000000003,125.70000000000002,124.2,120.4,123.9,121.1,121.90000000000002,120.44840000000002,119.55160000000002,123.35160000000002,124.24840000000002,114.30000000000003,129.5,,,0.0,0.0,0.0,14,5
2019-08-22 14:10:00,116.8,117.1,116.7,117.05,88202,2019-08-22,2019,119.60000000000004,118.10000000000002,123.40000000000003,125.70000000000002,124.2,120.4,123.9,121.1,121.90000000000002,120.44840000000002,119.55160000000002,123.35160000000002,124.24840000000002,114.30000000000003,129.5,,,0.0,0.0,0.0,14,10
2019-08-22 14:15:00,117.05,117.3,117.0,117.15,102106,2019-08-22,2019,119.60000000000004,118.10000000000002,123.40000000000003,125.70000000000002,124.2,120.4,123.9,121.1,121.90000000000002,120.44840000000002,119.55160000000002,123.35160000000002,124.24840000000002,114.30000000000003,129.5,,,0.0,0.0,0.0,14,15
2019-08-22 14:20:00,117.1,117.2,116.7,117.15,109360,2019-08-22,2019,119.60000000000004,118.10000000000002,123.40000000000003,125.70000000000002,124.2,120.4,123.9,121.1,121.90000000000002,120.44840000000002,119.55160000000002,123.35160000000002,124.24840000000002,114.30000000000003,129.5,,,0.0,0.0,0.0,14,20
2019-08-22 14:25:00,117.15,117.5,117.0,117.35,270390,2019-08-22,2019,119.60000000000004,118.10000000000002,123.40000000000003,125.70000000000002,124.2,120.4,123.9,121.1,121.90000000000002,120.44840000000002,119.55160000000002,123.35160000000002,124.24840000000002,114.30000000000003,129.5,,,0.0,0.0,0.0,14,25
2019-08-22 14:30:00,117.35,117.65,117.25,117.6,327464,2019-08-22,2019,119.60000000000004,118.10000000000002,123.40000000000003,125.70000000000002,124.2,120.4,123.9,121.1,121.90000000000002,120.44840000000002,119.55160000000002,123.35160000000002,124.24840000000002,114.30000000000003,129.5,,,0.0,0.0,0.0,14,30
2019-08-22 14:35:00,117.45,118.15,117.45,117.9,274495,2019-08-22,2019,119.60000000000004,118.10000000000002,123.40000000000003,125.70000000000002,124.2,120.4,123.9,121.1,121.90000000000002,120.44840000000002,119.55160000000002,123.35160000000002,124.24840000000002,114.30000000000003,129.5,,,0.0,0.0,0.0,14,35
2019-08-22 14:40:00,117.95,118.0,117.65,117.7,72081,2019-08-22,2019,119.60000000000004,118.10000000000002,123.40000000000003,125.70000000000002,124.2,120.4,123.9,121.1,121.90000000000002,120.44840000000002,119.55160000000002,123.35160000000002,124.24840000000002,114.30000000000003,129.5,,,0.0,0.0,0.0,14,40
2019-08-22 14:45:00,117.75,118.05,117.65,117.9,134603,2019-08-22,2019,119.60000000000004,118.10000000000002,123.40000000000003,125.70000000000002,124.2,120.4,123.9,121.1,121.90000000000002,120.44840000000002,119.55160000000002,123.35160000000002,124.24840000000002,114.30000000000003,129.5,,,0.0,0.0,0.0,14,45
2019-08-22 14:50:00,117.95,118.35,117.7,118.15,520067,2019-08-22,2019,119.60000000000004,118.10000000000002,123.40000000000003,125.70000000000002,124.2,120.4,123.9,121.1,121.90000000000002,120.44840000000002,119.55160000000002,123.35160000000002,124.24840000000002,114.30000000000003,129.5,,,0.0,0.0,0.0,14,50
2019-08-22 14:55:00,118.3,118.3,117.85,118.1,199538,2019-08-22,2019,119.60000000000004,118.10000000000002,123.40000000000003,125.70000000000002,124.2,120.4,123.9,121.1,121.90000000000002,120.44840000000002,119.55160000000002,123.35160000000002,124.24840000000002,114.30000000000003,129.5,,,0.0,0.0,0.0,14,55
2019-08-22 15:00:00,118.05,118.2,117.9,118.2,415529,2019-08-22,2019,119.60000000000004,118.10000000000002,123.40000000000003,125.70000000000002,124.2,120.4,123.9,121.1,121.90000000000002,120.44840000000002,119.55160000000002,123.35160000000002,124.24840000000002,114.30000000000003,129.5,,,0.0,0.0,0.0,15,0
2019-08-22 15:05:00,118.15,118.45,117.95,118.1,476896,2019-08-22,2019,119.60000000000004,118.10000000000002,123.40000000000003,125.70000000000002,124.2,120.4,123.9,121.1,121.90000000000002,120.44840000000002,119.55160000000002,123.35160000000002,124.24840000000002,114.30000000000003,129.5,,,0.0,0.0,0.0,15,5
2019-08-22 15:10:00,118.15,118.3,117.25,117.5,460899,2019-08-22,2019,119.60000000000004,118.10000000000002,123.40000000000003,125.70000000000002,124.2,120.4,123.9,121.1,121.90000000000002,120.44840000000002,119.55160000000002,123.35160000000002,124.24840000000002,114.30000000000003,129.5,,,0.0,0.0,0.0,15,10
2019-08-22 15:15:00,117.45,117.65,117.2,117.5,316489,2019-08-22,2019,119.60000000000004,118.10000000000002,123.40000000000003,125.70000000000002,124.2,120.4,123.9,121.1,121.90000000000002,120.44840000000002,119.55160000000002,123.35160000000002,124.24840000000002,114.30000000000003,129.5,,,0.0,0.0,0.0,15,15
2019-08-22 15:20:00,117.55,117.55,117.2,117.5,236292,2019-08-22,2019,119.60000000000004,118.10000000000002,123.40000000000003,125.70000000000002,124.2,120.4,123.9,121.1,121.90000000000002,120.44840000000002,119.55160000000002,123.35160000000002,124.24840000000002,114.30000000000003,129.5,,,0.0,0.0,0.0,15,20
2019-08-22 15:25:00,117.55,117.95,117.5,117.95,224013,2019-08-22,2019,119.60000000000004,118.10000000000002,123.40000000000003,125.70000000000002,124.2,120.4,123.9,121.1,121.90000000000002,120.44840000000002,119.55160000000002,123.35160000000002,124.24840000000002,114.30000000000003,129.5,,,0.0,0.0,0.0,15,25
2019-08-23 09:15:00,117.0,117.4,116.25,117.1,454018,2019-08-23,2019,115.76666666666665,113.58333333333333,120.81666666666665,123.68333333333332,121.5,116.45,121.05,117.95,118.63333333333333,116.70423333333332,115.51243333333333,120.56243333333333,121.75423333333332,108.53333333333333,128.73333333333332,,,0.0,0.0,0.0,9,15
2019-08-23 09:20:00,117.1,117.7,116.8,117.3,266504,2019-08-23,2019,115.76666666666665,113.58333333333333,120.81666666666665,123.68333333333332,121.5,116.45,121.05,117.95,118.63333333333333,116.70423333333332,115.51243333333333,120.56243333333333,121.75423333333332,108.53333333333333,128.73333333333332,,,0.0,0.0,0.0,9,20
2019-08-23 09:25:00,117.35,117.6,117.05,117.1,102761,2019-08-23,2019,115.76666666666665,113.58333333333333,120.81666666666665,123.68333333333332,121.5,116.45,121.05,117.95,118.63333333333333,116.70423333333332,115.51243333333333,120.56243333333333,121.75423333333332,108.53333333333333,128.73333333333332,,,0.0,0.0,0.0,9,25
2019-08-23 09:30:00,117.1,117.15,116.6,116.8,128503,2019-08-23,2019,115.76666666666665,113.58333333333333,120.81666666666665,123.68333333333332,121.5,116.45,121.05,117.95,118.63333333333333,116.70423333333332,115.51243333333333,120.56243333333333,121.75423333333332,108.53333333333333,128.73333333333332,,,0.0,0.0,0.0,9,30
2019-08-23 09:35:00,116.8,116.85,116.55,116.75,60310,2019-08-23,2019,115.76666666666665,113.58333333333333,120.81666666666665,123.68333333333332,121.5,116.45,121.05,117.95,118.63333333333333,116.70423333333332,115.51243333333333,120.56243333333333,121.75423333333332,108.53333333333333,128.73333333333332,,,0.0,0.0,0.0,9,35
2019-08-23 09:40:00,116.75,117.4,116.7,117.25,95469,2019-08-23,2019,115.76666666666665,113.58333333333333,120.81666666666665,123.68333333333332,121.5,116.45,121.05,117.95,118.63333333333333,116.70423333333332,115.51243333333333,120.56243333333333,121.75423333333332,108.53333333333333,128.73333333333332,,,0.0,0.0,0.0,9,40
2019-08-23 09:45:00,117.25,118.4,117.2,118.25,281727,2019-08-23,2019,115.76666666666665,113.58333333333333,120.81666666666665,123.68333333333332,121.5,116.45,121.05,117.95,118.63333333333333,116.70423333333332,115.51243333333333,120.56243333333333,121.75423333333332,108.53333333333333,128.73333333333332,Entry,Buy,118.25,120.56243333333333,116.25,9,45
2019-08-23 09:50:00,118.3,118.75,118.05,118.05,196986,2019-08-23,2019,115.76666666666665,113.58333333333333,120.81666666666665,123.68333333333332,121.5,116.45,121.05,117.95,118.63333333333333,116.70423333333332,115.51243333333333,120.56243333333333,121.75423333333332,108.53333333333333,128.73333333333332,,,0.0,0.0,0.0,9,50
2019-08-23 09:55:00,118.05,118.25,117.6,117.8,112446,2019-08-23,2019,115.76666666666665,113.58333333333333,120.81666666666665,123.68333333333332,121.5,116.45,121.05,117.95,118.63333333333333,116.70423333333332,115.51243333333333,120.56243333333333,121.75423333333332,108.53333333333333,128.73333333333332,,,0.0,0.0,0.0,9,55
2019-08-23 10:00:00,117.8,118.35,117.8,118.35,87297,2019-08-23,2019,115.76666666666665,113.58333333333333,120.81666666666665,123.68333333333332,121.5,116.45,121.05,117.95,118.63333333333333,116.70423333333332,115.51243333333333,120.56243333333333,121.75423333333332,108.53333333333333,128.73333333333332,,,0.0,0.0,0.0,10,0
2019-08-23 10:05:00,118.35,118.9,118.2,118.8,100382,2019-08-23,2019,115.76666666666665,113.58333333333333,120.81666666666665,123.68333333333332,121.5,116.45,121.05,117.95,118.63333333333333,116.70423333333332,115.51243333333333,120.56243333333333,121.75423333333332,108.53333333333333,128.73333333333332,,,0.0,0.0,0.0,10,5
2019-08-23 10:10:00,118.85,118.85,118.2,118.3,53969,2019-08-23,2019,115.76666666666665,113.58333333333333,120.81666666666665,123.68333333333332,121.5,116.45,121.05,117.95,118.63333333333333,116.70423333333332,115.51243333333333,120.56243333333333,121.75423333333332,108.53333333333333,128.73333333333332,Exit,Sell,118.723,117.12723333333332,118.9,10,10
2019-08-23 10:15:00,118.3,118.7,118.1,118.15,65300,2019-08-23,2019,115.76666666666665,113.58333333333333,120.81666666666665,123.68333333333332,121.5,116.45,121.05,117.95,118.63333333333333,116.70423333333332,115.51243333333333,120.56243333333333,121.75423333333332,108.53333333333333,128.73333333333332,,,0.0,0.0,0.0,10,15
2019-08-23 10:20:00,118.15,118.25,117.85,117.95,57155,2019-08-23,2019,115.76666666666665,113.58333333333333,120.81666666666665,123.68333333333332,121.5,116.45,121.05,117.95,118.63333333333333,116.70423333333332,115.51243333333333,120.56243333333333,121.75423333333332,108.53333333333333,128.73333333333332,Exit,Buy,118.248108,118.93144133333332,116.25,10,20
2019-08-23 10:25:00,117.95,118.55,117.8,118.3,39590,2019-08-23,2019,115.76666666666665,113.58333333333333,120.81666666666665,123.68333333333332,121.5,116.45,121.05,117.95,118.63333333333333,116.70423333333332,115.51243333333333,120.56243333333333,121.75423333333332,108.53333333333333,128.73333333333332,,,0.0,0.0,0.0,10,25
2019-08-23 10:30:00,118.3,118.7,118.3,118.6,57691,2019-08-23,2019,115.76666666666665,113.58333333333333,120.81666666666665,123.68333333333332,121.5,116.45,121.05,117.95,118.63333333333333,116.70423333333332,115.51243333333333,120.56243333333333,121.75423333333332,108.53333333333333,128.73333333333332,,,0.0,0.0,0.0,10,30
2019-08-23 10:35:00,118.65,118.75,118.35,118.65,51707,2019-08-23,2019,115.76666666666665,113.58333333333333,120.81666666666665,123.68333333333332,121.5,116.45,121.05,117.95,118.63333333333333,116.70423333333332,115.51243333333333,120.56243333333333,121.75423333333332,108.53333333333333,128.73333333333332,,,0.0,0.0,0.0,10,35
2019-08-23 10:40:00,118.65,119.0,118.6,119.0,65281,2019-08-23,2019,115.76666666666665,113.58333333333333,120.81666666666665,123.68333333333332,121.5,116.45,121.05,117.95,118.63333333333333,116.70423333333332,115.51243333333333,120.56243333333333,121.75423333333332,108.53333333333333,128.73333333333332,Exit,Sell,118.93144133333332,0.0,0.0,10,40
2019-08-23 10:45:00,119.0,119.15,118.65,118.9,86231,2019-08-23,2019,115.76666666666665,113.58333333333333,120.81666666666665,123.68333333333332,121.5,116.45,121.05,117.95,118.63333333333333,116.70423333333332,115.51243333333333,120.56243333333333,121.75423333333332,108.53333333333333,128.73333333333332,,,0.0,0.0,0.0,10,45
2019-08-23 10:50:00,118.9,119.2,118.8,119.1,58668,2019-08-23,2019,115.76666666666665,113.58333333333333,120.81666666666665,123.68333333333332,121.5,116.45,121.05,117.95,118.63333333333333,116.70423333333332,115.51243333333333,120.56243333333333,121.75423333333332,108.53333333333333,128.73333333333332,,,0.0,0.0,0.0,10,50
2019-08-23 10:55:00,119.15,119.2,118.85,118.9,54478,2019-08-23,2019,115.76666666666665,113.58333333333333,120.81666666666665,123.68333333333332,121.5,116.45,121.05,117.95,118.63333333333333,116.70423333333332,115.51243333333333,120.56243333333333,121.75423333333332,108.53333333333333,128.73333333333332,,,0.0,0.0,0.0,10,55
2019-08-23 11:00:00,118.9,119.2,118.9,119.2,43558,2019-08-23,2019,115.76666666666665,113.58333333333333,120.81666666666665,123.68333333333332,121.5,116.45,121.05,117.95,118.63333333333333,116.70423333333332,115.51243333333333,120.56243333333333,121.75423333333332,108.53333333333333,128.73333333333332,,,0.0,0.0,0.0,11,0
2019-08-23 11:05:00,119.2,119.4,118.95,119.3,110321,2019-08-23,2019,115.76666666666665,113.58333333333333,120.81666666666665,123.68333333333332,121.5,116.45,121.05,117.95,118.63333333333333,116.70423333333332,115.51243333333333,120.56243333333333,121.75423333333332,108.53333333333333,128.73333333333332,,,0.0,0.0,0.0,11,5
2019-08-23 11:10:00,119.4,119.5,119.1,119.25,118098,2019-08-23,2019,115.76666666666665,113.58333333333333,120.81666666666665,123.68333333333332,121.5,116.45,121.05,117.95,118.63333333333333,116.70423333333332,115.51243333333333,120.56243333333333,121.75423333333332,108.53333333333333,128.73333333333332,,,0.0,0.0,0.0,11,10
2019-08-23 11:15:00,119.25,119.55,118.85,118.85,102385,2019-08-23,2019,115.76666666666665,113.58333333333333,120.81666666666665,123.68333333333332,121.5,116.45,121.05,117.95,118.63333333333333,116.70423333333332,115.51243333333333,120.56243333333333,121.75423333333332,108.53333333333333,128.73333333333332,,,0.0,0.0,0.0,11,15
2019-08-23 11:20:00,118.85,119.0,118.8,118.85,41463,2019-08-23,2019,115.76666666666665,113.58333333333333,120.81666666666665,123.68333333333332,121.5,116.45,121.05,117.95,118.63333333333333,116.70423333333332,115.51243333333333,120.56243333333333,121.75423333333332,108.53333333333333,128.73333333333332,,,0.0,0.0,0.0,11,20
2019-08-23 11:25:00,118.85,119.5,118.85,119.5,56278,2019-08-23,2019,115.76666666666665,113.58333333333333,120.81666666666665,123.68333333333332,121.5,116.45,121.05,117.95,118.63333333333333,116.70423333333332,115.51243333333333,120.56243333333333,121.75423333333332,108.53333333333333,128.73333333333332,,,0.0,0.0,0.0,11,25
2019-08-23 11:30:00,119.55,119.65,119.4,119.6,85982,2019-08-23,2019,115.76666666666665,113.58333333333333,120.81666666666665,123.68333333333332,121.5,116.45,121.05,117.95,118.63333333333333,116.70423333333332,115.51243333333333,120.56243333333333,121.75423333333332,108.53333333333333,128.73333333333332,,,0.0,0.0,0.0,11,30
2019-08-23 11:35:00,119.6,119.9,119.4,119.5,100251,2019-08-23,2019,115.76666666666665,113.58333333333333,120.81666666666665,123.68333333333332,121.5,116.45,121.05,117.95,118.63333333333333,116.70423333333332,115.51243333333333,120.56243333333333,121.75423333333332,108.53333333333333,128.73333333333332,,,0.0,0.0,0.0,11,35
2019-08-23 11:40:00,119.4,119.6,119.05,119.3,50926,2019-08-23,2019,115.76666666666665,113.58333333333333,120.81666666666665,123.68333333333332,121.5,116.45,121.05,117.95,118.63333333333333,116.70423333333332,115.51243333333333,120.56243333333333,121.75423333333332,108.53333333333333,128.73333333333332,,,0.0,0.0,0.0,11,40
2019-08-23 11:45:00,119.3,119.5,119.3,119.5,35457,2019-08-23,2019,115.76666666666665,113.58333333333333,120.81666666666665,123.68333333333332,121.5,116.45,121.05,117.95,118.63333333333333,116.70423333333332,115.51243333333333,120.56243333333333,121.75423333333332,108.53333333333333,128.73333333333332,,,0.0,0.0,0.0,11,45
2019-08-23 11:50:00,119.5,119.9,119.4,119.75,80067,2019-08-23,2019,115.76666666666665,113.58333333333333,120.81666666666665,123.68333333333332,121.5,116.45,121.05,117.95,118.63333333333333,116.70423333333332,115.51243333333333,120.56243333333333,121.75423333333332,108.53333333333333,128.73333333333332,,,0.0,0.0,0.0,11,50
2019-08-23 11:55:00,119.75,119.9,119.7,119.8,33906,2019-08-23,2019,115.76666666666665,113.58333333333333,120.81666666666665,123.68333333333332,121.5,116.45,121.05,117.95,118.63333333333333,116.70423333333332,115.51243333333333,120.56243333333333,121.75423333333332,108.53333333333333,128.73333333333332,,,0.0,0.0,0.0,11,55
2019-08-23 12:00:00,119.8,119.9,119.55,119.9,75696,2019-08-23,2019,115.76666666666665,113.58333333333333,120.81666666666665,123.68333333333332,121.5,116.45,121.05,117.95,118.63333333333333,116.70423333333332,115.51243333333333,120.56243333333333,121.75423333333332,108.53333333333333,128.73333333333332,,,0.0,0.0,0.0,12,0
2019-08-23 12:05:00,119.9,119.95,119.6,119.9,91370,2019-08-23,2019,115.76666666666665,113.58333333333333,120.81666666666665,123.68333333333332,121.5,116.45,121.05,117.95,118.63333333333333,116.70423333333332,115.51243333333333,120.56243333333333,121.75423333333332,108.53333333333333,128.73333333333332,,,0.0,0.0,0.0,12,5
2019-08-23 12:10:00,119.9,120.05,119.7,119.9,73851,2019-08-23,2019,115.76666666666665,113.58333333333333,120.81666666666665,123.68333333333332,121.5,116.45,121.05,117.95,118.63333333333333,116.70423333333332,115.51243333333333,120.56243333333333,121.75423333333332,108.53333333333333,128.73333333333332,,,0.0,0.0,0.0,12,10
2019-08-23 12:15:00,119.9,120.6,119.9,120.45,130325,2019-08-23,2019,115.76666666666665,113.58333333333333,120.81666666666665,123.68333333333332,121.5,116.45,121.05,117.95,118.63333333333333,116.70423333333332,115.51243333333333,120.56243333333333,121.75423333333332,108.53333333333333,128.73333333333332,,,0.0,0.0,0.0,12,15
2019-08-23 12:20:00,120.45,120.75,120.05,120.05,78972,2019-08-23,2019,115.76666666666665,113.58333333333333,120.81666666666665,123.68333333333332,121.5,116.45,121.05,117.95,118.63333333333333,116.70423333333332,115.51243333333333,120.56243333333333,121.75423333333332,108.53333333333333,128.73333333333332,,,0.0,0.0,0.0,12,20
2019-08-23 12:25:00,120.05,120.4,120.05,120.3,21129,2019-08-23,2019,115.76666666666665,113.58333333333333,120.81666666666665,123.68333333333332,121.5,116.45,121.05,117.95,118.63333333333333,116.70423333333332,115.51243333333333,120.56243333333333,121.75423333333332,108.53333333333333,128.73333333333332,,,0.0,0.0,0.0,12,25
2019-08-23 12:30:00,120.3,120.8,120.25,120.65,62954,2019-08-23,2019,115.76666666666665,113.58333333333333,120.81666666666665,123.68333333333332,121.5,116.45,121.05,117.95,118.63333333333333,116.70423333333332,115.51243333333333,120.56243333333333,121.75423333333332,108.53333333333333,128.73333333333332,,,0.0,0.0,0.0,12,30
2019-08-23 12:35:00,120.65,120.85,120.55,120.75,57214,2019-08-23,2019,115.76666666666665,113.58333333333333,120.81666666666665,123.68333333333332,121.5,116.45,121.05,117.95,118.63333333333333,116.70423333333332,115.51243333333333,120.56243333333333,121.75423333333332,108.53333333333333,128.73333333333332,,,0.0,0.0,0.0,12,35
2019-08-23 12:40:00,120.75,120.9,120.45,120.55,78049,2019-08-23,2019,115.76666666666665,113.58333333333333,120.81666666666665,123.68333333333332,121.5,116.45,121.05,117.95,118.63333333333333,116.70423333333332,115.51243333333333,120.56243333333333,121.75423333333332,108.53333333333333,128.73333333333332,,,0.0,0.0,0.0,12,40
2019-08-23 12:45:00,120.55,120.95,120.5,120.9,83498,2019-08-23,2019,115.76666666666665,113.58333333333333,120.81666666666665,123.68333333333332,121.5,116.45,121.05,117.95,118.63333333333333,116.70423333333332,115.51243333333333,120.56243333333333,121.75423333333332,108.53333333333333,128.73333333333332,,,0.0,0.0,0.0,12,45
2019-08-23 12:50:00,120.95,120.95,120.8,120.8,50809,2019-08-23,2019,115.76666666666665,113.58333333333333,120.81666666666665,123.68333333333332,121.5,116.45,121.05,117.95,118.63333333333333,116.70423333333332,115.51243333333333,120.56243333333333,121.75423333333332,108.53333333333333,128.73333333333332,,,0.0,0.0,0.0,12,50
2019-08-23 12:55:00,120.8,120.95,120.7,120.9,80842,2019-08-23,2019,115.76666666666665,113.58333333333333,120.81666666666665,123.68333333333332,121.5,116.45,121.05,117.95,118.63333333333333,116.70423333333332,115.51243333333333,120.56243333333333,121.75423333333332,108.53333333333333,128.73333333333332,,,0.0,0.0,0.0,12,55
2019-08-23 13:00:00,120.9,121.0,120.75,120.9,82857,2019-08-23,2019,115.76666666666665,113.58333333333333,120.81666666666665,123.68333333333332,121.5,116.45,121.05,117.95,118.63333333333333,116.70423333333332,115.51243333333333,120.56243333333333,121.75423333333332,108.53333333333333,128.73333333333332,,,0.0,0.0,0.0,13,0
2019-08-23 13:05:00,120.9,121.3,120.9,121.3,129590,2019-08-23,2019,115.76666666666665,113.58333333333333,120.81666666666665,123.68333333333332,121.5,116.45,121.05,117.95,118.63333333333333,116.70423333333332,115.51243333333333,120.56243333333333,121.75423333333332,108.53333333333333,128.73333333333332,,,0.0,0.0,0.0,13,5
2019-08-23 13:10:00,121.2,121.6,121.05,121.55,101324,2019-08-23,2019,115.76666666666665,113.58333333333333,120.81666666666665,123.68333333333332,121.5,116.45,121.05,117.95,118.63333333333333,116.70423333333332,115.51243333333333,120.56243333333333,121.75423333333332,108.53333333333333,128.73333333333332,,,0.0,0.0,0.0,13,10
2019-08-23 13:15:00,121.55,122.4,121.45,122.25,257915,2019-08-23,2019,115.76666666666665,113.58333333333333,120.81666666666665,123.68333333333332,121.5,116.45,121.05,117.95,118.63333333333333,116.70423333333332,115.51243333333333,120.56243333333333,121.75423333333332,108.53333333333333,128.73333333333332,,,0.0,0.0,0.0,13,15
2019-08-23 13:20:00,122.5,123.4,122.25,122.8,380252,2019-08-23,2019,115.76666666666665,113.58333333333333,120.81666666666665,123.68333333333332,121.5,116.45,121.05,117.95,118.63333333333333,116.70423333333332,115.51243333333333,120.56243333333333,121.75423333333332,108.53333333333333,128.73333333333332,,,0.0,0.0,0.0,13,20
2019-08-23 13:25:00,122.75,124.1,122.5,123.7,272953,2019-08-23,2019,115.76666666666665,113.58333333333333,120.81666666666665,123.68333333333332,121.5,116.45,121.05,117.95,118.63333333333333,116.70423333333332,115.51243333333333,120.56243333333333,121.75423333333332,108.53333333333333,128.73333333333332,,,0.0,0.0,0.0,13,25
2019-08-23 13:30:00,123.7,123.75,122.9,123.05,156703,2019-08-23,2019,115.76666666666665,113.58333333333333,120.81666666666665,123.68333333333332,121.5,116.45,121.05,117.95,118.63333333333333,116.70423333333332,115.51243333333333,120.56243333333333,121.75423333333332,108.53333333333333,128.73333333333332,,,0.0,0.0,0.0,13,30
2019-08-23 13:35:00,123.05,123.7,122.9,123.55,130505,2019-08-23,2019,115.76666666666665,113.58333333333333,120.81666666666665,123.68333333333332,121.5,116.45,121.05,117.95,118.63333333333333,116.70423333333332,115.51243333333333,120.56243333333333,121.75423333333332,108.53333333333333,128.73333333333332,,,0.0,0.0,0.0,13,35
2019-08-23 13:40:00,123.55,123.8,123.45,123.6,131981,2019-08-23,2019,115.76666666666665,113.58333333333333,120.81666666666665,123.68333333333332,121.5,116.45,121.05,117.95,118.63333333333333,116.70423333333332,115.51243333333333,120.56243333333333,121.75423333333332,108.53333333333333,128.73333333333332,,,0.0,0.0,0.0,13,40
2019-08-23 13:45:00,123.6,123.95,123.55,123.7,180911,2019-08-23,2019,115.76666666666665,113.58333333333333,120.81666666666665,123.68333333333332,121.5,116.45,121.05,117.95,118.63333333333333,116.70423333333332,115.51243333333333,120.56243333333333,121.75423333333332,108.53333333333333,128.73333333333332,,,0.0,0.0,0.0,13,45
2019-08-23 13:50:00,123.7,123.8,123.4,123.45,61568,2019-08-23,2019,115.76666666666665,113.58333333333333,120.81666666666665,123.68333333333332,121.5,116.45,121.05,117.95,118.63333333333333,116.70423333333332,115.51243333333333,120.56243333333333,121.75423333333332,108.53333333333333,128.73333333333332,,,0.0,0.0,0.0,13,50
2019-08-23 13:55:00,123.45,123.7,123.0,123.3,176041,2019-08-23,2019,115.76666666666665,113.58333333333333,120.81666666666665,123.68333333333332,121.5,116.45,121.05,117.95,118.63333333333333,116.70423333333332,115.51243333333333,120.56243333333333,121.75423333333332,108.53333333333333,128.73333333333332,,,0.0,0.0,0.0,13,55
2019-08-23 14:00:00,123.3,123.6,123.3,123.4,94618,2019-08-23,2019,115.76666666666665,113.58333333333333,120.81666666666665,123.68333333333332,121.5,116.45,121.05,117.95,118.63333333333333,116.70423333333332,115.51243333333333,120.56243333333333,121.75423333333332,108.53333333333333,128.73333333333332,,,0.0,0.0,0.0,14,0
2019-08-23 14:05:00,123.4,123.55,123.2,123.25,64530,2019-08-23,2019,115.76666666666665,113.58333333333333,120.81666666666665,123.68333333333332,121.5,116.45,121.05,117.95,118.63333333333333,116.70423333333332,115.51243333333333,120.56243333333333,121.75423333333332,108.53333333333333,128.73333333333332,,,0.0,0.0,0.0,14,5
2019-08-23 14:10:00,123.25,123.35,123.15,123.2,56501,2019-08-23,2019,115.76666666666665,113.58333333333333,120.81666666666665,123.68333333333332,121.5,116.45,121.05,117.95,118.63333333333333,116.70423333333332,115.51243333333333,120.56243333333333,121.75423333333332,108.53333333333333,128.73333333333332,,,0.0,0.0,0.0,14,10
2019-08-23 14:15:00,123.15,123.5,123.15,123.2,42453,2019-08-23,2019,115.76666666666665,113.58333333333333,120.81666666666665,123.68333333333332,121.5,116.45,121.05,117.95,118.63333333333333,116.70423333333332,115.51243333333333,120.56243333333333,121.75423333333332,108.53333333333333,128.73333333333332,,,0.0,0.0,0.0,14,15
2019-08-23 14:20:00,123.2,123.2,122.7,122.8,108312,2019-08-23,2019,115.76666666666665,113.58333333333333,120.81666666666665,123.68333333333332,121.5,116.45,121.05,117.95,118.63333333333333,116.70423333333332,115.51243333333333,120.56243333333333,121.75423333333332,108.53333333333333,128.73333333333332,,,0.0,0.0,0.0,14,20
2019-08-23 14:25:00,122.8,122.9,122.6,122.85,72684,2019-08-23,2019,115.76666666666665,113.58333333333333,120.81666666666665,123.68333333333332,121.5,116.45,121.05,117.95,118.63333333333333,116.70423333333332,115.51243333333333,120.56243333333333,121.75423333333332,108.53333333333333,128.73333333333332,,,0.0,0.0,0.0,14,25
2019-08-23 14:30:00,122.8,123.5,122.8,123.2,50513,2019-08-23,2019,115.76666666666665,113.58333333333333,120.81666666666665,123.68333333333332,121.5,116.45,121.05,117.95,118.63333333333333,116.70423333333332,115.51243333333333,120.56243333333333,121.75423333333332,108.53333333333333,128.73333333333332,,,0.0,0.0,0.0,14,30
2019-08-23 14:35:00,123.1,123.3,122.95,123.15,93145,2019-08-23,2019,115.76666666666665,113.58333333333333,120.81666666666665,123.68333333333332,121.5,116.45,121.05,117.95,118.63333333333333,116.70423333333332,115.51243333333333,120.56243333333333,121.75423333333332,108.53333333333333,128.73333333333332,,,0.0,0.0,0.0,14,35
2019-08-23 14:40:00,123.15,123.45,123.05,123.15,75136,2019-08-23,2019,115.76666666666665,113.58333333333333,120.81666666666665,123.68333333333332,121.5,116.45,121.05,117.95,118.63333333333333,116.70423333333332,115.51243333333333,120.56243333333333,121.75423333333332,108.53333333333333,128.73333333333332,,,0.0,0.0,0.0,14,40
2019-08-23 14:45:00,123.15,123.35,122.95,123.05,82008,2019-08-23,2019,115.76666666666665,113.58333333333333,120.81666666666665,123.68333333333332,121.5,116.45,121.05,117.95,118.63333333333333,116.70423333333332,115.51243333333333,120.56243333333333,121.75423333333332,108.53333333333333,128.73333333333332,,,0.0,0.0,0.0,14,45
2019-08-23 14:50:00,123.05,123.15,122.65,122.7,80129,2019-08-23,2019,115.76666666666665,113.58333333333333,120.81666666666665,123.68333333333332,121.5,116.45,121.05,117.95,118.63333333333333,116.70423333333332,115.51243333333333,120.56243333333333,121.75423333333332,108.53333333333333,128.73333333333332,,,0.0,0.0,0.0,14,50
2019-08-23 14:55:00,122.7,123.15,122.6,122.75,105800,2019-08-23,2019,115.76666666666665,113.58333333333333,120.81666666666665,123.68333333333332,121.5,116.45,121.05,117.95,118.63333333333333,116.70423333333332,115.51243333333333,120.56243333333333,121.75423333333332,108.53333333333333,128.73333333333332,,,0.0,0.0,0.0,14,55
2019-08-23 15:00:00,122.8,123.1,122.6,122.7,106245,2019-08-23,2019,115.76666666666665,113.58333333333333,120.81666666666665,123.68333333333332,121.5,116.45,121.05,117.95,118.63333333333333,116.70423333333332,115.51243333333333,120.56243333333333,121.75423333333332,108.53333333333333,128.73333333333332,,,0.0,0.0,0.0,15,0
2019-08-23 15:05:00,122.7,122.95,122.6,122.75,115678,2019-08-23,2019,115.76666666666665,113.58333333333333,120.81666666666665,123.68333333333332,121.5,116.45,121.05,117.95,118.63333333333333,116.70423333333332,115.51243333333333,120.56243333333333,121.75423333333332,108.53333333333333,128.73333333333332,,,0.0,0.0,0.0,15,5
2019-08-23 15:10:00,122.75,123.05,122.7,122.8,196314,2019-08-23,2019,115.76666666666665,113.58333333333333,120.81666666666665,123.68333333333332,121.5,116.45,121.05,117.95,118.63333333333333,116.70423333333332,115.51243333333333,120.56243333333333,121.75423333333332,108.53333333333333,128.73333333333332,,,0.0,0.0,0.0,15,10
2019-08-23 15:15:00,122.75,122.95,122.75,122.85,176291,2019-08-23,2019,115.76666666666665,113.58333333333333,120.81666666666665,123.68333333333332,121.5,116.45,121.05,117.95,118.63333333333333,116.70423333333332,115.51243333333333,120.56243333333333,121.75423333333332,108.53333333333333,128.73333333333332,,,0.0,0.0,0.0,15,15
2019-08-23 15:20:00,122.85,123.0,122.65,122.65,147739,2019-08-23,2019,115.76666666666665,113.58333333333333,120.81666666666665,123.68333333333332,121.5,116.45,121.05,117.95,118.63333333333333,116.70423333333332,115.51243333333333,120.56243333333333,121.75423333333332,108.53333333333333,128.73333333333332,,,0.0,0.0,0.0,15,20
2019-08-23 15:25:00,122.65,122.85,122.6,122.7,95534,2019-08-23,2019,115.76666666666665,113.58333333333333,120.81666666666665,123.68333333333332,121.5,116.45,121.05,117.95,118.63333333333333,116.70423333333332,115.51243333333333,120.56243333333333,121.75423333333332,108.53333333333333,128.73333333333332,,,0.0,0.0,0.0,15,25
2019-08-26 09:15:00,124.1,124.75,122.35,122.8,558945,2019-08-26,2019,117.93333333333334,113.16666666666667,125.78333333333333,128.86666666666667,124.1,116.25,117.0,122.7,121.01666666666667,118.01796666666667,116.16536666666667,124.01536666666667,125.86796666666666,105.31666666666668,136.71666666666664,,,0.0,0.0,0.0,9,15
2019-08-26 09:20:00,122.8,123.2,122.2,122.75,145208,2019-08-26,2019,117.93333333333334,113.16666666666667,125.78333333333333,128.86666666666667,124.1,116.25,117.0,122.7,121.01666666666667,118.01796666666667,116.16536666666667,124.01536666666667,125.86796666666666,105.31666666666668,136.71666666666664,,,0.0,0.0,0.0,9,20
2019-08-26 09:25:00,122.75,122.75,121.5,121.75,174613,2019-08-26,2019,117.93333333333334,113.16666666666667,125.78333333333333,128.86666666666667,124.1,116.25,117.0,122.7,121.01666666666667,118.01796666666667,116.16536666666667,124.01536666666667,125.86796666666666,105.31666666666668,136.71666666666664,Entry,Sell,121.75,121.01666666666667,124.75,9,25
2019-08-26 09:30:00,121.6,121.85,121.3,121.7,123055,2019-08-26,2019,117.93333333333334,113.16666666666667,125.78333333333333,128.86666666666667,124.1,116.25,117.0,122.7,121.01666666666667,118.01796666666667,116.16536666666667,124.01536666666667,125.86796666666666,105.31666666666668,136.71666666666664,,,0.0,0.0,0.0,9,30
2019-08-26 09:35:00,121.65,122.3,121.4,121.5,163582,2019-08-26,2019,117.93333333333334,113.16666666666667,125.78333333333333,128.86666666666667,124.1,116.25,117.0,122.7,121.01666666666667,118.01796666666667,116.16536666666667,124.01536666666667,125.86796666666666,105.31666666666668,136.71666666666664,,,0.0,0.0,0.0,9,35
2019-08-26 09:40:00,121.55,121.65,121.0,121.3,182789,2019-08-26,2019,117.93333333333334,113.16666666666667,125.78333333333333,128.86666666666667,124.1,116.25,117.0,122.7,121.01666666666667,118.01796666666667,116.16536666666667,124.01536666666667,125.86796666666666,105.31666666666668,136.71666666666664,Exit,Buy,121.01666666666667,0.0,0.0,9,40
2019-08-26 09:45:00,121.3,121.4,120.7,120.95,209907,2019-08-26,2019,117.93333333333334,113.16666666666667,125.78333333333333,128.86666666666667,124.1,116.25,117.0,122.7,121.01666666666667,118.01796666666667,116.16536666666667,124.01536666666667,125.86796666666666,105.31666666666668,136.71666666666664,,,0.0,0.0,0.0,9,45
2019-08-26 09:50:00,120.95,121.65,120.8,120.9,149316,2019-08-26,2019,117.93333333333334,113.16666666666667,125.78333333333333,128.86666666666667,124.1,116.25,117.0,122.7,121.01666666666667,118.01796666666667,116.16536666666667,124.01536666666667,125.86796666666666,105.31666666666668,136.71666666666664,,,0.0,0.0,0.0,9,50
2019-08-26 09:55:00,120.9,121.4,120.85,121.15,115667,2019-08-26,2019,117.93333333333334,113.16666666666667,125.78333333333333,128.86666666666667,124.1,116.25,117.0,122.7,121.01666666666667,118.01796666666667,116.16536666666667,124.01536666666667,125.86796666666666,105.31666666666668,136.71666666666664,,,0.0,0.0,0.0,9,55
2019-08-26 10:00:00,121.15,121.3,120.35,120.35,173883,2019-08-26,2019,117.93333333333334,113.16666666666667,125.78333333333333,128.86666666666667,124.1,116.25,117.0,122.7,121.01666666666667,118.01796666666667,116.16536666666667,124.01536666666667,125.86796666666666,105.31666666666668,136.71666666666664,,,0.0,0.0,0.0,10,0
2019-08-26 10:05:00,120.4,120.7,120.0,120.1,161754,2019-08-26,2019,117.93333333333334,113.16666666666667,125.78333333333333,128.86666666666667,124.1,116.25,117.0,122.7,121.01666666666667,118.01796666666667,116.16536666666667,124.01536666666667,125.86796666666666,105.31666666666668,136.71666666666664,,,0.0,0.0,0.0,10,5
2019-08-26 10:10:00,120.1,120.85,119.75,120.75,240329,2019-08-26,2019,117.93333333333334,113.16666666666667,125.78333333333333,128.86666666666667,124.1,116.25,117.0,122.7,121.01666666666667,118.01796666666667,116.16536666666667,124.01536666666667,125.86796666666666,105.31666666666668,136.71666666666664,,,0.0,0.0,0.0,10,10
2019-08-26 10:15:00,120.75,121.65,120.7,121.45,205568,2019-08-26,2019,117.93333333333334,113.16666666666667,125.78333333333333,128.86666666666667,124.1,116.25,117.0,122.7,121.01666666666667,118.01796666666667,116.16536666666667,124.01536666666667,125.86796666666666,105.31666666666668,136.71666666666664,,,0.0,0.0,0.0,10,15
2019-08-26 10:20:00,121.5,121.95,121.3,121.35,206481,2019-08-26,2019,117.93333333333334,113.16666666666667,125.78333333333333,128.86666666666667,124.1,116.25,117.0,122.7,121.01666666666667,118.01796666666667,116.16536666666667,124.01536666666667,125.86796666666666,105.31666666666668,136.71666666666664,,,0.0,0.0,0.0,10,20
2019-08-26 10:25:00,121.35,122.0,121.25,121.7,162168,2019-08-26,2019,117.93333333333334,113.16666666666667,125.78333333333333,128.86666666666667,124.1,116.25,117.0,122.7,121.01666666666667,118.01796666666667,116.16536666666667,124.01536666666667,125.86796666666666,105.31666666666668,136.71666666666664,,,0.0,0.0,0.0,10,25
2019-08-26 10:30:00,121.85,122.15,121.7,122.0,221320,2019-08-26,2019,117.93333333333334,113.16666666666667,125.78333333333333,128.86666666666667,124.1,116.25,117.0,122.7,121.01666666666667,118.01796666666667,116.16536666666667,124.01536666666667,125.86796666666666,105.31666666666668,136.71666666666664,,,0.0,0.0,0.0,10,30
2019-08-26 10:35:00,122.0,122.1,121.8,121.95,147786,2019-08-26,2019,117.93333333333334,113.16666666666667,125.78333333333333,128.86666666666667,124.1,116.25,117.0,122.7,121.01666666666667,118.01796666666667,116.16536666666667,124.01536666666667,125.86796666666666,105.31666666666668,136.71666666666664,,,0.0,0.0,0.0,10,35
2019-08-26 10:40:00,121.95,122.0,121.45,121.5,107264,2019-08-26,2019,117.93333333333334,113.16666666666667,125.78333333333333,128.86666666666667,124.1,116.25,117.0,122.7,121.01666666666667,118.01796666666667,116.16536666666667,124.01536666666667,125.86796666666666,105.31666666666668,136.71666666666664,,,0.0,0.0,0.0,10,40
2019-08-26 10:45:00,121.6,121.85,121.45,121.5,92193,2019-08-26,2019,117.93333333333334,113.16666666666667,125.78333333333333,128.86666666666667,124.1,116.25,117.0,122.7,121.01666666666667,118.01796666666667,116.16536666666667,124.01536666666667,125.86796666666666,105.31666666666668,136.71666666666664,,,0.0,0.0,0.0,10,45
2019-08-26 10:50:00,121.5,122.1,121.5,121.85,133420,2019-08-26,2019,117.93333333333334,113.16666666666667,125.78333333333333,128.86666666666667,124.1,116.25,117.0,122.7,121.01666666666667,118.01796666666667,116.16536666666667,124.01536666666667,125.86796666666666,105.31666666666668,136.71666666666664,,,0.0,0.0,0.0,10,50
2019-08-26 10:55:00,121.85,122.0,121.6,121.75,104234,2019-08-26,2019,117.93333333333334,113.16666666666667,125.78333333333333,128.86666666666667,124.1,116.25,117.0,122.7,121.01666666666667,118.01796666666667,116.16536666666667,124.01536666666667,125.86796666666666,105.31666666666668,136.71666666666664,,,0.0,0.0,0.0,10,55
2019-08-26 11:00:00,121.75,122.0,121.65,121.7,88216,2019-08-26,2019,117.93333333333334,113.16666666666667,125.78333333333333,128.86666666666667,124.1,116.25,117.0,122.7,121.01666666666667,118.01796666666667,116.16536666666667,124.01536666666667,125.86796666666666,105.31666666666668,136.71666666666664,,,0.0,0.0,0.0,11,0
2019-08-26 11:05:00,121.7,122.2,121.65,122.05,135783,2019-08-26,2019,117.93333333333334,113.16666666666667,125.78333333333333,128.86666666666667,124.1,116.25,117.0,122.7,121.01666666666667,118.01796666666667,116.16536666666667,124.01536666666667,125.86796666666666,105.31666666666668,136.71666666666664,,,0.0,0.0,0.0,11,5
2019-08-26 11:10:00,122.1,122.35,122.0,122.35,137248,2019-08-26,2019,117.93333333333334,113.16666666666667,125.78333333333333,128.86666666666667,124.1,116.25,117.0,122.7,121.01666666666667,118.01796666666667,116.16536666666667,124.01536666666667,125.86796666666666,105.31666666666668,136.71666666666664,,,0.0,0.0,0.0,11,10
2019-08-26 11:15:00,122.25,123.35,122.25,123.15,264856,2019-08-26,2019,117.93333333333334,113.16666666666667,125.78333333333333,128.86666666666667,124.1,116.25,117.0,122.7,121.01666666666667,118.01796666666667,116.16536666666667,124.01536666666667,125.86796666666666,105.31666666666668,136.71666666666664,,,0.0,0.0,0.0,11,15
2019-08-26 11:20:00,123.15,123.4,122.95,123.0,149952,2019-08-26,2019,117.93333333333334,113.16666666666667,125.78333333333333,128.86666666666667,124.1,116.25,117.0,122.7,121.01666666666667,118.01796666666667,116.16536666666667,124.01536666666667,125.86796666666666,105.31666666666668,136.71666666666664,,,0.0,0.0,0.0,11,20
2019-08-26 11:25:00,123.0,123.25,122.6,122.95,157098,2019-08-26,2019,117.93333333333334,113.16666666666667,125.78333333333333,128.86666666666667,124.1,116.25,117.0,122.7,121.01666666666667,118.01796666666667,116.16536666666667,124.01536666666667,125.86796666666666,105.31666666666668,136.71666666666664,,,0.0,0.0,0.0,11,25
2019-08-26 11:30:00,122.95,123.4,122.75,123.3,127720,2019-08-26,2019,117.93333333333334,113.16666666666667,125.78333333333333,128.86666666666667,124.1,116.25,117.0,122.7,121.01666666666667,118.01796666666667,116.16536666666667,124.01536666666667,125.86796666666666,105.31666666666668,136.71666666666664,,,0.0,0.0,0.0,11,30
2019-08-26 11:35:00,123.3,123.65,123.0,123.55,228244,2019-08-26,2019,117.93333333333334,113.16666666666667,125.78333333333333,128.86666666666667,124.1,116.25,117.0,122.7,121.01666666666667,118.01796666666667,116.16536666666667,124.01536666666667,125.86796666666666,105.31666666666668,136.71666666666664,,,0.0,0.0,0.0,11,35
2019-08-26 11:40:00,123.55,123.75,123.3,123.45,130457,2019-08-26,2019,117.93333333333334,113.16666666666667,125.78333333333333,128.86666666666667,124.1,116.25,117.0,122.7,121.01666666666667,118.01796666666667,116.16536666666667,124.01536666666667,125.86796666666666,105.31666666666668,136.71666666666664,,,0.0,0.0,0.0,11,40
2019-08-26 11:45:00,123.5,123.55,123.0,123.15,96340,2019-08-26,2019,117.93333333333334,113.16666666666667,125.78333333333333,128.86666666666667,124.1,116.25,117.0,122.7,121.01666666666667,118.01796666666667,116.16536666666667,124.01536666666667,125.86796666666666,105.31666666666668,136.71666666666664,,,0.0,0.0,0.0,11,45
2019-08-26 11:50:00,123.1,123.4,123.05,123.1,84482,2019-08-26,2019,117.93333333333334,113.16666666666667,125.78333333333333,128.86666666666667,124.1,116.25,117.0,122.7,121.01666666666667,118.01796666666667,116.16536666666667,124.01536666666667,125.86796666666666,105.31666666666668,136.71666666666664,,,0.0,0.0,0.0,11,50
2019-08-26 11:55:00,123.1,123.35,122.9,123.0,169395,2019-08-26,2019,117.93333333333334,113.16666666666667,125.78333333333333,128.86666666666667,124.1,116.25,117.0,122.7,121.01666666666667,118.01796666666667,116.16536666666667,124.01536666666667,125.86796666666666,105.31666666666668,136.71666666666664,,,0.0,0.0,0.0,11,55
2019-08-26 12:00:00,123.0,123.3,123.0,123.05,112034,2019-08-26,2019,117.93333333333334,113.16666666666667,125.78333333333333,128.86666666666667,124.1,116.25,117.0,122.7,121.01666666666667,118.01796666666667,116.16536666666667,124.01536666666667,125.86796666666666,105.31666666666668,136.71666666666664,,,0.0,0.0,0.0,12,0
2019-08-26 12:05:00,123.05,123.1,122.65,122.8,152467,2019-08-26,2019,117.93333333333334,113.16666666666667,125.78333333333333,128.86666666666667,124.1,116.25,117.0,122.7,121.01666666666667,118.01796666666667,116.16536666666667,124.01536666666667,125.86796666666666,105.31666666666668,136.71666666666664,,,0.0,0.0,0.0,12,5
2019-08-26 12:10:00,122.8,123.15,122.75,122.85,88669,2019-08-26,2019,117.93333333333334,113.16666666666667,125.78333333333333,128.86666666666667,124.1,116.25,117.0,122.7,121.01666666666667,118.01796666666667,116.16536666666667,124.01536666666667,125.86796666666666,105.31666666666668,136.71666666666664,,,0.0,0.0,0.0,12,10
2019-08-26 12:15:00,122.85,122.95,122.7,122.9,84427,2019-08-26,2019,117.93333333333334,113.16666666666667,125.78333333333333,128.86666666666667,124.1,116.25,117.0,122.7,121.01666666666667,118.01796666666667,116.16536666666667,124.01536666666667,125.86796666666666,105.31666666666668,136.71666666666664,,,0.0,0.0,0.0,12,15
2019-08-26 12:20:00,122.9,123.1,122.8,123.05,101694,2019-08-26,2019,117.93333333333334,113.16666666666667,125.78333333333333,128.86666666666667,124.1,116.25,117.0,122.7,121.01666666666667,118.01796666666667,116.16536666666667,124.01536666666667,125.86796666666666,105.31666666666668,136.71666666666664,,,0.0,0.0,0.0,12,20
2019-08-26 12:25:00,123.0,123.4,123.0,123.35,107830,2019-08-26,2019,117.93333333333334,113.16666666666667,125.78333333333333,128.86666666666667,124.1,116.25,117.0,122.7,121.01666666666667,118.01796666666667,116.16536666666667,124.01536666666667,125.86796666666666,105.31666666666668,136.71666666666664,,,0.0,0.0,0.0,12,25
2019-08-26 12:30:00,123.4,123.7,123.3,123.3,111236,2019-08-26,2019,117.93333333333334,113.16666666666667,125.78333333333333,128.86666666666667,124.1,116.25,117.0,122.7,121.01666666666667,118.01796666666667,116.16536666666667,124.01536666666667,125.86796666666666,105.31666666666668,136.71666666666664,,,0.0,0.0,0.0,12,30
2019-08-26 12:35:00,123.3,123.4,122.95,123.15,100781,2019-08-26,2019,117.93333333333334,113.16666666666667,125.78333333333333,128.86666666666667,124.1,116.25,117.0,122.7,121.01666666666667,118.01796666666667,116.16536666666667,124.01536666666667,125.86796666666666,105.31666666666668,136.71666666666664,,,0.0,0.0,0.0,12,35
2019-08-26 12:40:00,123.1,123.45,123.0,123.1,84541,2019-08-26,2019,117.93333333333334,113.16666666666667,125.78333333333333,128.86666666666667,124.1,116.25,117.0,122.7,121.01666666666667,118.01796666666667,116.16536666666667,124.01536666666667,125.86796666666666,105.31666666666668,136.71666666666664,,,0.0,0.0,0.0,12,40
2019-08-26 12:45:00,123.05,123.5,123.0,123.0,146794,2019-08-26,2019,117.93333333333334,113.16666666666667,125.78333333333333,128.86666666666667,124.1,116.25,117.0,122.7,121.01666666666667,118.01796666666667,116.16536666666667,124.01536666666667,125.86796666666666,105.31666666666668,136.71666666666664,,,0.0,0.0,0.0,12,45
2019-08-26 12:50:00,122.95,123.2,122.9,123.15,178863,2019-08-26,2019,117.93333333333334,113.16666666666667,125.78333333333333,128.86666666666667,124.1,116.25,117.0,122.7,121.01666666666667,118.01796666666667,116.16536666666667,124.01536666666667,125.86796666666666,105.31666666666668,136.71666666666664,,,0.0,0.0,0.0,12,50
2019-08-26 12:55:00,123.1,123.2,122.9,123.0,183721,2019-08-26,2019,117.93333333333334,113.16666666666667,125.78333333333333,128.86666666666667,124.1,116.25,117.0,122.7,121.01666666666667,118.01796666666667,116.16536666666667,124.01536666666667,125.86796666666666,105.31666666666668,136.71666666666664,,,0.0,0.0,0.0,12,55
2019-08-26 13:00:00,123.0,123.2,122.95,122.95,366667,2019-08-26,2019,117.93333333333334,113.16666666666667,125.78333333333333,128.86666666666667,124.1,116.25,117.0,122.7,121.01666666666667,118.01796666666667,116.16536666666667,124.01536666666667,125.86796666666666,105.31666666666668,136.71666666666664,,,0.0,0.0,0.0,13,0
2019-08-26 13:05:00,123.0,123.15,122.9,123.0,191527,2019-08-26,2019,117.93333333333334,113.16666666666667,125.78333333333333,128.86666666666667,124.1,116.25,117.0,122.7,121.01666666666667,118.01796666666667,116.16536666666667,124.01536666666667,125.86796666666666,105.31666666666668,136.71666666666664,,,0.0,0.0,0.0,13,5
2019-08-26 13:10:00,122.95,123.15,122.95,123.05,127229,2019-08-26,2019,117.93333333333334,113.16666666666667,125.78333333333333,128.86666666666667,124.1,116.25,117.0,122.7,121.01666666666667,118.01796666666667,116.16536666666667,124.01536666666667,125.86796666666666,105.31666666666668,136.71666666666664,,,0.0,0.0,0.0,13,10
2019-08-26 13:15:00,123.0,123.1,122.95,123.0,103976,2019-08-26,2019,117.93333333333334,113.16666666666667,125.78333333333333,128.86666666666667,124.1,116.25,117.0,122.7,121.01666666666667,118.01796666666667,116.16536666666667,124.01536666666667,125.86796666666666,105.31666666666668,136.71666666666664,,,0.0,0.0,0.0,13,15
2019-08-26 13:20:00,123.0,123.25,122.95,123.15,155495,2019-08-26,2019,117.93333333333334,113.16666666666667,125.78333333333333,128.86666666666667,124.1,116.25,117.0,122.7,121.01666666666667,118.01796666666667,116.16536666666667,124.01536666666667,125.86796666666666,105.31666666666668,136.71666666666664,,,0.0,0.0,0.0,13,20
2019-08-26 13:25:00,123.15,123.7,123.15,123.4,154087,2019-08-26,2019,117.93333333333334,113.16666666666667,125.78333333333333,128.86666666666667,124.1,116.25,117.0,122.7,121.01666666666667,118.01796666666667,116.16536666666667,124.01536666666667,125.86796666666666,105.31666666666668,136.71666666666664,,,0.0,0.0,0.0,13,25
2019-08-26 13:30:00,123.35,123.8,123.25,123.45,125271,2019-08-26,2019,117.93333333333334,113.16666666666667,125.78333333333333,128.86666666666667,124.1,116.25,117.0,122.7,121.01666666666667,118.01796666666667,116.16536666666667,124.01536666666667,125.86796666666666,105.31666666666668,136.71666666666664,,,0.0,0.0,0.0,13,30
2019-08-26 13:35:00,123.4,123.6,123.25,123.3,127576,2019-08-26,2019,117.93333333333334,113.16666666666667,125.78333333333333,128.86666666666667,124.1,116.25,117.0,122.7,121.01666666666667,118.01796666666667,116.16536666666667,124.01536666666667,125.86796666666666,105.31666666666668,136.71666666666664,,,0.0,0.0,0.0,13,35
2019-08-26 13:40:00,123.25,123.75,123.25,123.4,142277,2019-08-26,2019,117.93333333333334,113.16666666666667,125.78333333333333,128.86666666666667,124.1,116.25,117.0,122.7,121.01666666666667,118.01796666666667,116.16536666666667,124.01536666666667,125.86796666666666,105.31666666666668,136.71666666666664,,,0.0,0.0,0.0,13,40
2019-08-26 13:45:00,123.4,123.9,123.4,123.7,116234,2019-08-26,2019,117.93333333333334,113.16666666666667,125.78333333333333,128.86666666666667,124.1,116.25,117.0,122.7,121.01666666666667,118.01796666666667,116.16536666666667,124.01536666666667,125.86796666666666,105.31666666666668,136.71666666666664,,,0.0,0.0,0.0,13,45
2019-08-26 13:50:00,123.7,123.95,123.6,123.85,122563,2019-08-26,2019,117.93333333333334,113.16666666666667,125.78333333333333,128.86666666666667,124.1,116.25,117.0,122.7,121.01666666666667,118.01796666666667,116.16536666666667,124.01536666666667,125.86796666666666,105.31666666666668,136.71666666666664,,,0.0,0.0,0.0,13,50
2019-08-26 13:55:00,123.75,124.15,123.75,124.05,142881,2019-08-26,2019,117.93333333333334,113.16666666666667,125.78333333333333,128.86666666666667,124.1,116.25,117.0,122.7,121.01666666666667,118.01796666666667,116.16536666666667,124.01536666666667,125.86796666666666,105.31666666666668,136.71666666666664,,,0.0,0.0,0.0,13,55
2019-08-26 14:00:00,124.1,124.35,124.05,124.1,152302,2019-08-26,2019,117.93333333333334,113.16666666666667,125.78333333333333,128.86666666666667,124.1,116.25,117.0,122.7,121.01666666666667,118.01796666666667,116.16536666666667,124.01536666666667,125.86796666666666,105.31666666666668,136.71666666666664,,,0.0,0.0,0.0,14,0
2019-08-26 14:05:00,124.1,124.2,123.8,124.1,170713,2019-08-26,2019,117.93333333333334,113.16666666666667,125.78333333333333,128.86666666666667,124.1,116.25,117.0,122.7,121.01666666666667,118.01796666666667,116.16536666666667,124.01536666666667,125.86796666666666,105.31666666666668,136.71666666666664,,,0.0,0.0,0.0,14,5
2019-08-26 14:10:00,124.0,124.2,123.8,124.1,139049,2019-08-26,2019,117.93333333333334,113.16666666666667,125.78333333333333,128.86666666666667,124.1,116.25,117.0,122.7,121.01666666666667,118.01796666666667,116.16536666666667,124.01536666666667,125.86796666666666,105.31666666666668,136.71666666666664,,,0.0,0.0,0.0,14,10
2019-08-26 14:15:00,124.1,125.0,124.1,124.7,290425,2019-08-26,2019,117.93333333333334,113.16666666666667,125.78333333333333,128.86666666666667,124.1,116.25,117.0,122.7,121.01666666666667,118.01796666666667,116.16536666666667,124.01536666666667,125.86796666666666,105.31666666666668,136.71666666666664,Entry,Buy,124.75,125.83333333333333,119.75,14,15
2019-08-26 14:20:00,124.8,125.4,124.7,125.25,234807,2019-08-26,2019,117.93333333333334,113.16666666666667,125.78333333333333,128.86666666666667,124.1,116.25,117.0,122.7,121.01666666666667,118.01796666666667,116.16536666666667,124.01536666666667,125.86796666666666,105.31666666666668,136.71666666666664,,,0.0,0.0,0.0,14,20
2019-08-26 14:25:00,125.3,125.3,124.5,124.55,175202,2019-08-26,2019,117.93333333333334,113.16666666666667,125.78333333333333,128.86666666666667,124.1,116.25,117.0,122.7,121.01666666666667,118.01796666666667,116.16536666666667,124.01536666666667,125.86796666666666,105.31666666666668,136.71666666666664,Exit,Sell,125.249,121.71566666666666,125.4,14,25
2019-08-26 14:30:00,124.5,125.35,124.5,125.2,202959,2019-08-26,2019,117.93333333333334,113.16666666666667,125.78333333333333,128.86666666666667,124.1,116.25,117.0,122.7,121.01666666666667,118.01796666666667,116.16536666666667,124.01536666666667,125.86796666666666,105.31666666666668,136.71666666666664,,,0.0,0.0,0.0,14,30
2019-08-26 14:35:00,125.2,125.2,124.75,124.9,126637,2019-08-26,2019,117.93333333333334,113.16666666666667,125.78333333333333,128.86666666666667,124.1,116.25,117.0,122.7,121.01666666666667,118.01796666666667,116.16536666666667,124.01536666666667,125.86796666666666,105.31666666666668,136.71666666666664,Exit,Buy,124.748004,125.63133733333332,119.75,14,35
2019-08-26 14:40:00,124.95,125.0,124.25,124.3,178605,2019-08-26,2019,117.93333333333334,113.16666666666667,125.78333333333333,128.86666666666667,124.1,116.25,117.0,122.7,121.01666666666667,118.01796666666667,116.16536666666667,124.01536666666667,125.86796666666666,105.31666666666668,136.71666666666664,,,0.0,0.0,0.0,14,40
2019-08-26 14:45:00,124.4,124.95,124.3,124.6,145298,2019-08-26,2019,117.93333333333334,113.16666666666667,125.78333333333333,128.86666666666667,124.1,116.25,117.0,122.7,121.01666666666667,118.01796666666667,116.16536666666667,124.01536666666667,125.86796666666666,105.31666666666668,136.71666666666664,,,0.0,0.0,0.0,14,45
2019-08-26 14:50:00,124.7,124.9,124.45,124.8,152224,2019-08-26,2019,117.93333333333334,113.16666666666667,125.78333333333333,128.86666666666667,124.1,116.25,117.0,122.7,121.01666666666667,118.01796666666667,116.16536666666667,124.01536666666667,125.86796666666666,105.31666666666668,136.71666666666664,,,0.0,0.0,0.0,14,50
2019-08-26 14:55:00,124.8,125.45,124.75,125.0,234886,2019-08-26,2019,117.93333333333334,113.16666666666667,125.78333333333333,128.86666666666667,124.1,116.25,117.0,122.7,121.01666666666667,118.01796666666667,116.16536666666667,124.01536666666667,125.86796666666666,105.31666666666668,136.71666666666664,,,0.0,0.0,0.0,14,55
2019-08-26 15:00:00,124.95,125.3,124.9,125.2,185631,2019-08-26,2019,117.93333333333334,113.16666666666667,125.78333333333333,128.86666666666667,124.1,116.25,117.0,122.7,121.01666666666667,118.01796666666667,116.16536666666667,124.01536666666667,125.86796666666666,105.31666666666668,136.71666666666664,Exit,Sell,125.246996016,124.06236268266666,125.45,15,0
2019-08-26 15:05:00,125.2,125.45,124.8,125.2,153609,2019-08-26,2019,117.93333333333334,113.16666666666667,125.78333333333333,128.86666666666667,124.1,116.25,117.0,122.7,121.01666666666667,118.01796666666667,116.16536666666667,124.01536666666667,125.86796666666666,105.31666666666668,136.71666666666664,Exit,Buy,125.45,126.11796666666666,119.75,15,5
2019-08-26 15:10:00,125.25,125.45,125.05,125.35,184608,2019-08-26,2019,117.93333333333334,113.16666666666667,125.78333333333333,128.86666666666667,124.1,116.25,117.0,122.7,121.01666666666667,118.01796666666667,116.16536666666667,124.01536666666667,125.86796666666666,105.31666666666668,136.71666666666664,,,0.0,0.0,0.0,15,10
2019-08-26 15:15:00,125.4,125.5,125.15,125.2,193664,2019-08-26,2019,117.93333333333334,113.16666666666667,125.78333333333333,128.86666666666667,124.1,116.25,117.0,122.7,121.01666666666667,118.01796666666667,116.16536666666667,124.01536666666667,125.86796666666666,105.31666666666668,136.71666666666664,,,0.0,0.0,0.0,15,15
2019-08-26 15:20:00,125.25,126.1,125.15,125.4,583423,2019-08-26,2019,117.93333333333334,113.16666666666667,125.78333333333333,128.86666666666667,124.1,116.25,117.0,122.7,121.01666666666667,118.01796666666667,116.16536666666667,124.01536666666667,125.86796666666666,105.31666666666668,136.71666666666664,Exit,Sell,125.4,0.0,0.0,15,20
2019-08-26 15:25:00,125.55,126.2,125.2,125.75,476019,2019-08-26,2019,117.93333333333334,113.16666666666667,125.78333333333333,128.86666666666667,124.1,116.25,117.0,122.7,121.01666666666667,118.01796666666667,116.16536666666667,124.01536666666667,125.86796666666666,105.31666666666668,136.71666666666664,,,0.0,0.0,0.0,15,25
2019-08-27 09:15:00,126.45,126.9,126.0,126.35,320987,2019-08-27,2019,121.59999999999998,117.44999999999999,128.04999999999998,130.35,126.2,119.75,124.1,125.75,123.89999999999999,121.4361,119.91389999999998,126.36389999999999,127.8861,110.99999999999999,136.8,,,0.0,0.0,0.0,9,15
2019-08-27 09:20:00,126.25,126.6,125.9,126.4,193200,2019-08-27,2019,121.59999999999998,117.44999999999999,128.04999999999998,130.35,126.2,119.75,124.1,125.75,123.89999999999999,121.4361,119.91389999999998,126.36389999999999,127.8861,110.99999999999999,136.8,,,0.0,0.0,0.0,9,20
2019-08-27 09:25:00,126.35,126.4,125.7,126.25,314756,2019-08-27,2019,121.59999999999998,117.44999999999999,128.04999999999998,130.35,126.2,119.75,124.1,125.75,123.89999999999999,121.4361,119.91389999999998,126.36389999999999,127.8861,110.99999999999999,136.8,,,0.0,0.0,0.0,9,25
2019-08-27 09:30:00,126.25,126.25,125.5,125.5,247213,2019-08-27,2019,121.59999999999998,117.44999999999999,128.04999999999998,130.35,126.2,119.75,124.1,125.75,123.89999999999999,121.4361,119.91389999999998,126.36389999999999,127.8861,110.99999999999999,136.8,Entry,Sell,125.5,123.89999999999999,126.9,9,30
2019-08-27 09:35:00,125.55,125.6,125.1,125.25,501680,2019-08-27,2019,121.59999999999998,117.44999999999999,128.04999999999998,130.35,126.2,119.75,124.1,125.75,123.89999999999999,121.4361,119.91389999999998,126.36389999999999,127.8861,110.99999999999999,136.8,,,0.0,0.0,0.0,9,35
2019-08-27 09:40:00,125.25,125.7,125.05,125.6,82014,2019-08-27,2019,121.59999999999998,117.44999999999999,128.04999999999998,130.35,126.2,119.75,124.1,125.75,123.89999999999999,121.4361,119.91389999999998,126.36389999999999,127.8861,110.99999999999999,136.8,,,0.0,0.0,0.0,9,40
2019-08-27 09:45:00,125.7,126.45,125.65,126.35,128294,2019-08-27,2019,121.59999999999998,117.44999999999999,128.04999999999998,130.35,126.2,119.75,124.1,125.75,123.89999999999999,121.4361,119.91389999999998,126.36389999999999,127.8861,110.99999999999999,136.8,,,0.0,0.0,0.0,9,45
2019-08-27 09:50:00,126.3,126.35,126.05,126.05,97786,2019-08-27,2019,121.59999999999998,117.44999999999999,128.04999999999998,130.35,126.2,119.75,124.1,125.75,123.89999999999999,121.4361,119.91389999999998,126.36389999999999,127.8861,110.99999999999999,136.8,,,0.0,0.0,0.0,9,50
2019-08-27 09:55:00,126.05,126.25,125.7,125.9,107257,2019-08-27,2019,121.59999999999998,117.44999999999999,128.04999999999998,130.35,126.2,119.75,124.1,125.75,123.89999999999999,121.4361,119.91389999999998,126.36389999999999,127.8861,110.99999999999999,136.8,,,0.0,0.0,0.0,9,55
2019-08-27 10:00:00,125.9,126.25,125.8,126.15,81424,2019-08-27,2019,121.59999999999998,117.44999999999999,128.04999999999998,130.35,126.2,119.75,124.1,125.75,123.89999999999999,121.4361,119.91389999999998,126.36389999999999,127.8861,110.99999999999999,136.8,,,0.0,0.0,0.0,10,0
2019-08-27 10:05:00,126.2,126.45,125.9,126.3,161971,2019-08-27,2019,121.59999999999998,117.44999999999999,128.04999999999998,130.35,126.2,119.75,124.1,125.75,123.89999999999999,121.4361,119.91389999999998,126.36389999999999,127.8861,110.99999999999999,136.8,,,0.0,0.0,0.0,10,5
2019-08-27 10:10:00,126.3,126.7,126.2,126.4,240009,2019-08-27,2019,121.59999999999998,117.44999999999999,128.04999999999998,130.35,126.2,119.75,124.1,125.75,123.89999999999999,121.4361,119.91389999999998,126.36389999999999,127.8861,110.99999999999999,136.8,,,0.0,0.0,0.0,10,10
2019-08-27 10:15:00,126.4,126.7,126.0,126.1,240420,2019-08-27,2019,121.59999999999998,117.44999999999999,128.04999999999998,130.35,126.2,119.75,124.1,125.75,123.89999999999999,121.4361,119.91389999999998,126.36389999999999,127.8861,110.99999999999999,136.8,,,0.0,0.0,0.0,10,15
2019-08-27 10:20:00,126.05,126.35,126.0,126.3,104564,2019-08-27,2019,121.59999999999998,117.44999999999999,128.04999999999998,130.35,126.2,119.75,124.1,125.75,123.89999999999999,121.4361,119.91389999999998,126.36389999999999,127.8861,110.99999999999999,136.8,,,0.0,0.0,0.0,10,20
2019-08-27 10:25:00,126.3,126.7,126.25,126.55,143662,2019-08-27,2019,121.59999999999998,117.44999999999999,128.04999999999998,130.35,126.2,119.75,124.1,125.75,123.89999999999999,121.4361,119.91389999999998,126.36389999999999,127.8861,110.99999999999999,136.8,,,0.0,0.0,0.0,10,25
2019-08-27 10:30:00,126.55,126.9,126.5,126.75,88799,2019-08-27,2019,121.59999999999998,117.44999999999999,128.04999999999998,130.35,126.2,119.75,124.1,125.75,123.89999999999999,121.4361,119.91389999999998,126.36389999999999,127.8861,110.99999999999999,136.8,Exit,Buy,126.9,128.0361,125.05,10,30
2019-08-27 10:35:00,126.7,127.35,126.6,127.2,181795,2019-08-27,2019,121.59999999999998,117.44999999999999,128.04999999999998,130.35,126.2,119.75,124.1,125.75,123.89999999999999,121.4361,119.91389999999998,126.36389999999999,127.8861,110.99999999999999,136.8,,,0.0,0.0,0.0,10,35
2019-08-27 10:40:00,127.25,127.5,127.2,127.3,103792,2019-08-27,2019,121.59999999999998,117.44999999999999,128.04999999999998,130.35,126.2,119.75,124.1,125.75,123.89999999999999,121.4361,119.91389999999998,126.36389999999999,127.8861,110.99999999999999,136.8,,,0.0,0.0,0.0,10,40
2019-08-27 10:45:00,127.3,127.6,127.1,127.4,264806,2019-08-27,2019,121.59999999999998,117.44999999999999,128.04999999999998,130.35,126.2,119.75,124.1,125.75,123.89999999999999,121.4361,119.91389999999998,126.36389999999999,127.8861,110.99999999999999,136.8,,,0.0,0.0,0.0,10,45
2019-08-27 10:50:00,127.4,127.55,127.15,127.55,124247,2019-08-27,2019,121.59999999999998,117.44999999999999,128.04999999999998,130.35,126.2,119.75,124.1,125.75,123.89999999999999,121.4361,119.91389999999998,126.36389999999999,127.8861,110.99999999999999,136.8,Exit,Sell,127.4076,126.22149999999999,127.6,10,50
2019-08-27 10:55:00,127.55,127.8,127.4,127.5,155795,2019-08-27,2019,121.59999999999998,117.44999999999999,128.04999999999998,130.35,126.2,119.75,124.1,125.75,123.89999999999999,121.4361,119.91389999999998,126.36389999999999,127.8861,110.99999999999999,136.8,Exit,Buy,127.6,130.45,125.05,10,55
2019-08-27 11:00:00,127.5,128.0,127.3,127.35,264855,2019-08-27,2019,121.59999999999998,117.44999999999999,128.04999999999998,130.35,126.2,119.75,124.1,125.75,123.89999999999999,121.4361,119.91389999999998,126.36389999999999,127.8861,110.99999999999999,136.8,,,0.0,0.0,0.0,11,0
2019-08-27 11:05:00,127.35,127.5,127.1,127.15,81357,2019-08-27,2019,121.59999999999998,117.44999999999999,128.04999999999998,130.35,126.2,119.75,124.1,125.75,123.89999999999999,121.4361,119.91389999999998,126.36389999999999,127.8861,110.99999999999999,136.8,,,0.0,0.0,0.0,11,5
2019-08-27 11:10:00,127.15,127.4,126.8,127.0,129622,2019-08-27,2019,121.59999999999998,117.44999999999999,128.04999999999998,130.35,126.2,119.75,124.1,125.75,123.89999999999999,121.4361,119.91389999999998,126.36389999999999,127.8861,110.99999999999999,136.8,,,0.0,0.0,0.0,11,10
2019-08-27 11:15:00,126.95,127.1,126.75,126.8,79906,2019-08-27,2019,121.59999999999998,117.44999999999999,128.04999999999998,130.35,126.2,119.75,124.1,125.75,123.89999999999999,121.4361,119.91389999999998,126.36389999999999,127.8861,110.99999999999999,136.8,,,0.0,0.0,0.0,11,15
2019-08-27 11:20:00,126.8,126.9,126.3,126.4,238911,2019-08-27,2019,121.59999999999998,117.44999999999999,128.04999999999998,130.35,126.2,119.75,124.1,125.75,123.89999999999999,121.4361,119.91389999999998,126.36389999999999,127.8861,110.99999999999999,136.8,,,0.0,0.0,0.0,11,20
2019-08-27 11:25:00,126.35,126.55,126.25,126.35,184798,2019-08-27,2019,121.59999999999998,117.44999999999999,128.04999999999998,130.35,126.2,119.75,124.1,125.75,123.89999999999999,121.4361,119.91389999999998,126.36389999999999,127.8861,110.99999999999999,136.8,,,0.0,0.0,0.0,11,25
2019-08-27 11:30:00,126.35,126.55,126.3,126.35,64312,2019-08-27,2019,121.59999999999998,117.44999999999999,128.04999999999998,130.35,126.2,119.75,124.1,125.75,123.89999999999999,121.4361,119.91389999999998,126.36389999999999,127.8861,110.99999999999999,136.8,,,0.0,0.0,0.0,11,30
2019-08-27 11:35:00,126.3,126.55,126.25,126.3,65704,2019-08-27,2019,121.59999999999998,117.44999999999999,128.04999999999998,130.35,126.2,119.75,124.1,125.75,123.89999999999999,121.4361,119.91389999999998,126.36389999999999,127.8861,110.99999999999999,136.8,,,0.0,0.0,0.0,11,35
2019-08-27 11:40:00,126.3,126.3,125.9,126.2,151450,2019-08-27,2019,121.59999999999998,117.44999999999999,128.04999999999998,130.35,126.2,119.75,124.1,125.75,123.89999999999999,121.4361,119.91389999999998,126.36389999999999,127.8861,110.99999999999999,136.8,,,0.0,0.0,0.0,11,40
2019-08-27 11:45:00,126.2,126.25,125.95,126.0,96142,2019-08-27,2019,121.59999999999998,117.44999999999999,128.04999999999998,130.35,126.2,119.75,124.1,125.75,123.89999999999999,121.4361,119.91389999999998,126.36389999999999,127.8861,110.99999999999999,136.8,,,0.0,0.0,0.0,11,45
2019-08-27 11:50:00,126.0,126.2,125.95,126.05,82188,2019-08-27,2019,121.59999999999998,117.44999999999999,128.04999999999998,130.35,126.2,119.75,124.1,125.75,123.89999999999999,121.4361,119.91389999999998,126.36389999999999,127.8861,110.99999999999999,136.8,,,0.0,0.0,0.0,11,50
2019-08-27 11:55:00,126.05,126.2,125.8,126.05,303248,2019-08-27,2019,121.59999999999998,117.44999999999999,128.04999999999998,130.35,126.2,119.75,124.1,125.75,123.89999999999999,121.4361,119.91389999999998,126.36389999999999,127.8861,110.99999999999999,136.8,,,0.0,0.0,0.0,11,55
2019-08-27 12:00:00,126.0,126.1,125.95,126.05,54670,2019-08-27,2019,121.59999999999998,117.44999999999999,128.04999999999998,130.35,126.2,119.75,124.1,125.75,123.89999999999999,121.4361,119.91389999999998,126.36389999999999,127.8861,110.99999999999999,136.8,,,0.0,0.0,0.0,12,0
2019-08-27 12:05:00,126.05,126.2,125.85,126.1,252668,2019-08-27,2019,121.59999999999998,117.44999999999999,128.04999999999998,130.35,126.2,119.75,124.1,125.75,123.89999999999999,121.4361,119.91389999999998,126.36389999999999,127.8861,110.99999999999999,136.8,,,0.0,0.0,0.0,12,5
2019-08-27 12:10:00,126.05,126.85,126.05,126.8,428375,2019-08-27,2019,121.59999999999998,117.44999999999999,128.04999999999998,130.35,126.2,119.75,124.1,125.75,123.89999999999999,121.4361,119.91389999999998,126.36389999999999,127.8861,110.99999999999999,136.8,,,0.0,0.0,0.0,12,10
2019-08-27 12:15:00,126.8,127.0,126.6,126.9,428041,2019-08-27,2019,121.59999999999998,117.44999999999999,128.04999999999998,130.35,126.2,119.75,124.1,125.75,123.89999999999999,121.4361,119.91389999999998,126.36389999999999,127.8861,110.99999999999999,136.8,,,0.0,0.0,0.0,12,15
2019-08-27 12:20:00,126.9,127.3,126.85,127.2,201589,2019-08-27,2019,121.59999999999998,117.44999999999999,128.04999999999998,130.35,126.2,119.75,124.1,125.75,123.89999999999999,121.4361,119.91389999999998,126.36389999999999,127.8861,110.99999999999999,136.8,,,0.0,0.0,0.0,12,20
2019-08-27 12:25:00,127.2,127.3,127.05,127.25,304897,2019-08-27,2019,121.59999999999998,117.44999999999999,128.04999999999998,130.35,126.2,119.75,124.1,125.75,123.89999999999999,121.4361,119.91389999999998,126.36389999999999,127.8861,110.99999999999999,136.8,,,0.0,0.0,0.0,12,25
2019-08-27 12:30:00,127.25,127.3,126.5,126.7,308780,2019-08-27,2019,121.59999999999998,117.44999999999999,128.04999999999998,130.35,126.2,119.75,124.1,125.75,123.89999999999999,121.4361,119.91389999999998,126.36389999999999,127.8861,110.99999999999999,136.8,,,0.0,0.0,0.0,12,30
2019-08-27 12:35:00,126.7,126.95,126.5,126.6,181547,2019-08-27,2019,121.59999999999998,117.44999999999999,128.04999999999998,130.35,126.2,119.75,124.1,125.75,123.89999999999999,121.4361,119.91389999999998,126.36389999999999,127.8861,110.99999999999999,136.8,,,0.0,0.0,0.0,12,35
2019-08-27 12:40:00,126.55,126.75,126.3,126.45,126700,2019-08-27,2019,121.59999999999998,117.44999999999999,128.04999999999998,130.35,126.2,119.75,124.1,125.75,123.89999999999999,121.4361,119.91389999999998,126.36389999999999,127.8861,110.99999999999999,136.8,,,0.0,0.0,0.0,12,40
2019-08-27 12:45:00,126.35,126.5,126.05,126.3,342343,2019-08-27,2019,121.59999999999998,117.44999999999999,128.04999999999998,130.35,126.2,119.75,124.1,125.75,123.89999999999999,121.4361,119.91389999999998,126.36389999999999,127.8861,110.99999999999999,136.8,,,0.0,0.0,0.0,12,45
2019-08-27 12:50:00,126.25,126.35,126.0,126.1,88722,2019-08-27,2019,121.59999999999998,117.44999999999999,128.04999999999998,130.35,126.2,119.75,124.1,125.75,123.89999999999999,121.4361,119.91389999999998,126.36389999999999,127.8861,110.99999999999999,136.8,,,0.0,0.0,0.0,12,50
2019-08-27 12:55:00,126.05,126.45,126.0,126.1,175601,2019-08-27,2019,121.59999999999998,117.44999999999999,128.04999999999998,130.35,126.2,119.75,124.1,125.75,123.89999999999999,121.4361,119.91389999999998,126.36389999999999,127.8861,110.99999999999999,136.8,,,0.0,0.0,0.0,12,55
2019-08-27 13:00:00,126.15,126.3,125.75,126.25,250336,2019-08-27,2019,121.59999999999998,117.44999999999999,128.04999999999998,130.35,126.2,119.75,124.1,125.75,123.89999999999999,121.4361,119.91389999999998,126.36389999999999,127.8861,110.99999999999999,136.8,,,0.0,0.0,0.0,13,0
2019-08-27 13:05:00,126.25,126.5,126.0,126.4,97797,2019-08-27,2019,121.59999999999998,117.44999999999999,128.04999999999998,130.35,126.2,119.75,124.1,125.75,123.89999999999999,121.4361,119.91389999999998,126.36389999999999,127.8861,110.99999999999999,136.8,,,0.0,0.0,0.0,13,5
2019-08-27 13:10:00,126.4,126.55,126.2,126.4,76108,2019-08-27,2019,121.59999999999998,117.44999999999999,128.04999999999998,130.35,126.2,119.75,124.1,125.75,123.89999999999999,121.4361,119.91389999999998,126.36389999999999,127.8861,110.99999999999999,136.8,,,0.0,0.0,0.0,13,10
2019-08-27 13:15:00,126.35,126.6,126.3,126.5,89824,2019-08-27,2019,121.59999999999998,117.44999999999999,128.04999999999998,130.35,126.2,119.75,124.1,125.75,123.89999999999999,121.4361,119.91389999999998,126.36389999999999,127.8861,110.99999999999999,136.8,,,0.0,0.0,0.0,13,15
2019-08-27 13:20:00,126.45,126.55,126.15,126.35,189589,2019-08-27,2019,121.59999999999998,117.44999999999999,128.04999999999998,130.35,126.2,119.75,124.1,125.75,123.89999999999999,121.4361,119.91389999999998,126.36389999999999,127.8861,110.99999999999999,136.8,,,0.0,0.0,0.0,13,20
2019-08-27 13:25:00,126.35,126.85,126.3,126.65,251033,2019-08-27,2019,121.59999999999998,117.44999999999999,128.04999999999998,130.35,126.2,119.75,124.1,125.75,123.89999999999999,121.4361,119.91389999999998,126.36389999999999,127.8861,110.99999999999999,136.8,,,0.0,0.0,0.0,13,25
2019-08-27 13:30:00,126.7,126.7,125.95,126.1,298627,2019-08-27,2019,121.59999999999998,117.44999999999999,128.04999999999998,130.35,126.2,119.75,124.1,125.75,123.89999999999999,121.4361,119.91389999999998,126.36389999999999,127.8861,110.99999999999999,136.8,,,0.0,0.0,0.0,13,30
2019-08-27 13:35:00,126.1,126.15,125.85,125.95,259332,2019-08-27,2019,121.59999999999998,117.44999999999999,128.04999999999998,130.35,126.2,119.75,124.1,125.75,123.89999999999999,121.4361,119.91389999999998,126.36389999999999,127.8861,110.99999999999999,136.8,,,0.0,0.0,0.0,13,35
2019-08-27 13:40:00,125.95,126.1,125.8,125.9,319994,2019-08-27,2019,121.59999999999998,117.44999999999999,128.04999999999998,130.35,126.2,119.75,124.1,125.75,123.89999999999999,121.4361,119.91389999999998,126.36389999999999,127.8861,110.99999999999999,136.8,,,0.0,0.0,0.0,13,40
2019-08-27 13:45:00,125.95,126.35,125.85,126.35,322110,2019-08-27,2019,121.59999999999998,117.44999999999999,128.04999999999998,130.35,126.2,119.75,124.1,125.75,123.89999999999999,121.4361,119.91389999999998,126.36389999999999,127.8861,110.99999999999999,136.8,,,0.0,0.0,0.0,13,45
2019-08-27 13:50:00,126.3,126.75,126.25,126.75,222535,2019-08-27,2019,121.59999999999998,117.44999999999999,128.04999999999998,130.35,126.2,119.75,124.1,125.75,123.89999999999999,121.4361,119.91389999999998,126.36389999999999,127.8861,110.99999999999999,136.8,,,0.0,0.0,0.0,13,50
2019-08-27 13:55:00,126.75,126.75,126.25,126.5,208964,2019-08-27,2019,121.59999999999998,117.44999999999999,128.04999999999998,130.35,126.2,119.75,124.1,125.75,123.89999999999999,121.4361,119.91389999999998,126.36389999999999,127.8861,110.99999999999999,136.8,,,0.0,0.0,0.0,13,55
2019-08-27 14:00:00,126.5,126.5,126.15,126.2,83551,2019-08-27,2019,121.59999999999998,117.44999999999999,128.04999999999998,130.35,126.2,119.75,124.1,125.75,123.89999999999999,121.4361,119.91389999999998,126.36389999999999,127.8861,110.99999999999999,136.8,,,0.0,0.0,0.0,14,0
2019-08-27 14:05:00,126.2,126.3,126.1,126.2,184304,2019-08-27,2019,121.59999999999998,117.44999999999999,128.04999999999998,130.35,126.2,119.75,124.1,125.75,123.89999999999999,121.4361,119.91389999999998,126.36389999999999,127.8861,110.99999999999999,136.8,,,0.0,0.0,0.0,14,5
2019-08-27 14:10:00,126.15,126.55,126.05,126.1,224360,2019-08-27,2019,121.59999999999998,117.44999999999999,128.04999999999998,130.35,126.2,119.75,124.1,125.75,123.89999999999999,121.4361,119.91389999999998,126.36389999999999,127.8861,110.99999999999999,136.8,,,0.0,0.0,0.0,14,10
2019-08-27 14:15:00,126.1,126.3,126.1,126.2,61136,2019-08-27,2019,121.59999999999998,117.44999999999999,128.04999999999998,130.35,126.2,119.75,124.1,125.75,123.89999999999999,121.4361,119.91389999999998,126.36389999999999,127.8861,110.99999999999999,136.8,,,0.0,0.0,0.0,14,15
2019-08-27 14:20:00,126.15,126.25,126.0,126.0,70001,2019-08-27,2019,121.59999999999998,117.44999999999999,128.04999999999998,130.35,126.2,119.75,124.1,125.75,123.89999999999999,121.4361,119.91389999999998,126.36389999999999,127.8861,110.99999999999999,136.8,,,0.0,0.0,0.0,14,20
2019-08-27 14:25:00,126.0,126.15,125.9,126.05,149762,2019-08-27,2019,121.59999999999998,117.44999999999999,128.04999999999998,130.35,126.2,119.75,124.1,125.75,123.89999999999999,121.4361,119.91389999999998,126.36389999999999,127.8861,110.99999999999999,136.8,,,0.0,0.0,0.0,14,25
2019-08-27 14:30:00,126.0,126.3,126.0,126.1,141181,2019-08-27,2019,121.59999999999998,117.44999999999999,128.04999999999998,130.35,126.2,119.75,124.1,125.75,123.89999999999999,121.4361,119.91389999999998,126.36389999999999,127.8861,110.99999999999999,136.8,,,0.0,0.0,0.0,14,30
2019-08-27 14:35:00,126.1,126.2,126.05,126.1,86428,2019-08-27,2019,121.59999999999998,117.44999999999999,128.04999999999998,130.35,126.2,119.75,124.1,125.75,123.89999999999999,121.4361,119.91389999999998,126.36389999999999,127.8861,110.99999999999999,136.8,,,0.0,0.0,0.0,14,35
2019-08-27 14:40:00,126.05,126.1,125.9,125.9,215736,2019-08-27,2019,121.59999999999998,117.44999999999999,128.04999999999998,130.35,126.2,119.75,124.1,125.75,123.89999999999999,121.4361,119.91389999999998,126.36389999999999,127.8861,110.99999999999999,136.8,,,0.0,0.0,0.0,14,40
2019-08-27 14:45:00,125.9,126.05,125.85,126.0,228972,2019-08-27,2019,121.59999999999998,117.44999999999999,128.04999999999998,130.35,126.2,119.75,124.1,125.75,123.89999999999999,121.4361,119.91389999999998,126.36389999999999,127.8861,110.99999999999999,136.8,,,0.0,0.0,0.0,14,45
2019-08-27 14:50:00,126.05,126.15,125.8,126.05,210170,2019-08-27,2019,121.59999999999998,117.44999999999999,128.04999999999998,130.35,126.2,119.75,124.1,125.75,123.89999999999999,121.4361,119.91389999999998,126.36389999999999,127.8861,110.99999999999999,136.8,,,0.0,0.0,0.0,14,50
2019-08-27 14:55:00,126.0,126.1,125.9,126.0,131060,2019-08-27,2019,121.59999999999998,117.44999999999999,128.04999999999998,130.35,126.2,119.75,124.1,125.75,123.89999999999999,121.4361,119.91389999999998,126.36389999999999,127.8861,110.99999999999999,136.8,,,0.0,0.0,0.0,14,55
2019-08-27 15:00:00,126.0,126.0,125.05,125.45,885999,2019-08-27,2019,121.59999999999998,117.44999999999999,128.04999999999998,130.35,126.2,119.75,124.1,125.75,123.89999999999999,121.4361,119.91389999999998,126.36389999999999,127.8861,110.99999999999999,136.8,Exit,Sell,125.05,123.49999999999999,128.0,15,0
2019-08-27 15:05:00,125.45,125.8,125.3,125.8,654115,2019-08-27,2019,121.59999999999998,117.44999999999999,128.04999999999998,130.35,126.2,119.75,124.1,125.75,123.89999999999999,121.4361,119.91389999999998,126.36389999999999,127.8861,110.99999999999999,136.8,,,0.0,0.0,0.0,15,5
2019-08-27 15:10:00,125.75,126.05,125.5,126.0,646179,2019-08-27,2019,121.59999999999998,117.44999999999999,128.04999999999998,130.35,126.2,119.75,124.1,125.75,123.89999999999999,121.4361,119.91389999999998,126.36389999999999,127.8861,110.99999999999999,136.8,,,0.0,0.0,0.0,15,10
2019-08-27 15:15:00,126.0,126.05,125.85,126.0,675711,2019-08-27,2019,121.59999999999998,117.44999999999999,128.04999999999998,130.35,126.2,119.75,124.1,125.75,123.89999999999999,121.4361,119.91389999999998,126.36389999999999,127.8861,110.99999999999999,136.8,,,0.0,0.0,0.0,15,15
2019-08-27 15:20:00,126.05,126.15,125.95,126.0,586113,2019-08-27,2019,121.59999999999998,117.44999999999999,128.04999999999998,130.35,126.2,119.75,124.1,125.75,123.89999999999999,121.4361,119.91389999999998,126.36389999999999,127.8861,110.99999999999999,136.8,Exit,Buy,126.0,0.0,0.0,15,20
2019-08-27 15:25:00,126.0,126.0,125.7,126.0,481964,2019-08-27,2019,121.59999999999998,117.44999999999999,128.04999999999998,130.35,126.2,119.75,124.1,125.75,123.89999999999999,121.4361,119.91389999999998,126.36389999999999,127.8861,110.99999999999999,136.8,,,0.0,0.0,0.0,15,25
2019-08-28 09:15:00,125.9,125.9,124.8,125.7,209808,2019-08-28,2019,124.70000000000002,123.4,127.65000000000002,129.3,128.0,125.05,126.45,126.0,126.35000000000001,125.2231,124.52690000000001,127.47690000000001,128.1731,120.45,132.25,,,0.0,0.0,0.0,9,15
2019-08-28 09:20:00,125.7,126.3,125.35,126.3,183544,2019-08-28,2019,124.70000000000002,123.4,127.65000000000002,129.3,128.0,125.05,126.45,126.0,126.35000000000001,125.2231,124.52690000000001,127.47690000000001,128.1731,120.45,132.25,Entry,Buy,126.3,127.47690000000001,124.8,9,20
2019-08-28 09:25:00,126.3,126.3,126.05,126.15,119121,2019-08-28,2019,124.70000000000002,123.4,127.65000000000002,129.3,128.0,125.05,126.45,126.0,126.35000000000001,125.2231,124.52690000000001,127.47690000000001,128.1731,120.45,132.25,,,0.0,0.0,0.0,9,25
2019-08-28 09:30:00,126.15,126.6,126.1,126.6,165631,2019-08-28,2019,124.70000000000002,123.4,127.65000000000002,129.3,128.0,125.05,126.45,126.0,126.35000000000001,125.2231,124.52690000000001,127.47690000000001,128.1731,120.45,132.25,,,0.0,0.0,0.0,9,30
2019-08-28 09:35:00,126.7,126.7,126.1,126.2,126840,2019-08-28,2019,124.70000000000002,123.4,127.65000000000002,129.3,128.0,125.05,126.45,126.0,126.35000000000001,125.2231,124.52690000000001,127.47690000000001,128.1731,120.45,132.25,,,0.0,0.0,0.0,9,35
2019-08-28 09:40:00,126.2,126.25,125.9,126.2,138488,2019-08-28,2019,124.70000000000002,123.4,127.65000000000002,129.3,128.0,125.05,126.45,126.0,126.35000000000001,125.2231,124.52690000000001,127.47690000000001,128.1731,120.45,132.25,,,0.0,0.0,0.0,9,40
2019-08-28 09:45:00,126.2,126.9,125.85,125.95,359360,2019-08-28,2019,124.70000000000002,123.4,127.65000000000002,129.3,128.0,125.05,126.45,126.0,126.35000000000001,125.2231,124.52690000000001,127.47690000000001,128.1731,120.45,132.25,,,0.0,0.0,0.0,9,45
2019-08-28 09:50:00,126.0,126.3,125.55,125.6,129328,2019-08-28,2019,124.70000000000002,123.4,127.65000000000002,129.3,128.0,125.05,126.45,126.0,126.35000000000001,125.2231,124.52690000000001,127.47690000000001,128.1731,120.45,132.25,,,0.0,0.0,0.0,9,50
2019-08-28 09:55:00,125.6,125.65,125.05,125.45,167023,2019-08-28,2019,124.70000000000002,123.4,127.65000000000002,129.3,128.0,125.05,126.45,126.0,126.35000000000001,125.2231,124.52690000000001,127.47690000000001,128.1731,120.45,132.25,,,0.0,0.0,0.0,9,55
2019-08-28 10:00:00,125.5,125.5,125.0,125.2,173697,2019-08-28,2019,124.70000000000002,123.4,127.65000000000002,129.3,128.0,125.05,126.45,126.0,126.35000000000001,125.2231,124.52690000000001,127.47690000000001,128.1731,120.45,132.25,,,0.0,0.0,0.0,10,0
2019-08-28 10:05:00,125.15,125.4,124.95,125.1,176544,2019-08-28,2019,124.70000000000002,123.4,127.65000000000002,129.3,128.0,125.05,126.45,126.0,126.35000000000001,125.2231,124.52690000000001,127.47690000000001,128.1731,120.45,132.25,,,0.0,0.0,0.0,10,5
2019-08-28 10:10:00,125.05,125.45,125.0,125.35,60608,2019-08-28,2019,124.70000000000002,123.4,127.65000000000002,129.3,128.0,125.05,126.45,126.0,126.35000000000001,125.2231,124.52690000000001,127.47690000000001,128.1731,120.45,132.25,,,0.0,0.0,0.0,10,10
2019-08-28 10:15:00,125.3,125.65,125.2,125.25,106423,2019-08-28,2019,124.70000000000002,123.4,127.65000000000002,129.3,128.0,125.05,126.45,126.0,126.35000000000001,125.2231,124.52690000000001,127.47690000000001,128.1731,120.45,132.25,,,0.0,0.0,0.0,10,15
2019-08-28 10:20:00,125.2,125.4,124.8,124.95,166504,2019-08-28,2019,124.70000000000002,123.4,127.65000000000002,129.3,128.0,125.05,126.45,126.0,126.35000000000001,125.2231,124.52690000000001,127.47690000000001,128.1731,120.45,132.25,Exit,Sell,124.8,123.25,126.9,10,20
2019-08-28 10:25:00,125.05,125.2,124.85,125.05,110440,2019-08-28,2019,124.70000000000002,123.4,127.65000000000002,129.3,128.0,125.05,126.45,126.0,126.35000000000001,125.2231,124.52690000000001,127.47690000000001,128.1731,120.45,132.25,,,0.0,0.0,0.0,10,25
2019-08-28 10:30:00,125.0,125.4,125.0,125.25,259358,2019-08-28,2019,124.70000000000002,123.4,127.65000000000002,129.3,128.0,125.05,126.45,126.0,126.35000000000001,125.2231,124.52690000000001,127.47690000000001,128.1731,120.45,132.25,,,0.0,0.0,0.0,10,30
2019-08-28 10:35:00,125.25,125.35,124.9,125.05,56725,2019-08-28,2019,124.70000000000002,123.4,127.65000000000002,129.3,128.0,125.05,126.45,126.0,126.35000000000001,125.2231,124.52690000000001,127.47690000000001,128.1731,120.45,132.25,,,0.0,0.0,0.0,10,35
2019-08-28 10:40:00,125.0,125.1,124.85,125.05,76271,2019-08-28,2019,124.70000000000002,123.4,127.65000000000002,129.3,128.0,125.05,126.45,126.0,126.35000000000001,125.2231,124.52690000000001,127.47690000000001,128.1731,120.45,132.25,,,0.0,0.0,0.0,10,40
2019-08-28 10:45:00,125.0,125.2,124.9,125.1,38955,2019-08-28,2019,124.70000000000002,123.4,127.65000000000002,129.3,128.0,125.05,126.45,126.0,126.35000000000001,125.2231,124.52690000000001,127.47690000000001,128.1731,120.45,132.25,,,0.0,0.0,0.0,10,45
2019-08-28 10:50:00,125.05,125.25,125.0,125.05,54881,2019-08-28,2019,124.70000000000002,123.4,127.65000000000002,129.3,128.0,125.05,126.45,126.0,126.35000000000001,125.2231,124.52690000000001,127.47690000000001,128.1731,120.45,132.25,,,0.0,0.0,0.0,10,50
2019-08-28 10:55:00,125.0,125.15,125.0,125.05,14204,2019-08-28,2019,124.70000000000002,123.4,127.65000000000002,129.3,128.0,125.05,126.45,126.0,126.35000000000001,125.2231,124.52690000000001,127.47690000000001,128.1731,120.45,132.25,,,0.0,0.0,0.0,10,55
2019-08-28 11:00:00,125.1,125.15,124.8,124.95,134256,2019-08-28,2019,124.70000000000002,123.4,127.65000000000002,129.3,128.0,125.05,126.45,126.0,126.35000000000001,125.2231,124.52690000000001,127.47690000000001,128.1731,120.45,132.25,,,0.0,0.0,0.0,11,0
2019-08-28 11:05:00,124.95,124.95,124.65,124.8,99743,2019-08-28,2019,124.70000000000002,123.4,127.65000000000002,129.3,128.0,125.05,126.45,126.0,126.35000000000001,125.2231,124.52690000000001,127.47690000000001,128.1731,120.45,132.25,,,0.0,0.0,0.0,11,5
2019-08-28 11:10:00,124.8,125.15,124.7,125.1,39586,2019-08-28,2019,124.70000000000002,123.4,127.65000000000002,129.3,128.0,125.05,126.45,126.0,126.35000000000001,125.2231,124.52690000000001,127.47690000000001,128.1731,120.45,132.25,,,0.0,0.0,0.0,11,10
2019-08-28 11:15:00,125.1,125.3,124.6,124.65,214027,2019-08-28,2019,124.70000000000002,123.4,127.65000000000002,129.3,128.0,125.05,126.45,126.0,126.35000000000001,125.2231,124.52690000000001,127.47690000000001,128.1731,120.45,132.25,,,0.0,0.0,0.0,11,15
2019-08-28 11:20:00,124.65,124.85,124.2,124.2,137902,2019-08-28,2019,124.70000000000002,123.4,127.65000000000002,129.3,128.0,125.05,126.45,126.0,126.35000000000001,125.2231,124.52690000000001,127.47690000000001,128.1731,120.45,132.25,,,0.0,0.0,0.0,11,20
2019-08-28 11:25:00,124.2,124.35,124.0,124.05,116421,2019-08-28,2019,124.70000000000002,123.4,127.65000000000002,129.3,128.0,125.05,126.45,126.0,126.35000000000001,125.2231,124.52690000000001,127.47690000000001,128.1731,120.45,132.25,,,0.0,0.0,0.0,11,25
2019-08-28 11:30:00,124.1,124.2,123.6,123.65,179672,2019-08-28,2019,124.70000000000002,123.4,127.65000000000002,129.3,128.0,125.05,126.45,126.0,126.35000000000001,125.2231,124.52690000000001,127.47690000000001,128.1731,120.45,132.25,,,0.0,0.0,0.0,11,30
2019-08-28 11:35:00,123.6,123.95,123.6,123.6,112223,2019-08-28,2019,124.70000000000002,123.4,127.65000000000002,129.3,128.0,125.05,126.45,126.0,126.35000000000001,125.2231,124.52690000000001,127.47690000000001,128.1731,120.45,132.25,,,0.0,0.0,0.0,11,35
2019-08-28 11:40:00,123.6,123.9,123.5,123.8,146911,2019-08-28,2019,124.70000000000002,123.4,127.65000000000002,129.3,128.0,125.05,126.45,126.0,126.35000000000001,125.2231,124.52690000000001,127.47690000000001,128.1731,120.45,132.25,,,0.0,0.0,0.0,11,40
2019-08-28 11:45:00,123.8,123.8,123.4,123.5,110608,2019-08-28,2019,124.70000000000002,123.4,127.65000000000002,129.3,128.0,125.05,126.45,126.0,126.35000000000001,125.2231,124.52690000000001,127.47690000000001,128.1731,120.45,132.25,,,0.0,0.0,0.0,11,45
2019-08-28 11:50:00,123.5,123.65,123.2,123.3,137679,2019-08-28,2019,124.70000000000002,123.4,127.65000000000002,129.3,128.0,125.05,126.45,126.0,126.35000000000001,125.2231,124.52690000000001,127.47690000000001,128.1731,120.45,132.25,Exit,Buy,123.25,0.0,0.0,11,50
2019-08-28 11:55:00,123.2,123.6,123.1,123.5,84060,2019-08-28,2019,124.70000000000002,123.4,127.65000000000002,129.3,128.0,125.05,126.45,126.0,126.35000000000001,125.2231,124.52690000000001,127.47690000000001,128.1731,120.45,132.25,,,0.0,0.0,0.0,11,55
2019-08-28 12:00:00,123.5,123.6,123.2,123.5,47629,2019-08-28,2019,124.70000000000002,123.4,127.65000000000002,129.3,128.0,125.05,126.45,126.0,126.35000000000001,125.2231,124.52690000000001,127.47690000000001,128.1731,120.45,132.25,,,0.0,0.0,0.0,12,0
2019-08-28 12:05:00,123.5,123.95,123.45,123.9,124991,2019-08-28,2019,124.70000000000002,123.4,127.65000000000002,129.3,128.0,125.05,126.45,126.0,126.35000000000001,125.2231,124.52690000000001,127.47690000000001,128.1731,120.45,132.25,,,0.0,0.0,0.0,12,5
2019-08-28 12:10:00,123.95,124.15,123.85,124.05,375916,2019-08-28,2019,124.70000000000002,123.4,127.65000000000002,129.3,128.0,125.05,126.45,126.0,126.35000000000001,125.2231,124.52690000000001,127.47690000000001,128.1731,120.45,132.25,,,0.0,0.0,0.0,12,10
2019-08-28 12:15:00,124.05,124.3,124.05,124.15,52035,2019-08-28,2019,124.70000000000002,123.4,127.65000000000002,129.3,128.0,125.05,126.45,126.0,126.35000000000001,125.2231,124.52690000000001,127.47690000000001,128.1731,120.45,132.25,,,0.0,0.0,0.0,12,15
2019-08-28 12:20:00,124.15,124.4,124.05,124.2,74124,2019-08-28,2019,124.70000000000002,123.4,127.65000000000002,129.3,128.0,125.05,126.45,126.0,126.35000000000001,125.2231,124.52690000000001,127.47690000000001,128.1731,120.45,132.25,,,0.0,0.0,0.0,12,20
2019-08-28 12:25:00,124.2,124.45,124.0,124.05,125823,2019-08-28,2019,124.70000000000002,123.4,127.65000000000002,129.3,128.0,125.05,126.45,126.0,126.35000000000001,125.2231,124.52690000000001,127.47690000000001,128.1731,120.45,132.25,,,0.0,0.0,0.0,12,25
2019-08-28 12:30:00,124.05,124.05,123.55,123.65,122651,2019-08-28,2019,124.70000000000002,123.4,127.65000000000002,129.3,128.0,125.05,126.45,126.0,126.35000000000001,125.2231,124.52690000000001,127.47690000000001,128.1731,120.45,132.25,,,0.0,0.0,0.0,12,30
2019-08-28 12:35:00,123.55,123.7,123.35,123.35,131650,2019-08-28,2019,124.70000000000002,123.4,127.65000000000002,129.3,128.0,125.05,126.45,126.0,126.35000000000001,125.2231,124.52690000000001,127.47690000000001,128.1731,120.45,132.25,,,0.0,0.0,0.0,12,35
2019-08-28 12:40:00,123.35,123.5,123.2,123.4,148847,2019-08-28,2019,124.70000000000002,123.4,127.65000000000002,129.3,128.0,125.05,126.45,126.0,126.35000000000001,125.2231,124.52690000000001,127.47690000000001,128.1731,120.45,132.25,,,0.0,0.0,0.0,12,40
2019-08-28 12:45:00,123.35,123.5,123.1,123.1,207730,2019-08-28,2019,124.70000000000002,123.4,127.65000000000002,129.3,128.0,125.05,126.45,126.0,126.35000000000001,125.2231,124.52690000000001,127.47690000000001,128.1731,120.45,132.25,,,0.0,0.0,0.0,12,45
2019-08-28 12:50:00,123.1,123.3,123.0,123.3,133289,2019-08-28,2019,124.70000000000002,123.4,127.65000000000002,129.3,128.0,125.05,126.45,126.0,126.35000000000001,125.2231,124.52690000000001,127.47690000000001,128.1731,120.45,132.25,,,0.0,0.0,0.0,12,50
2019-08-28 12:55:00,123.3,123.4,123.1,123.15,135723,2019-08-28,2019,124.70000000000002,123.4,127.65000000000002,129.3,128.0,125.05,126.45,126.0,126.35000000000001,125.2231,124.52690000000001,127.47690000000001,128.1731,120.45,132.25,,,0.0,0.0,0.0,12,55
2019-08-28 13:00:00,123.1,123.15,122.9,123.0,198549,2019-08-28,2019,124.70000000000002,123.4,127.65000000000002,129.3,128.0,125.05,126.45,126.0,126.35000000000001,125.2231,124.52690000000001,127.47690000000001,128.1731,120.45,132.25,,,0.0,0.0,0.0,13,0
2019-08-28 13:05:00,123.0,123.3,122.95,123.1,131991,2019-08-28,2019,124.70000000000002,123.4,127.65000000000002,129.3,128.0,125.05,126.45,126.0,126.35000000000001,125.2231,124.52690000000001,127.47690000000001,128.1731,120.45,132.25,,,0.0,0.0,0.0,13,5
2019-08-28 13:10:00,123.1,123.25,122.9,122.95,120286,2019-08-28,2019,124.70000000000002,123.4,127.65000000000002,129.3,128.0,125.05,126.45,126.0,126.35000000000001,125.2231,124.52690000000001,127.47690000000001,128.1731,120.45,132.25,,,0.0,0.0,0.0,13,10
2019-08-28 13:15:00,122.9,123.05,122.8,122.95,158769,2019-08-28,2019,124.70000000000002,123.4,127.65000000000002,129.3,128.0,125.05,126.45,126.0,126.35000000000001,125.2231,124.52690000000001,127.47690000000001,128.1731,120.45,132.25,,,0.0,0.0,0.0,13,15
2019-08-28 13:20:00,122.95,123.15,122.8,122.9,136422,2019-08-28,2019,124.70000000000002,123.4,127.65000000000002,129.3,128.0,125.05,126.45,126.0,126.35000000000001,125.2231,124.52690000000001,127.47690000000001,128.1731,120.45,132.25,,,0.0,0.0,0.0,13,20
2019-08-28 13:25:00,122.9,123.15,122.75,123.05,161342,2019-08-28,2019,124.70000000000002,123.4,127.65000000000002,129.3,128.0,125.05,126.45,126.0,126.35000000000001,125.2231,124.52690000000001,127.47690000000001,128.1731,120.45,132.25,,,0.0,0.0,0.0,13,25
2019-08-28 13:30:00,123.05,123.15,122.8,123.05,145528,2019-08-28,2019,124.70000000000002,123.4,127.65000000000002,129.3,128.0,125.05,126.45,126.0,126.35000000000001,125.2231,124.52690000000001,127.47690000000001,128.1731,120.45,132.25,,,0.0,0.0,0.0,13,30
2019-08-28 13:35:00,123.1,123.5,122.85,123.1,191948,2019-08-28,2019,124.70000000000002,123.4,127.65000000000002,129.3,128.0,125.05,126.45,126.0,126.35000000000001,125.2231,124.52690000000001,127.47690000000001,128.1731,120.45,132.25,,,0.0,0.0,0.0,13,35
2019-08-28 13:40:00,123.2,123.35,123.05,123.2,145780,2019-08-28,2019,124.70000000000002,123.4,127.65000000000002,129.3,128.0,125.05,126.45,126.0,126.35000000000001,125.2231,124.52690000000001,127.47690000000001,128.1731,120.45,132.25,,,0.0,0.0,0.0,13,40
2019-08-28 13:45:00,123.15,123.4,122.9,122.95,214970,2019-08-28,2019,124.70000000000002,123.4,127.65000000000002,129.3,128.0,125.05,126.45,126.0,126.35000000000001,125.2231,124.52690000000001,127.47690000000001,128.1731,120.45,132.25,,,0.0,0.0,0.0,13,45
2019-08-28 13:50:00,122.9,123.2,122.7,122.7,213389,2019-08-28,2019,124.70000000000002,123.4,127.65000000000002,129.3,128.0,125.05,126.45,126.0,126.35000000000001,125.2231,124.52690000000001,127.47690000000001,128.1731,120.45,132.25,,,0.0,0.0,0.0,13,50
2019-08-28 13:55:00,122.7,122.9,122.65,122.75,143003,2019-08-28,2019,124.70000000000002,123.4,127.65000000000002,129.3,128.0,125.05,126.45,126.0,126.35000000000001,125.2231,124.52690000000001,127.47690000000001,128.1731,120.45,132.25,,,0.0,0.0,0.0,13,55
2019-08-28 14:00:00,122.7,122.75,122.4,122.5,192585,2019-08-28,2019,124.70000000000002,123.4,127.65000000000002,129.3,128.0,125.05,126.45,126.0,126.35000000000001,125.2231,124.52690000000001,127.47690000000001,128.1731,120.45,132.25,,,0.0,0.0,0.0,14,0
2019-08-28 14:05:00,122.5,122.85,122.45,122.7,171838,2019-08-28,2019,124.70000000000002,123.4,127.65000000000002,129.3,128.0,125.05,126.45,126.0,126.35000000000001,125.2231,124.52690000000001,127.47690000000001,128.1731,120.45,132.25,,,0.0,0.0,0.0,14,5
2019-08-28 14:10:00,122.7,122.85,122.4,122.55,168499,2019-08-28,2019,124.70000000000002,123.4,127.65000000000002,129.3,128.0,125.05,126.45,126.0,126.35000000000001,125.2231,124.52690000000001,127.47690000000001,128.1731,120.45,132.25,,,0.0,0.0,0.0,14,10
2019-08-28 14:15:00,122.6,122.7,122.2,122.45,216199,2019-08-28,2019,124.70000000000002,123.4,127.65000000000002,129.3,128.0,125.05,126.45,126.0,126.35000000000001,125.2231,124.52690000000001,127.47690000000001,128.1731,120.45,132.25,,,0.0,0.0,0.0,14,15
2019-08-28 14:20:00,122.45,122.95,122.45,122.85,185182,2019-08-28,2019,124.70000000000002,123.4,127.65000000000002,129.3,128.0,125.05,126.45,126.0,126.35000000000001,125.2231,124.52690000000001,127.47690000000001,128.1731,120.45,132.25,,,0.0,0.0,0.0,14,20
2019-08-28 14:25:00,122.85,122.95,122.25,122.45,210587,2019-08-28,2019,124.70000000000002,123.4,127.65000000000002,129.3,128.0,125.05,126.45,126.0,126.35000000000001,125.2231,124.52690000000001,127.47690000000001,128.1731,120.45,132.25,,,0.0,0.0,0.0,14,25
2019-08-28 14:30:00,122.45,122.65,122.0,122.1,217628,2019-08-28,2019,124.70000000000002,123.4,127.65000000000002,129.3,128.0,125.05,126.45,126.0,126.35000000000001,125.2231,124.52690000000001,127.47690000000001,128.1731,120.45,132.25,,,0.0,0.0,0.0,14,30
2019-08-28 14:35:00,122.15,122.45,122.0,122.3,157890,2019-08-28,2019,124.70000000000002,123.4,127.65000000000002,129.3,128.0,125.05,126.45,126.0,126.35000000000001,125.2231,124.52690000000001,127.47690000000001,128.1731,120.45,132.25,,,0.0,0.0,0.0,14,35
2019-08-28 14:40:00,122.3,122.4,122.15,122.2,110587,2019-08-28,2019,124.70000000000002,123.4,127.65000000000002,129.3,128.0,125.05,126.45,126.0,126.35000000000001,125.2231,124.52690000000001,127.47690000000001,128.1731,120.45,132.25,,,0.0,0.0,0.0,14,40
2019-08-28 14:45:00,122.2,122.35,121.7,121.95,168687,2019-08-28,2019,124.70000000000002,123.4,127.65000000000002,129.3,128.0,125.05,126.45,126.0,126.35000000000001,125.2231,124.52690000000001,127.47690000000001,128.1731,120.45,132.25,,,0.0,0.0,0.0,14,45
2019-08-28 14:50:00,122.0,122.25,121.8,122.1,181366,2019-08-28,2019,124.70000000000002,123.4,127.65000000000002,129.3,128.0,125.05,126.45,126.0,126.35000000000001,125.2231,124.52690000000001,127.47690000000001,128.1731,120.45,132.25,,,0.0,0.0,0.0,14,50
2019-08-28 14:55:00,122.1,122.6,121.95,122.25,168676,2019-08-28,2019,124.70000000000002,123.4,127.65000000000002,129.3,128.0,125.05,126.45,126.0,126.35000000000001,125.2231,124.52690000000001,127.47690000000001,128.1731,120.45,132.25,,,0.0,0.0,0.0,14,55
2019-08-28 15:00:00,122.3,123.0,122.25,122.8,295274,2019-08-28,2019,124.70000000000002,123.4,127.65000000000002,129.3,128.0,125.05,126.45,126.0,126.35000000000001,125.2231,124.52690000000001,127.47690000000001,128.1731,120.45,132.25,,,0.0,0.0,0.0,15,0
2019-08-28 15:05:00,122.8,123.2,122.7,123.15,342434,2019-08-28,2019,124.70000000000002,123.4,127.65000000000002,129.3,128.0,125.05,126.45,126.0,126.35000000000001,125.2231,124.52690000000001,127.47690000000001,128.1731,120.45,132.25,,,0.0,0.0,0.0,15,5
2019-08-28 15:10:00,123.1,123.2,122.55,122.65,294482,2019-08-28,2019,124.70000000000002,123.4,127.65000000000002,129.3,128.0,125.05,126.45,126.0,126.35000000000001,125.2231,124.52690000000001,127.47690000000001,128.1731,120.45,132.25,,,0.0,0.0,0.0,15,10
2019-08-28 15:15:00,122.65,123.05,122.55,122.95,464240,2019-08-28,2019,124.70000000000002,123.4,127.65000000000002,129.3,128.0,125.05,126.45,126.0,126.35000000000001,125.2231,124.52690000000001,127.47690000000001,128.1731,120.45,132.25,,,0.0,0.0,0.0,15,15
2019-08-28 15:20:00,122.95,123.25,122.65,122.8,255338,2019-08-28,2019,124.70000000000002,123.4,127.65000000000002,129.3,128.0,125.05,126.45,126.0,126.35000000000001,125.2231,124.52690000000001,127.47690000000001,128.1731,120.45,132.25,,,0.0,0.0,0.0,15,20
2019-08-28 15:25:00,122.7,123.55,122.55,123.25,531259,2019-08-28,2019,124.70000000000002,123.4,127.65000000000002,129.3,128.0,125.05,126.45,126.0,126.35000000000001,125.2231,124.52690000000001,127.47690000000001,128.1731,120.45,132.25,,,0.0,0.0,0.0,15,25
2019-08-29 09:15:00,123.2,123.3,122.2,122.65,274179,2019-08-29,2019,121.0,118.75,126.2,129.15,126.9,121.7,125.9,123.25,123.95,121.9636,120.7364,125.9364,127.1636,113.55,134.35000000000002,,,0.0,0.0,0.0,9,15
2019-08-29 09:20:00,122.7,122.7,122.35,122.35,114196,2019-08-29,2019,121.0,118.75,126.2,129.15,126.9,121.7,125.9,123.25,123.95,121.9636,120.7364,125.9364,127.1636,113.55,134.35000000000002,,,0.0,0.0,0.0,9,20
2019-08-29 09:25:00,122.35,122.55,122.15,122.35,112678,2019-08-29,2019,121.0,118.75,126.2,129.15,126.9,121.7,125.9,123.25,123.95,121.9636,120.7364,125.9364,127.1636,113.55,134.35000000000002,,,0.0,0.0,0.0,9,25
2019-08-29 09:30:00,122.35,122.5,121.9,122.4,171874,2019-08-29,2019,121.0,118.75,126.2,129.15,126.9,121.7,125.9,123.25,123.95,121.9636,120.7364,125.9364,127.1636,113.55,134.35000000000002,,,0.0,0.0,0.0,9,30
2019-08-29 09:35:00,122.45,122.7,122.4,122.5,48094,2019-08-29,2019,121.0,118.75,126.2,129.15,126.9,121.7,125.9,123.25,123.95,121.9636,120.7364,125.9364,127.1636,113.55,134.35000000000002,,,0.0,0.0,0.0,9,35
2019-08-29 09:40:00,122.5,122.5,122.1,122.25,56667,2019-08-29,2019,121.0,118.75,126.2,129.15,126.9,121.7,125.9,123.25,123.95,121.9636,120.7364,125.9364,127.1636,113.55,134.35000000000002,,,0.0,0.0,0.0,9,40
2019-08-29 09:45:00,122.3,122.6,122.2,122.55,88002,2019-08-29,2019,121.0,118.75,126.2,129.15,126.9,121.7,125.9,123.25,123.95,121.9636,120.7364,125.9364,127.1636,113.55,134.35000000000002,,,0.0,0.0,0.0,9,45
2019-08-29 09:50:00,122.55,122.55,122.0,122.15,141171,2019-08-29,2019,121.0,118.75,126.2,129.15,126.9,121.7,125.9,123.25,123.95,121.9636,120.7364,125.9364,127.1636,113.55,134.35000000000002,,,0.0,0.0,0.0,9,50
2019-08-29 09:55:00,122.15,122.2,121.85,121.9,88673,2019-08-29,2019,121.0,118.75,126.2,129.15,126.9,121.7,125.9,123.25,123.95,121.9636,120.7364,125.9364,127.1636,113.55,134.35000000000002,,,0.0,0.0,0.0,9,55
2019-08-29 10:00:00,121.9,121.95,121.55,121.85,133591,2019-08-29,2019,121.0,118.75,126.2,129.15,126.9,121.7,125.9,123.25,123.95,121.9636,120.7364,125.9364,127.1636,113.55,134.35000000000002,,,0.0,0.0,0.0,10,0
2019-08-29 10:05:00,121.85,121.9,121.7,121.75,29988,2019-08-29,2019,121.0,118.75,126.2,129.15,126.9,121.7,125.9,123.25,123.95,121.9636,120.7364,125.9364,127.1636,113.55,134.35000000000002,,,0.0,0.0,0.0,10,5
2019-08-29 10:10:00,121.75,122.0,121.7,121.95,52755,2019-08-29,2019,121.0,118.75,126.2,129.15,126.9,121.7,125.9,123.25,123.95,121.9636,120.7364,125.9364,127.1636,113.55,134.35000000000002,,,0.0,0.0,0.0,10,10
2019-08-29 10:15:00,121.95,121.95,121.7,121.7,45883,2019-08-29,2019,121.0,118.75,126.2,129.15,126.9,121.7,125.9,123.25,123.95,121.9636,120.7364,125.9364,127.1636,113.55,134.35000000000002,,,0.0,0.0,0.0,10,15
2019-08-29 10:20:00,121.7,121.8,121.65,121.8,20943,2019-08-29,2019,121.0,118.75,126.2,129.15,126.9,121.7,125.9,123.25,123.95,121.9636,120.7364,125.9364,127.1636,113.55,134.35000000000002,,,0.0,0.0,0.0,10,20
2019-08-29 10:25:00,121.8,122.05,121.65,121.95,27934,2019-08-29,2019,121.0,118.75,126.2,129.15,126.9,121.7,125.9,123.25,123.95,121.9636,120.7364,125.9364,127.1636,113.55,134.35000000000002,,,0.0,0.0,0.0,10,25
2019-08-29 10:30:00,121.95,122.05,121.7,121.75,22029,2019-08-29,2019,121.0,118.75,126.2,129.15,126.9,121.7,125.9,123.25,123.95,121.9636,120.7364,125.9364,127.1636,113.55,134.35000000000002,,,0.0,0.0,0.0,10,30
2019-08-29 10:35:00,121.7,122.2,121.7,122.15,106335,2019-08-29,2019,121.0,118.75,126.2,129.15,126.9,121.7,125.9,123.25,123.95,121.9636,120.7364,125.9364,127.1636,113.55,134.35000000000002,,,0.0,0.0,0.0,10,35
2019-08-29 10:40:00,122.15,122.65,122.1,122.6,135362,2019-08-29,2019,121.0,118.75,126.2,129.15,126.9,121.7,125.9,123.25,123.95,121.9636,120.7364,125.9364,127.1636,113.55,134.35000000000002,,,0.0,0.0,0.0,10,40
2019-08-29 10:45:00,122.6,122.85,122.55,122.75,84122,2019-08-29,2019,121.0,118.75,126.2,129.15,126.9,121.7,125.9,123.25,123.95,121.9636,120.7364,125.9364,127.1636,113.55,134.35000000000002,,,0.0,0.0,0.0,10,45
2019-08-29 10:50:00,122.75,122.8,122.55,122.8,67931,2019-08-29,2019,121.0,118.75,126.2,129.15,126.9,121.7,125.9,123.25,123.95,121.9636,120.7364,125.9364,127.1636,113.55,134.35000000000002,,,0.0,0.0,0.0,10,50
2019-08-29 10:55:00,122.8,123.5,122.65,123.4,188098,2019-08-29,2019,121.0,118.75,126.2,129.15,126.9,121.7,125.9,123.25,123.95,121.9636,120.7364,125.9364,127.1636,113.55,134.35000000000002,Entry,Buy,123.4,125.9364,121.55,10,55
2019-08-29 11:00:00,123.35,124.1,123.35,123.35,320014,2019-08-29,2019,121.0,118.75,126.2,129.15,126.9,121.7,125.9,123.25,123.95,121.9636,120.7364,125.9364,127.1636,113.55,134.35000000000002,,,0.0,0.0,0.0,11,0
2019-08-29 11:05:00,123.5,123.5,123.05,123.15,96826,2019-08-29,2019,121.0,118.75,126.2,129.15,126.9,121.7,125.9,123.25,123.95,121.9636,120.7364,125.9364,127.1636,113.55,134.35000000000002,Exit,Sell,123.8936,122.7072,124.1,11,5
2019-08-29 11:10:00,123.25,123.4,123.15,123.3,37989,2019-08-29,2019,121.0,118.75,126.2,129.15,126.9,121.7,125.9,123.25,123.95,121.9636,120.7364,125.9364,127.1636,113.55,134.35000000000002,,,0.0,0.0,0.0,11,10
2019-08-29 11:15:00,123.35,123.4,123.1,123.4,39094,2019-08-29,2019,121.0,118.75,126.2,129.15,126.9,121.7,125.9,123.25,123.95,121.9636,120.7364,125.9364,127.1636,113.55,134.35000000000002,Exit,Buy,123.39802560000001,125.93442560000001,121.55,11,15
2019-08-29 11:20:00,123.4,123.4,123.0,123.15,80438,2019-08-29,2019,121.0,118.75,126.2,129.15,126.9,121.7,125.9,123.25,123.95,121.9636,120.7364,125.9364,127.1636,113.55,134.35000000000002,,,0.0,0.0,0.0,11,20
2019-08-29 11:25:00,123.15,123.25,122.8,122.9,110172,2019-08-29,2019,121.0,118.75,126.2,129.15,126.9,121.7,125.9,123.25,123.95,121.9636,120.7364,125.9364,127.1636,113.55,134.35000000000002,,,0.0,0.0,0.0,11,25
2019-08-29 11:30:00,122.9,123.05,122.75,122.8,44622,2019-08-29,2019,121.0,118.75,126.2,129.15,126.9,121.7,125.9,123.25,123.95,121.9636,120.7364,125.9364,127.1636,113.55,134.35000000000002,,,0.0,0.0,0.0,11,30
2019-08-29 11:35:00,122.8,122.8,122.4,122.75,96773,2019-08-29,2019,121.0,118.75,126.2,129.15,126.9,121.7,125.9,123.25,123.95,121.9636,120.7364,125.9364,127.1636,113.55,134.35000000000002,,,0.0,0.0,0.0,11,35
2019-08-29 11:40:00,122.75,122.75,122.5,122.55,46624,2019-08-29,2019,121.0,118.75,126.2,129.15,126.9,121.7,125.9,123.25,123.95,121.9636,120.7364,125.9364,127.1636,113.55,134.35000000000002,,,0.0,0.0,0.0,11,40
2019-08-29 11:45:00,122.55,122.9,122.5,122.6,62069,2019-08-29,2019,121.0,118.75,126.2,129.15,126.9,121.7,125.9,123.25,123.95,121.9636,120.7364,125.9364,127.1636,113.55,134.35000000000002,,,0.0,0.0,0.0,11,45
2019-08-29 11:50:00,122.6,123.1,122.55,123.0,74470,2019-08-29,2019,121.0,118.75,126.2,129.15,126.9,121.7,125.9,123.25,123.95,121.9636,120.7364,125.9364,127.1636,113.55,134.35000000000002,,,0.0,0.0,0.0,11,50
2019-08-29 11:55:00,123.0,123.0,122.5,122.55,57934,2019-08-29,2019,121.0,118.75,126.2,129.15,126.9,121.7,125.9,123.25,123.95,121.9636,120.7364,125.9364,127.1636,113.55,134.35000000000002,,,0.0,0.0,0.0,11,55
2019-08-29 12:00:00,122.65,122.8,122.5,122.75,87972,2019-08-29,2019,121.0,118.75,126.2,129.15,126.9,121.7,125.9,123.25,123.95,121.9636,120.7364,125.9364,127.1636,113.55,134.35000000000002,,,0.0,0.0,0.0,12,0
2019-08-29 12:05:00,122.75,122.75,122.4,122.5,172737,2019-08-29,2019,121.0,118.75,126.2,129.15,126.9,121.7,125.9,123.25,123.95,121.9636,120.7364,125.9364,127.1636,113.55,134.35000000000002,,,0.0,0.0,0.0,12,5
2019-08-29 12:10:00,122.5,122.7,122.5,122.65,120850,2019-08-29,2019,121.0,118.75,126.2,129.15,126.9,121.7,125.9,123.25,123.95,121.9636,120.7364,125.9364,127.1636,113.55,134.35000000000002,,,0.0,0.0,0.0,12,10
2019-08-29 12:15:00,122.65,122.75,122.5,122.65,76566,2019-08-29,2019,121.0,118.75,126.2,129.15,126.9,121.7,125.9,123.25,123.95,121.9636,120.7364,125.9364,127.1636,113.55,134.35000000000002,,,0.0,0.0,0.0,12,15
2019-08-29 12:20:00,122.75,123.05,122.65,123.0,95294,2019-08-29,2019,121.0,118.75,126.2,129.15,126.9,121.7,125.9,123.25,123.95,121.9636,120.7364,125.9364,127.1636,113.55,134.35000000000002,,,0.0,0.0,0.0,12,20
2019-08-29 12:25:00,123.0,123.2,122.7,122.8,104416,2019-08-29,2019,121.0,118.75,126.2,129.15,126.9,121.7,125.9,123.25,123.95,121.9636,120.7364,125.9364,127.1636,113.55,134.35000000000002,,,0.0,0.0,0.0,12,25
2019-08-29 12:30:00,122.8,122.9,122.55,122.65,97446,2019-08-29,2019,121.0,118.75,126.2,129.15,126.9,121.7,125.9,123.25,123.95,121.9636,120.7364,125.9364,127.1636,113.55,134.35000000000002,,,0.0,0.0,0.0,12,30
2019-08-29 12:35:00,122.65,122.9,122.6,122.7,60048,2019-08-29,2019,121.0,118.75,126.2,129.15,126.9,121.7,125.9,123.25,123.95,121.9636,120.7364,125.9364,127.1636,113.55,134.35000000000002,,,0.0,0.0,0.0,12,35
2019-08-29 12:40:00,122.7,123.15,122.7,123.05,118691,2019-08-29,2019,121.0,118.75,126.2,129.15,126.9,121.7,125.9,123.25,123.95,121.9636,120.7364,125.9364,127.1636,113.55,134.35000000000002,,,0.0,0.0,0.0,12,40
2019-08-29 12:45:00,123.05,123.2,122.95,123.1,91257,2019-08-29,2019,121.0,118.75,126.2,129.15,126.9,121.7,125.9,123.25,123.95,121.9636,120.7364,125.9364,127.1636,113.55,134.35000000000002,,,0.0,0.0,0.0,12,45
2019-08-29 12:50:00,123.1,123.1,122.8,122.95,106234,2019-08-29,2019,121.0,118.75,126.2,129.15,126.9,121.7,125.9,123.25,123.95,121.9636,120.7364,125.9364,127.1636,113.55,134.35000000000002,,,0.0,0.0,0.0,12,50
2019-08-29 12:55:00,122.95,123.15,122.85,123.05,36535,2019-08-29,2019,121.0,118.75,126.2,129.15,126.9,121.7,125.9,123.25,123.95,121.9636,120.7364,125.9364,127.1636,113.55,134.35000000000002,,,0.0,0.0,0.0,12,55
2019-08-29 13:00:00,123.05,123.45,123.05,123.35,58378,2019-08-29,2019,121.0,118.75,126.2,129.15,126.9,121.7,125.9,123.25,123.95,121.9636,120.7364,125.9364,127.1636,113.55,134.35000000000002,,,0.0,0.0,0.0,13,0
2019-08-29 13:05:00,123.35,123.4,123.0,123.25,62250,2019-08-29,2019,121.0,118.75,126.2,129.15,126.9,121.7,125.9,123.25,123.95,121.9636,120.7364,125.9364,127.1636,113.55,134.35000000000002,,,0.0,0.0,0.0,13,5
2019-08-29 13:10:00,123.25,123.7,123.1,123.1,159806,2019-08-29,2019,121.0,118.75,126.2,129.15,126.9,121.7,125.9,123.25,123.95,121.9636,120.7364,125.9364,127.1636,113.55,134.35000000000002,,,0.0,0.0,0.0,13,10
2019-08-29 13:15:00,123.2,123.4,123.1,123.3,35877,2019-08-29,2019,121.0,118.75,126.2,129.15,126.9,121.7,125.9,123.25,123.95,121.9636,120.7364,125.9364,127.1636,113.55,134.35000000000002,,,0.0,0.0,0.0,13,15
2019-08-29 13:20:00,123.3,123.4,123.05,123.3,56144,2019-08-29,2019,121.0,118.75,126.2,129.15,126.9,121.7,125.9,123.25,123.95,121.9636,120.7364,125.9364,127.1636,113.55,134.35000000000002,,,0.0,0.0,0.0,13,20
2019-08-29 13:25:00,123.4,123.4,123.1,123.25,43743,2019-08-29,2019,121.0,118.75,126.2,129.15,126.9,121.7,125.9,123.25,123.95,121.9636,120.7364,125.9364,127.1636,113.55,134.35000000000002,,,0.0,0.0,0.0,13,25
2019-08-29 13:30:00,123.25,123.25,122.8,122.95,108524,2019-08-29,2019,121.0,118.75,126.2,129.15,126.9,121.7,125.9,123.25,123.95,121.9636,120.7364,125.9364,127.1636,113.55,134.35000000000002,,,0.0,0.0,0.0,13,30
2019-08-29 13:35:00,122.95,122.95,122.6,122.9,92418,2019-08-29,2019,121.0,118.75,126.2,129.15,126.9,121.7,125.9,123.25,123.95,121.9636,120.7364,125.9364,127.1636,113.55,134.35000000000002,,,0.0,0.0,0.0,13,35
2019-08-29 13:40:00,122.9,123.25,122.8,123.15,126469,2019-08-29,2019,121.0,118.75,126.2,129.15,126.9,121.7,125.9,123.25,123.95,121.9636,120.7364,125.9364,127.1636,113.55,134.35000000000002,,,0.0,0.0,0.0,13,40
2019-08-29 13:45:00,123.15,123.5,123.1,123.1,81997,2019-08-29,2019,121.0,118.75,126.2,129.15,126.9,121.7,125.9,123.25,123.95,121.9636,120.7364,125.9364,127.1636,113.55,134.35000000000002,,,0.0,0.0,0.0,13,45
2019-08-29 13:50:00,123.1,123.4,123.1,123.2,55282,2019-08-29,2019,121.0,118.75,126.2,129.15,126.9,121.7,125.9,123.25,123.95,121.9636,120.7364,125.9364,127.1636,113.55,134.35000000000002,,,0.0,0.0,0.0,13,50
2019-08-29 13:55:00,123.2,123.55,123.2,123.35,141621,2019-08-29,2019,121.0,118.75,126.2,129.15,126.9,121.7,125.9,123.25,123.95,121.9636,120.7364,125.9364,127.1636,113.55,134.35000000000002,,,0.0,0.0,0.0,13,55
2019-08-29 14:00:00,123.4,123.55,123.35,123.45,110230,2019-08-29,2019,121.0,118.75,126.2,129.15,126.9,121.7,125.9,123.25,123.95,121.9636,120.7364,125.9364,127.1636,113.55,134.35000000000002,,,0.0,0.0,0.0,14,0
2019-08-29 14:05:00,123.45,123.65,123.35,123.6,134233,2019-08-29,2019,121.0,118.75,126.2,129.15,126.9,121.7,125.9,123.25,123.95,121.9636,120.7364,125.9364,127.1636,113.55,134.35000000000002,,,0.0,0.0,0.0,14,5
2019-08-29 14:10:00,123.6,123.95,123.5,123.75,103941,2019-08-29,2019,121.0,118.75,126.2,129.15,126.9,121.7,125.9,123.25,123.95,121.9636,120.7364,125.9364,127.1636,113.55,134.35000000000002,,,0.0,0.0,0.0,14,10
2019-08-29 14:15:00,123.75,123.85,123.55,123.55,680399,2019-08-29,2019,121.0,118.75,126.2,129.15,126.9,121.7,125.9,123.25,123.95,121.9636,120.7364,125.9364,127.1636,113.55,134.35000000000002,,,0.0,0.0,0.0,14,15
2019-08-29 14:20:00,123.6,123.6,123.4,123.55,38132,2019-08-29,2019,121.0,118.75,126.2,129.15,126.9,121.7,125.9,123.25,123.95,121.9636,120.7364,125.9364,127.1636,113.55,134.35000000000002,,,0.0,0.0,0.0,14,20
2019-08-29 14:25:00,123.55,123.55,123.25,123.4,145209,2019-08-29,2019,121.0,118.75,126.2,129.15,126.9,121.7,125.9,123.25,123.95,121.9636,120.7364,125.9364,127.1636,113.55,134.35000000000002,,,0.0,0.0,0.0,14,25
2019-08-29 14:30:00,123.3,123.55,123.2,123.55,38661,2019-08-29,2019,121.0,118.75,126.2,129.15,126.9,121.7,125.9,123.25,123.95,121.9636,120.7364,125.9364,127.1636,113.55,134.35000000000002,,,0.0,0.0,0.0,14,30
2019-08-29 14:35:00,123.55,123.55,123.3,123.45,31937,2019-08-29,2019,121.0,118.75,126.2,129.15,126.9,121.7,125.9,123.25,123.95,121.9636,120.7364,125.9364,127.1636,113.55,134.35000000000002,,,0.0,0.0,0.0,14,35
2019-08-29 14:40:00,123.45,123.5,123.4,123.5,34851,2019-08-29,2019,121.0,118.75,126.2,129.15,126.9,121.7,125.9,123.25,123.95,121.9636,120.7364,125.9364,127.1636,113.55,134.35000000000002,,,0.0,0.0,0.0,14,40
2019-08-29 14:45:00,123.5,123.5,123.3,123.45,67686,2019-08-29,2019,121.0,118.75,126.2,129.15,126.9,121.7,125.9,123.25,123.95,121.9636,120.7364,125.9364,127.1636,113.55,134.35000000000002,,,0.0,0.0,0.0,14,45
2019-08-29 14:50:00,123.4,123.5,123.35,123.4,88751,2019-08-29,2019,121.0,118.75,126.2,129.15,126.9,121.7,125.9,123.25,123.95,121.9636,120.7364,125.9364,127.1636,113.55,134.35000000000002,,,0.0,0.0,0.0,14,50
2019-08-29 14:55:00,123.4,124.2,123.4,124.2,291031,2019-08-29,2019,121.0,118.75,126.2,129.15,126.9,121.7,125.9,123.25,123.95,121.9636,120.7364,125.9364,127.1636,113.55,134.35000000000002,,,0.0,0.0,0.0,14,55
2019-08-29 15:00:00,124.15,124.15,122.95,123.1,4619267,2019-08-29,2019,121.0,118.75,126.2,129.15,126.9,121.7,125.9,123.25,123.95,121.9636,120.7364,125.9364,127.1636,113.55,134.35000000000002,Exit,Sell,123.89161770240001,122.75521770240002,124.2,15,0
2019-08-29 15:05:00,123.1,123.35,122.5,123.1,4713274,2019-08-29,2019,121.0,118.75,126.2,129.15,126.9,121.7,125.9,123.25,123.95,121.9636,120.7364,125.9364,127.1636,113.55,134.35000000000002,Exit,Buy,122.75521770240002,0.0,0.0,15,5
2019-08-29 15:10:00,123.05,123.15,122.95,123.05,4677715,2019-08-29,2019,121.0,118.75,126.2,129.15,126.9,121.7,125.9,123.25,123.95,121.9636,120.7364,125.9364,127.1636,113.55,134.35000000000002,,,0.0,0.0,0.0,15,10
2019-08-29 15:15:00,123.0,123.4,122.95,123.2,4738237,2019-08-29,2019,121.0,118.75,126.2,129.15,126.9,121.7,125.9,123.25,123.95,121.9636,120.7364,125.9364,127.1636,113.55,134.35000000000002,,,0.0,0.0,0.0,15,15
2019-08-29 15:20:00,123.2,123.45,122.65,123.15,4945577,2019-08-29,2019,121.0,118.75,126.2,129.15,126.9,121.7,125.9,123.25,123.95,121.9636,120.7364,125.9364,127.1636,113.55,134.35000000000002,,,0.0,0.0,0.0,15,20
2019-08-29 15:25:00,123.25,128.15,123.2,124.65,7664382,2019-08-29,2019,121.0,118.75,126.2,129.15,126.9,121.7,125.9,123.25,123.95,121.9636,120.7364,125.9364,127.1636,113.55,134.35000000000002,,,0.0,0.0,0.0,15,25
2019-08-30 09:15:00,124.2,124.4,123.3,123.45,308114,2019-08-30,2019,121.41666666666669,118.18333333333334,128.0166666666667,131.38333333333335,128.15,121.55,123.2,124.65,124.78333333333335,122.26213333333334,120.70453333333334,127.30453333333335,128.86213333333336,111.58333333333333,137.98333333333335,,,0.0,0.0,0.0,9,15
2019-08-30 09:20:00,123.45,124.4,123.4,123.8,269381,2019-08-30,2019,121.41666666666669,118.18333333333334,128.0166666666667,131.38333333333335,128.15,121.55,123.2,124.65,124.78333333333335,122.26213333333334,120.70453333333334,127.30453333333335,128.86213333333336,111.58333333333333,137.98333333333335,,,0.0,0.0,0.0,9,20
2019-08-30 09:25:00,123.8,123.95,123.7,123.75,159239,2019-08-30,2019,121.41666666666669,118.18333333333334,128.0166666666667,131.38333333333335,128.15,121.55,123.2,124.65,124.78333333333335,122.26213333333334,120.70453333333334,127.30453333333335,128.86213333333336,111.58333333333333,137.98333333333335,,,0.0,0.0,0.0,9,25
2019-08-30 09:30:00,123.75,123.95,123.65,123.75,110439,2019-08-30,2019,121.41666666666669,118.18333333333334,128.0166666666667,131.38333333333335,128.15,121.55,123.2,124.65,124.78333333333335,122.26213333333334,120.70453333333334,127.30453333333335,128.86213333333336,111.58333333333333,137.98333333333335,,,0.0,0.0,0.0,9,30
2019-08-30 09:35:00,123.7,124.05,123.6,124.05,182727,2019-08-30,2019,121.41666666666669,118.18333333333334,128.0166666666667,131.38333333333335,128.15,121.55,123.2,124.65,124.78333333333335,122.26213333333334,120.70453333333334,127.30453333333335,128.86213333333336,111.58333333333333,137.98333333333335,,,0.0,0.0,0.0,9,35
2019-08-30 09:40:00,124.05,124.45,124.0,124.35,100725,2019-08-30,2019,121.41666666666669,118.18333333333334,128.0166666666667,131.38333333333335,128.15,121.55,123.2,124.65,124.78333333333335,122.26213333333334,120.70453333333334,127.30453333333335,128.86213333333336,111.58333333333333,137.98333333333335,,,0.0,0.0,0.0,9,40
2019-08-30 09:45:00,124.35,124.4,124.1,124.3,128448,2019-08-30,2019,121.41666666666669,118.18333333333334,128.0166666666667,131.38333333333335,128.15,121.55,123.2,124.65,124.78333333333335,122.26213333333334,120.70453333333334,127.30453333333335,128.86213333333336,111.58333333333333,137.98333333333335,,,0.0,0.0,0.0,9,45
2019-08-30 09:50:00,124.3,124.45,124.25,124.35,79077,2019-08-30,2019,121.41666666666669,118.18333333333334,128.0166666666667,131.38333333333335,128.15,121.55,123.2,124.65,124.78333333333335,122.26213333333334,120.70453333333334,127.30453333333335,128.86213333333336,111.58333333333333,137.98333333333335,,,0.0,0.0,0.0,9,50
2019-08-30 09:55:00,124.3,124.35,124.05,124.05,63341,2019-08-30,2019,121.41666666666669,118.18333333333334,128.0166666666667,131.38333333333335,128.15,121.55,123.2,124.65,124.78333333333335,122.26213333333334,120.70453333333334,127.30453333333335,128.86213333333336,111.58333333333333,137.98333333333335,,,0.0,0.0,0.0,9,55
2019-08-30 10:00:00,124.05,124.1,123.8,123.85,101981,2019-08-30,2019,121.41666666666669,118.18333333333334,128.0166666666667,131.38333333333335,128.15,121.55,123.2,124.65,124.78333333333335,122.26213333333334,120.70453333333334,127.30453333333335,128.86213333333336,111.58333333333333,137.98333333333335,,,0.0,0.0,0.0,10,0
2019-08-30 10:05:00,123.85,123.9,123.55,123.65,87758,2019-08-30,2019,121.41666666666669,118.18333333333334,128.0166666666667,131.38333333333335,128.15,121.55,123.2,124.65,124.78333333333335,122.26213333333334,120.70453333333334,127.30453333333335,128.86213333333336,111.58333333333333,137.98333333333335,,,0.0,0.0,0.0,10,5
2019-08-30 10:10:00,123.6,123.65,123.35,123.55,92012,2019-08-30,2019,121.41666666666669,118.18333333333334,128.0166666666667,131.38333333333335,128.15,121.55,123.2,124.65,124.78333333333335,122.26213333333334,120.70453333333334,127.30453333333335,128.86213333333336,111.58333333333333,137.98333333333335,,,0.0,0.0,0.0,10,10
2019-08-30 10:15:00,123.55,123.75,123.1,123.15,169181,2019-08-30,2019,121.41666666666669,118.18333333333334,128.0166666666667,131.38333333333335,128.15,121.55,123.2,124.65,124.78333333333335,122.26213333333334,120.70453333333334,127.30453333333335,128.86213333333336,111.58333333333333,137.98333333333335,Entry,Sell,123.15,122.26213333333334,124.45,10,15
2019-08-30 10:20:00,123.1,123.1,122.45,122.85,362665,2019-08-30,2019,121.41666666666669,118.18333333333334,128.0166666666667,131.38333333333335,128.15,121.55,123.2,124.65,124.78333333333335,122.26213333333334,120.70453333333334,127.30453333333335,128.86213333333336,111.58333333333333,137.98333333333335,,,0.0,0.0,0.0,10,20
2019-08-30 10:25:00,122.85,123.05,122.8,122.9,54258,2019-08-30,2019,121.41666666666669,118.18333333333334,128.0166666666667,131.38333333333335,128.15,121.55,123.2,124.65,124.78333333333335,122.26213333333334,120.70453333333334,127.30453333333335,128.86213333333336,111.58333333333333,137.98333333333335,Exit,Buy,122.65740000000001,124.54073333333335,122.45,10,25
2019-08-30 10:30:00,122.9,122.9,122.55,122.6,75133,2019-08-30,2019,121.41666666666669,118.18333333333334,128.0166666666667,131.38333333333335,128.15,121.55,123.2,124.65,124.78333333333335,122.26213333333334,120.70453333333334,127.30453333333335,128.86213333333336,111.58333333333333,137.98333333333335,,,0.0,0.0,0.0,10,30
2019-08-30 10:35:00,122.6,122.85,122.6,122.7,55151,2019-08-30,2019,121.41666666666669,118.18333333333334,128.0166666666667,131.38333333333335,128.15,121.55,123.2,124.65,124.78333333333335,122.26213333333334,120.70453333333334,127.30453333333335,128.86213333333336,111.58333333333333,137.98333333333335,,,0.0,0.0,0.0,10,35
2019-08-30 10:40:00,122.7,122.9,122.6,122.8,73446,2019-08-30,2019,121.41666666666669,118.18333333333334,128.0166666666667,131.38333333333335,128.15,121.55,123.2,124.65,124.78333333333335,122.26213333333334,120.70453333333334,127.30453333333335,128.86213333333336,111.58333333333333,137.98333333333335,,,0.0,0.0,0.0,10,40
2019-08-30 10:45:00,122.75,123.2,122.75,123.05,55028,2019-08-30,2019,121.41666666666669,118.18333333333334,128.0166666666667,131.38333333333335,128.15,121.55,123.2,124.65,124.78333333333335,122.26213333333334,120.70453333333334,127.30453333333335,128.86213333333336,111.58333333333333,137.98333333333335,,,0.0,0.0,0.0,10,45
2019-08-30 10:50:00,123.1,123.1,123.0,123.05,25342,2019-08-30,2019,121.41666666666669,118.18333333333334,128.0166666666667,131.38333333333335,128.15,121.55,123.2,124.65,124.78333333333335,122.26213333333334,120.70453333333334,127.30453333333335,128.86213333333336,111.58333333333333,137.98333333333335,,,0.0,0.0,0.0,10,50
2019-08-30 10:55:00,123.0,123.05,122.65,122.75,42547,2019-08-30,2019,121.41666666666669,118.18333333333334,128.0166666666667,131.38333333333335,128.15,121.55,123.2,124.65,124.78333333333335,122.26213333333334,120.70453333333334,127.30453333333335,128.86213333333336,111.58333333333333,137.98333333333335,,,0.0,0.0,0.0,10,55
2019-08-30 11:00:00,122.7,122.75,122.5,122.55,67697,2019-08-30,2019,121.41666666666669,118.18333333333334,128.0166666666667,131.38333333333335,128.15,121.55,123.2,124.65,124.78333333333335,122.26213333333334,120.70453333333334,127.30453333333335,128.86213333333336,111.58333333333333,137.98333333333335,,,0.0,0.0,0.0,11,0
2019-08-30 11:05:00,122.5,122.55,122.25,122.3,184691,2019-08-30,2019,121.41666666666669,118.18333333333334,128.0166666666667,131.38333333333335,128.15,121.55,123.2,124.65,124.78333333333335,122.26213333333334,120.70453333333334,127.30453333333335,128.86213333333336,111.58333333333333,137.98333333333335,Exit,Sell,122.45,121.56666666666669,124.45,11,5
2019-08-30 11:10:00,122.3,122.45,122.1,122.25,86433,2019-08-30,2019,121.41666666666669,118.18333333333334,128.0166666666667,131.38333333333335,128.15,121.55,123.2,124.65,124.78333333333335,122.26213333333334,120.70453333333334,127.30453333333335,128.86213333333336,111.58333333333333,137.98333333333335,,,0.0,0.0,0.0,11,10
2019-08-30 11:15:00,122.2,122.75,122.15,122.55,134881,2019-08-30,2019,121.41666666666669,118.18333333333334,128.0166666666667,131.38333333333335,128.15,121.55,123.2,124.65,124.78333333333335,122.26213333333334,120.70453333333334,127.30453333333335,128.86213333333336,111.58333333333333,137.98333333333335,,,0.0,0.0,0.0,11,15
2019-08-30 11:20:00,122.55,122.55,121.5,121.85,335467,2019-08-30,2019,121.41666666666669,118.18333333333334,128.0166666666667,131.38333333333335,128.15,121.55,123.2,124.65,124.78333333333335,122.26213333333334,120.70453333333334,127.30453333333335,128.86213333333336,111.58333333333333,137.98333333333335,Exit,Buy,121.56666666666669,0.0,0.0,11,20
2019-08-30 11:25:00,121.8,122.45,121.7,122.4,85522,2019-08-30,2019,121.41666666666669,118.18333333333334,128.0166666666667,131.38333333333335,128.15,121.55,123.2,124.65,124.78333333333335,122.26213333333334,120.70453333333334,127.30453333333335,128.86213333333336,111.58333333333333,137.98333333333335,,,0.0,0.0,0.0,11,25
2019-08-30 11:30:00,122.45,122.45,120.9,121.3,297366,2019-08-30,2019,121.41666666666669,118.18333333333334,128.0166666666667,131.38333333333335,128.15,121.55,123.2,124.65,124.78333333333335,122.26213333333334,120.70453333333334,127.30453333333335,128.86213333333336,111.58333333333333,137.98333333333335,,,0.0,0.0,0.0,11,30
2019-08-30 11:35:00,121.4,121.7,121.1,121.15,115964,2019-08-30,2019,121.41666666666669,118.18333333333334,128.0166666666667,131.38333333333335,128.15,121.55,123.2,124.65,124.78333333333335,122.26213333333334,120.70453333333334,127.30453333333335,128.86213333333336,111.58333333333333,137.98333333333335,,,0.0,0.0,0.0,11,35
2019-08-30 11:40:00,121.15,122.0,121.05,122.0,157435,2019-08-30,2019,121.41666666666669,118.18333333333334,128.0166666666667,131.38333333333335,128.15,121.55,123.2,124.65,124.78333333333335,122.26213333333334,120.70453333333334,127.30453333333335,128.86213333333336,111.58333333333333,137.98333333333335,,,0.0,0.0,0.0,11,40
2019-08-30 11:45:00,122.0,122.25,121.7,121.75,172577,2019-08-30,2019,121.41666666666669,118.18333333333334,128.0166666666667,131.38333333333335,128.15,121.55,123.2,124.65,124.78333333333335,122.26213333333334,120.70453333333334,127.30453333333335,128.86213333333336,111.58333333333333,137.98333333333335,,,0.0,0.0,0.0,11,45
2019-08-30 11:50:00,121.75,122.1,121.65,121.75,81068,2019-08-30,2019,121.41666666666669,118.18333333333334,128.0166666666667,131.38333333333335,128.15,121.55,123.2,124.65,124.78333333333335,122.26213333333334,120.70453333333334,127.30453333333335,128.86213333333336,111.58333333333333,137.98333333333335,,,0.0,0.0,0.0,11,50
2019-08-30 11:55:00,121.75,121.85,121.2,121.45,123499,2019-08-30,2019,121.41666666666669,118.18333333333334,128.0166666666667,131.38333333333335,128.15,121.55,123.2,124.65,124.78333333333335,122.26213333333334,120.70453333333334,127.30453333333335,128.86213333333336,111.58333333333333,137.98333333333335,,,0.0,0.0,0.0,11,55
2019-08-30 12:00:00,121.45,121.6,121.3,121.6,67376,2019-08-30,2019,121.41666666666669,118.18333333333334,128.0166666666667,131.38333333333335,128.15,121.55,123.2,124.65,124.78333333333335,122.26213333333334,120.70453333333334,127.30453333333335,128.86213333333336,111.58333333333333,137.98333333333335,,,0.0,0.0,0.0,12,0
2019-08-30 12:05:00,121.6,121.85,121.6,121.7,50178,2019-08-30,2019,121.41666666666669,118.18333333333334,128.0166666666667,131.38333333333335,128.15,121.55,123.2,124.65,124.78333333333335,122.26213333333334,120.70453333333334,127.30453333333335,128.86213333333336,111.58333333333333,137.98333333333335,,,0.0,0.0,0.0,12,5
2019-08-30 12:10:00,121.75,121.95,121.65,121.65,43414,2019-08-30,2019,121.41666666666669,118.18333333333334,128.0166666666667,131.38333333333335,128.15,121.55,123.2,124.65,124.78333333333335,122.26213333333334,120.70453333333334,127.30453333333335,128.86213333333336,111.58333333333333,137.98333333333335,,,0.0,0.0,0.0,12,10
2019-08-30 12:15:00,121.65,121.85,121.4,121.75,48853,2019-08-30,2019,121.41666666666669,118.18333333333334,128.0166666666667,131.38333333333335,128.15,121.55,123.2,124.65,124.78333333333335,122.26213333333334,120.70453333333334,127.30453333333335,128.86213333333336,111.58333333333333,137.98333333333335,,,0.0,0.0,0.0,12,15
2019-08-30 12:20:00,121.75,121.9,121.6,121.8,58723,2019-08-30,2019,121.41666666666669,118.18333333333334,128.0166666666667,131.38333333333335,128.15,121.55,123.2,124.65,124.78333333333335,122.26213333333334,120.70453333333334,127.30453333333335,128.86213333333336,111.58333333333333,137.98333333333335,,,0.0,0.0,0.0,12,20
2019-08-30 12:25:00,121.75,122.25,121.65,122.15,92877,2019-08-30,2019,121.41666666666669,118.18333333333334,128.0166666666667,131.38333333333335,128.15,121.55,123.2,124.65,124.78333333333335,122.26213333333334,120.70453333333334,127.30453333333335,128.86213333333336,111.58333333333333,137.98333333333335,,,0.0,0.0,0.0,12,25
2019-08-30 12:30:00,122.2,122.35,121.7,121.7,91346,2019-08-30,2019,121.41666666666669,118.18333333333334,128.0166666666667,131.38333333333335,128.15,121.55,123.2,124.65,124.78333333333335,122.26213333333334,120.70453333333334,127.30453333333335,128.86213333333336,111.58333333333333,137.98333333333335,,,0.0,0.0,0.0,12,30
2019-08-30 12:35:00,121.7,122.0,121.7,121.95,51419,2019-08-30,2019,121.41666666666669,118.18333333333334,128.0166666666667,131.38333333333335,128.15,121.55,123.2,124.65,124.78333333333335,122.26213333333334,120.70453333333334,127.30453333333335,128.86213333333336,111.58333333333333,137.98333333333335,,,0.0,0.0,0.0,12,35
2019-08-30 12:40:00,121.9,122.2,121.85,121.9,98025,2019-08-30,2019,121.41666666666669,118.18333333333334,128.0166666666667,131.38333333333335,128.15,121.55,123.2,124.65,124.78333333333335,122.26213333333334,120.70453333333334,127.30453333333335,128.86213333333336,111.58333333333333,137.98333333333335,,,0.0,0.0,0.0,12,40
2019-08-30 12:45:00,121.85,121.9,121.5,121.6,58508,2019-08-30,2019,121.41666666666669,118.18333333333334,128.0166666666667,131.38333333333335,128.15,121.55,123.2,124.65,124.78333333333335,122.26213333333334,120.70453333333334,127.30453333333335,128.86213333333336,111.58333333333333,137.98333333333335,,,0.0,0.0,0.0,12,45
2019-08-30 12:50:00,121.6,121.6,121.4,121.4,51628,2019-08-30,2019,121.41666666666669,118.18333333333334,128.0166666666667,131.38333333333335,128.15,121.55,123.2,124.65,124.78333333333335,122.26213333333334,120.70453333333334,127.30453333333335,128.86213333333336,111.58333333333333,137.98333333333335,,,0.0,0.0,0.0,12,50
2019-08-30 12:55:00,121.4,121.65,121.35,121.6,63848,2019-08-30,2019,121.41666666666669,118.18333333333334,128.0166666666667,131.38333333333335,128.15,121.55,123.2,124.65,124.78333333333335,122.26213333333334,120.70453333333334,127.30453333333335,128.86213333333336,111.58333333333333,137.98333333333335,,,0.0,0.0,0.0,12,55
2019-08-30 13:00:00,121.55,121.65,121.1,121.3,75648,2019-08-30,2019,121.41666666666669,118.18333333333334,128.0166666666667,131.38333333333335,128.15,121.55,123.2,124.65,124.78333333333335,122.26213333333334,120.70453333333334,127.30453333333335,128.86213333333336,111.58333333333333,137.98333333333335,,,0.0,0.0,0.0,13,0
2019-08-30 13:05:00,121.25,121.35,121.1,121.15,75013,2019-08-30,2019,121.41666666666669,118.18333333333334,128.0166666666667,131.38333333333335,128.15,121.55,123.2,124.65,124.78333333333335,122.26213333333334,120.70453333333334,127.30453333333335,128.86213333333336,111.58333333333333,137.98333333333335,,,0.0,0.0,0.0,13,5
2019-08-30 13:10:00,121.15,121.3,120.55,120.65,173682,2019-08-30,2019,121.41666666666669,118.18333333333334,128.0166666666667,131.38333333333335,128.15,121.55,123.2,124.65,124.78333333333335,122.26213333333334,120.70453333333334,127.30453333333335,128.86213333333336,111.58333333333333,137.98333333333335,,,0.0,0.0,0.0,13,10
2019-08-30 13:15:00,120.65,120.95,120.55,120.8,58640,2019-08-30,2019,121.41666666666669,118.18333333333334,128.0166666666667,131.38333333333335,128.15,121.55,123.2,124.65,124.78333333333335,122.26213333333334,120.70453333333334,127.30453333333335,128.86213333333336,111.58333333333333,137.98333333333335,,,0.0,0.0,0.0,13,15
2019-08-30 13:20:00,120.8,120.8,120.2,120.3,127583,2019-08-30,2019,121.41666666666669,118.18333333333334,128.0166666666667,131.38333333333335,128.15,121.55,123.2,124.65,124.78333333333335,122.26213333333334,120.70453333333334,127.30453333333335,128.86213333333336,111.58333333333333,137.98333333333335,,,0.0,0.0,0.0,13,20
2019-08-30 13:25:00,120.3,120.45,120.15,120.25,97816,2019-08-30,2019,121.41666666666669,118.18333333333334,128.0166666666667,131.38333333333335,128.15,121.55,123.2,124.65,124.78333333333335,122.26213333333334,120.70453333333334,127.30453333333335,128.86213333333336,111.58333333333333,137.98333333333335,,,0.0,0.0,0.0,13,25
2019-08-30 13:30:00,120.2,120.4,120.0,120.35,127748,2019-08-30,2019,121.41666666666669,118.18333333333334,128.0166666666667,131.38333333333335,128.15,121.55,123.2,124.65,124.78333333333335,122.26213333333334,120.70453333333334,127.30453333333335,128.86213333333336,111.58333333333333,137.98333333333335,,,0.0,0.0,0.0,13,30
2019-08-30 13:35:00,120.4,120.6,120.1,120.55,67102,2019-08-30,2019,121.41666666666669,118.18333333333334,128.0166666666667,131.38333333333335,128.15,121.55,123.2,124.65,124.78333333333335,122.26213333333334,120.70453333333334,127.30453333333335,128.86213333333336,111.58333333333333,137.98333333333335,,,0.0,0.0,0.0,13,35
2019-08-30 13:40:00,120.5,120.6,120.3,120.5,91148,2019-08-30,2019,121.41666666666669,118.18333333333334,128.0166666666667,131.38333333333335,128.15,121.55,123.2,124.65,124.78333333333335,122.26213333333334,120.70453333333334,127.30453333333335,128.86213333333336,111.58333333333333,137.98333333333335,,,0.0,0.0,0.0,13,40
2019-08-30 13:45:00,120.45,120.65,120.4,120.6,101801,2019-08-30,2019,121.41666666666669,118.18333333333334,128.0166666666667,131.38333333333335,128.15,121.55,123.2,124.65,124.78333333333335,122.26213333333334,120.70453333333334,127.30453333333335,128.86213333333336,111.58333333333333,137.98333333333335,,,0.0,0.0,0.0,13,45
2019-08-30 13:50:00,120.6,120.85,120.4,120.65,107277,2019-08-30,2019,121.41666666666669,118.18333333333334,128.0166666666667,131.38333333333335,128.15,121.55,123.2,124.65,124.78333333333335,122.26213333333334,120.70453333333334,127.30453333333335,128.86213333333336,111.58333333333333,137.98333333333335,,,0.0,0.0,0.0,13,50
2019-08-30 13:55:00,120.6,120.8,120.4,120.4,97539,2019-08-30,2019,121.41666666666669,118.18333333333334,128.0166666666667,131.38333333333335,128.15,121.55,123.2,124.65,124.78333333333335,122.26213333333334,120.70453333333334,127.30453333333335,128.86213333333336,111.58333333333333,137.98333333333335,,,0.0,0.0,0.0,13,55
2019-08-30 14:00:00,120.3,121.15,120.3,121.0,145325,2019-08-30,2019,121.41666666666669,118.18333333333334,128.0166666666667,131.38333333333335,128.15,121.55,123.2,124.65,124.78333333333335,122.26213333333334,120.70453333333334,127.30453333333335,128.86213333333336,111.58333333333333,137.98333333333335,,,0.0,0.0,0.0,14,0
2019-08-30 14:05:00,121.05,121.15,120.85,120.9,169242,2019-08-30,2019,121.41666666666669,118.18333333333334,128.0166666666667,131.38333333333335,128.15,121.55,123.2,124.65,124.78333333333335,122.26213333333334,120.70453333333334,127.30453333333335,128.86213333333336,111.58333333333333,137.98333333333335,,,0.0,0.0,0.0,14,5
2019-08-30 14:10:00,120.9,121.2,120.85,121.15,79138,2019-08-30,2019,121.41666666666669,118.18333333333334,128.0166666666667,131.38333333333335,128.15,121.55,123.2,124.65,124.78333333333335,122.26213333333334,120.70453333333334,127.30453333333335,128.86213333333336,111.58333333333333,137.98333333333335,,,0.0,0.0,0.0,14,10
2019-08-30 14:15:00,121.1,121.5,121.05,121.4,176396,2019-08-30,2019,121.41666666666669,118.18333333333334,128.0166666666667,131.38333333333335,128.15,121.55,123.2,124.65,124.78333333333335,122.26213333333334,120.70453333333334,127.30453333333335,128.86213333333336,111.58333333333333,137.98333333333335,,,0.0,0.0,0.0,14,15
2019-08-30 14:20:00,121.4,121.4,121.25,121.3,139558,2019-08-30,2019,121.41666666666669,118.18333333333334,128.0166666666667,131.38333333333335,128.15,121.55,123.2,124.65,124.78333333333335,122.26213333333334,120.70453333333334,127.30453333333335,128.86213333333336,111.58333333333333,137.98333333333335,,,0.0,0.0,0.0,14,20
2019-08-30 14:25:00,121.25,121.45,121.25,121.45,129589,2019-08-30,2019,121.41666666666669,118.18333333333334,128.0166666666667,131.38333333333335,128.15,121.55,123.2,124.65,124.78333333333335,122.26213333333334,120.70453333333334,127.30453333333335,128.86213333333336,111.58333333333333,137.98333333333335,,,0.0,0.0,0.0,14,25
2019-08-30 14:30:00,121.4,121.55,121.4,121.45,182522,2019-08-30,2019,121.41666666666669,118.18333333333334,128.0166666666667,131.38333333333335,128.15,121.55,123.2,124.65,124.78333333333335,122.26213333333334,120.70453333333334,127.30453333333335,128.86213333333336,111.58333333333333,137.98333333333335,,,0.0,0.0,0.0,14,30
2019-08-30 14:35:00,121.45,121.5,121.35,121.35,162426,2019-08-30,2019,121.41666666666669,118.18333333333334,128.0166666666667,131.38333333333335,128.15,121.55,123.2,124.65,124.78333333333335,122.26213333333334,120.70453333333334,127.30453333333335,128.86213333333336,111.58333333333333,137.98333333333335,,,0.0,0.0,0.0,14,35
2019-08-30 14:40:00,121.35,121.45,121.25,121.3,109988,2019-08-30,2019,121.41666666666669,118.18333333333334,128.0166666666667,131.38333333333335,128.15,121.55,123.2,124.65,124.78333333333335,122.26213333333334,120.70453333333334,127.30453333333335,128.86213333333336,111.58333333333333,137.98333333333335,,,0.0,0.0,0.0,14,40
2019-08-30 14:45:00,121.35,121.7,121.25,121.65,189611,2019-08-30,2019,121.41666666666669,118.18333333333334,128.0166666666667,131.38333333333335,128.15,121.55,123.2,124.65,124.78333333333335,122.26213333333334,120.70453333333334,127.30453333333335,128.86213333333336,111.58333333333333,137.98333333333335,,,0.0,0.0,0.0,14,45
2019-08-30 14:50:00,121.65,121.7,121.5,121.65,184078,2019-08-30,2019,121.41666666666669,118.18333333333334,128.0166666666667,131.38333333333335,128.15,121.55,123.2,124.65,124.78333333333335,122.26213333333334,120.70453333333334,127.30453333333335,128.86213333333336,111.58333333333333,137.98333333333335,,,0.0,0.0,0.0,14,50
2019-08-30 14:55:00,121.65,122.05,121.55,122.0,214277,2019-08-30,2019,121.41666666666669,118.18333333333334,128.0166666666667,131.38333333333335,128.15,121.55,123.2,124.65,124.78333333333335,122.26213333333334,120.70453333333334,127.30453333333335,128.86213333333336,111.58333333333333,137.98333333333335,,,0.0,0.0,0.0,14,55
2019-08-30 15:00:00,122.05,122.65,122.0,122.4,331746,2019-08-30,2019,121.41666666666669,118.18333333333334,128.0166666666667,131.38333333333335,128.15,121.55,123.2,124.65,124.78333333333335,122.26213333333334,120.70453333333334,127.30453333333335,128.86213333333336,111.58333333333333,137.98333333333335,,,0.0,0.0,0.0,15,0
2019-08-30 15:05:00,122.5,122.5,122.2,122.3,298095,2019-08-30,2019,121.41666666666669,118.18333333333334,128.0166666666667,131.38333333333335,128.15,121.55,123.2,124.65,124.78333333333335,122.26213333333334,120.70453333333334,127.30453333333335,128.86213333333336,111.58333333333333,137.98333333333335,,,0.0,0.0,0.0,15,5
2019-08-30 15:10:00,122.35,122.5,122.3,122.4,324046,2019-08-30,2019,121.41666666666669,118.18333333333334,128.0166666666667,131.38333333333335,128.15,121.55,123.2,124.65,124.78333333333335,122.26213333333334,120.70453333333334,127.30453333333335,128.86213333333336,111.58333333333333,137.98333333333335,,,0.0,0.0,0.0,15,10
2019-08-30 15:15:00,122.4,122.55,122.4,122.5,330429,2019-08-30,2019,121.41666666666669,118.18333333333334,128.0166666666667,131.38333333333335,128.15,121.55,123.2,124.65,124.78333333333335,122.26213333333334,120.70453333333334,127.30453333333335,128.86213333333336,111.58333333333333,137.98333333333335,,,0.0,0.0,0.0,15,15
2019-08-30 15:20:00,122.55,122.75,122.5,122.75,318148,2019-08-30,2019,121.41666666666669,118.18333333333334,128.0166666666667,131.38333333333335,128.15,121.55,123.2,124.65,124.78333333333335,122.26213333333334,120.70453333333334,127.30453333333335,128.86213333333336,111.58333333333333,137.98333333333335,,,0.0,0.0,0.0,15,20
2019-08-30 15:25:00,122.75,122.75,122.0,122.15,215607,2019-08-30,2019,121.41666666666669,118.18333333333334,128.0166666666667,131.38333333333335,128.15,121.55,123.2,124.65,124.78333333333335,122.26213333333334,120.70453333333334,127.30453333333335,128.86213333333336,111.58333333333333,137.98333333333335,,,0.0,0.0,0.0,15,25
