Date,Open,High,Low,Close,Volume,DatePart,Year,S1_Pivot_Simple,S2_Pivot_Simple,R1_Pivot_Simple,R2_Pivot_Simple,Day_High,Day_Low,Day_Open,Day_Close,PivotPoint,S1_Pivot_Fibonacci,S2_Pivot_Fibonacci,R1_Pivot_Fibonacci,R2_Pivot_Fibonacci,S3_Pivot_Fibonacci,R3_Pivot_Fibonacci,Order_Status,Order_Signal,Order_Price,Target,Stop_Loss,Hour,Minute
2019-05-06 09:15:00,640.0,645.0,640.0,643.75,40582,2019-05-06,2019,641.0666666666666,637.1333333333333,650.7166666666666,656.4333333333333,652.5,642.85,645.05,645.0,646.7833333333333,643.0970333333333,640.8196333333333,650.4696333333333,652.7470333333333,627.4833333333333,666.0833333333333,,,0.0,0.0,0.0,9,15
2019-05-06 09:20:00,643.75,643.9,640.2,642.65,31503,2019-05-06,2019,641.0666666666666,637.1333333333333,650.7166666666666,656.4333333333333,652.5,642.85,645.05,645.0,646.7833333333333,643.0970333333333,640.8196333333333,650.4696333333333,652.7470333333333,627.4833333333333,666.0833333333333,,,0.0,0.0,0.0,9,20
2019-05-06 09:25:00,642.65,643.9,641.5,643.7,17746,2019-05-06,2019,641.0666666666666,637.1333333333333,650.7166666666666,656.4333333333333,652.5,642.85,645.05,645.0,646.7833333333333,643.0970333333333,640.8196333333333,650.4696333333333,652.7470333333333,627.4833333333333,666.0833333333333,,,0.0,0.0,0.0,9,25
2019-05-06 09:30:00,643.7,644.0,642.6,642.9,16370,2019-05-06,2019,641.0666666666666,637.1333333333333,650.7166666666666,656.4333333333333,652.5,642.85,645.05,645.0,646.7833333333333,643.0970333333333,640.8196333333333,650.4696333333333,652.7470333333333,627.4833333333333,666.0833333333333,,,0.0,0.0,0.0,9,30
2019-05-06 09:35:00,642.9,643.9,642.25,643.6,11275,2019-05-06,2019,641.0666666666666,637.1333333333333,650.7166666666666,656.4333333333333,652.5,642.85,645.05,645.0,646.7833333333333,643.0970333333333,640.8196333333333,650.4696333333333,652.7470333333333,627.4833333333333,666.0833333333333,,,0.0,0.0,0.0,9,35
2019-05-06 09:40:00,643.7,644.25,643.55,644.15,17745,2019-05-06,2019,641.0666666666666,637.1333333333333,650.7166666666666,656.4333333333333,652.5,642.85,645.05,645.0,646.7833333333333,643.0970333333333,640.8196333333333,650.4696333333333,652.7470333333333,627.4833333333333,666.0833333333333,,,0.0,0.0,0.0,9,40
2019-05-06 09:45:00,643.95,644.15,643.0,643.3,9951,2019-05-06,2019,641.0666666666666,637.1333333333333,650.7166666666666,656.4333333333333,652.5,642.85,645.05,645.0,646.7833333333333,643.0970333333333,640.8196333333333,650.4696333333333,652.7470333333333,627.4833333333333,666.0833333333333,,,0.0,0.0,0.0,9,45
2019-05-06 09:50:00,643.3,643.5,641.35,642.4,14649,2019-05-06,2019,641.0666666666666,637.1333333333333,650.7166666666666,656.4333333333333,652.5,642.85,645.05,645.0,646.7833333333333,643.0970333333333,640.8196333333333,650.4696333333333,652.7470333333333,627.4833333333333,666.0833333333333,,,0.0,0.0,0.0,9,50
2019-05-06 09:55:00,642.4,643.0,642.05,642.3,10806,2019-05-06,2019,641.0666666666666,637.1333333333333,650.7166666666666,656.4333333333333,652.5,642.85,645.05,645.0,646.7833333333333,643.0970333333333,640.8196333333333,650.4696333333333,652.7470333333333,627.4833333333333,666.0833333333333,,,0.0,0.0,0.0,9,55
2019-05-06 10:00:00,642.05,643.0,642.0,642.7,10609,2019-05-06,2019,641.0666666666666,637.1333333333333,650.7166666666666,656.4333333333333,652.5,642.85,645.05,645.0,646.7833333333333,643.0970333333333,640.8196333333333,650.4696333333333,652.7470333333333,627.4833333333333,666.0833333333333,,,0.0,0.0,0.0,10,0
2019-05-06 10:05:00,642.7,642.85,641.7,641.9,9984,2019-05-06,2019,641.0666666666666,637.1333333333333,650.7166666666666,656.4333333333333,652.5,642.85,645.05,645.0,646.7833333333333,643.0970333333333,640.8196333333333,650.4696333333333,652.7470333333333,627.4833333333333,666.0833333333333,,,0.0,0.0,0.0,10,5
2019-05-06 10:10:00,641.9,643.2,641.7,642.75,20402,2019-05-06,2019,641.0666666666666,637.1333333333333,650.7166666666666,656.4333333333333,652.5,642.85,645.05,645.0,646.7833333333333,643.0970333333333,640.8196333333333,650.4696333333333,652.7470333333333,627.4833333333333,666.0833333333333,,,0.0,0.0,0.0,10,10
2019-05-06 10:15:00,642.75,642.75,641.5,641.5,8629,2019-05-06,2019,641.0666666666666,637.1333333333333,650.7166666666666,656.4333333333333,652.5,642.85,645.05,645.0,646.7833333333333,643.0970333333333,640.8196333333333,650.4696333333333,652.7470333333333,627.4833333333333,666.0833333333333,,,0.0,0.0,0.0,10,15
2019-05-06 10:20:00,641.5,642.8,641.5,642.1,11611,2019-05-06,2019,641.0666666666666,637.1333333333333,650.7166666666666,656.4333333333333,652.5,642.85,645.05,645.0,646.7833333333333,643.0970333333333,640.8196333333333,650.4696333333333,652.7470333333333,627.4833333333333,666.0833333333333,,,0.0,0.0,0.0,10,20
2019-05-06 10:25:00,642.1,643.35,642.0,643.15,8777,2019-05-06,2019,641.0666666666666,637.1333333333333,650.7166666666666,656.4333333333333,652.5,642.85,645.05,645.0,646.7833333333333,643.0970333333333,640.8196333333333,650.4696333333333,652.7470333333333,627.4833333333333,666.0833333333333,,,0.0,0.0,0.0,10,25
2019-05-06 10:30:00,643.15,644.4,642.6,644.05,28436,2019-05-06,2019,641.0666666666666,637.1333333333333,650.7166666666666,656.4333333333333,652.5,642.85,645.05,645.0,646.7833333333333,643.0970333333333,640.8196333333333,650.4696333333333,652.7470333333333,627.4833333333333,666.0833333333333,,,0.0,0.0,0.0,10,30
2019-05-06 10:35:00,644.05,644.35,643.35,643.8,25480,2019-05-06,2019,641.0666666666666,637.1333333333333,650.7166666666666,656.4333333333333,652.5,642.85,645.05,645.0,646.7833333333333,643.0970333333333,640.8196333333333,650.4696333333333,652.7470333333333,627.4833333333333,666.0833333333333,,,0.0,0.0,0.0,10,35
2019-05-06 10:40:00,643.8,644.35,642.8,642.8,15867,2019-05-06,2019,641.0666666666666,637.1333333333333,650.7166666666666,656.4333333333333,652.5,642.85,645.05,645.0,646.7833333333333,643.0970333333333,640.8196333333333,650.4696333333333,652.7470333333333,627.4833333333333,666.0833333333333,,,0.0,0.0,0.0,10,40
2019-05-06 10:45:00,642.8,643.05,642.1,642.15,9678,2019-05-06,2019,641.0666666666666,637.1333333333333,650.7166666666666,656.4333333333333,652.5,642.85,645.05,645.0,646.7833333333333,643.0970333333333,640.8196333333333,650.4696333333333,652.7470333333333,627.4833333333333,666.0833333333333,,,0.0,0.0,0.0,10,45
2019-05-06 10:50:00,642.15,642.75,641.7,641.8,18778,2019-05-06,2019,641.0666666666666,637.1333333333333,650.7166666666666,656.4333333333333,652.5,642.85,645.05,645.0,646.7833333333333,643.0970333333333,640.8196333333333,650.4696333333333,652.7470333333333,627.4833333333333,666.0833333333333,,,0.0,0.0,0.0,10,50
2019-05-06 10:55:00,641.8,642.2,638.9,639.65,60360,2019-05-06,2019,641.0666666666666,637.1333333333333,650.7166666666666,656.4333333333333,652.5,642.85,645.05,645.0,646.7833333333333,643.0970333333333,640.8196333333333,650.4696333333333,652.7470333333333,627.4833333333333,666.0833333333333,Entry,Sell,639.65,627.4833333333333,645.0,10,55
2019-05-06 11:00:00,639.95,639.95,638.25,638.9,28623,2019-05-06,2019,641.0666666666666,637.1333333333333,650.7166666666666,656.4333333333333,652.5,642.85,645.05,645.0,646.7833333333333,643.0970333333333,640.8196333333333,650.4696333333333,652.7470333333333,627.4833333333333,666.0833333333333,,,0.0,0.0,0.0,11,0
2019-05-06 11:05:00,638.9,639.0,636.3,636.75,46865,2019-05-06,2019,641.0666666666666,637.1333333333333,650.7166666666666,656.4333333333333,652.5,642.85,645.05,645.0,646.7833333333333,643.0970333333333,640.8196333333333,650.4696333333333,652.7470333333333,627.4833333333333,666.0833333333333,,,0.0,0.0,0.0,11,5
2019-05-06 11:10:00,636.85,639.35,636.6,638.7,27790,2019-05-06,2019,641.0666666666666,637.1333333333333,650.7166666666666,656.4333333333333,652.5,642.85,645.05,645.0,646.7833333333333,643.0970333333333,640.8196333333333,650.4696333333333,652.7470333333333,627.4833333333333,666.0833333333333,Exit,Buy,637.0914,641.4884333333333,636.3,11,10
2019-05-06 11:15:00,638.7,638.95,638.2,638.45,10240,2019-05-06,2019,641.0666666666666,637.1333333333333,650.7166666666666,656.4333333333333,652.5,642.85,645.05,645.0,646.7833333333333,643.0970333333333,640.8196333333333,650.4696333333333,652.7470333333333,627.4833333333333,666.0833333333333,,,0.0,0.0,0.0,11,15
2019-05-06 11:20:00,638.4,638.75,637.5,638.35,13784,2019-05-06,2019,641.0666666666666,637.1333333333333,650.7166666666666,656.4333333333333,652.5,642.85,645.05,645.0,646.7833333333333,643.0970333333333,640.8196333333333,650.4696333333333,652.7470333333333,627.4833333333333,666.0833333333333,,,0.0,0.0,0.0,11,20
2019-05-06 11:25:00,638.35,639.2,638.2,638.85,17416,2019-05-06,2019,641.0666666666666,637.1333333333333,650.7166666666666,656.4333333333333,652.5,642.85,645.05,645.0,646.7833333333333,643.0970333333333,640.8196333333333,650.4696333333333,652.7470333333333,627.4833333333333,666.0833333333333,,,0.0,0.0,0.0,11,25
2019-05-06 11:30:00,638.95,639.8,638.85,639.35,10879,2019-05-06,2019,641.0666666666666,637.1333333333333,650.7166666666666,656.4333333333333,652.5,642.85,645.05,645.0,646.7833333333333,643.0970333333333,640.8196333333333,650.4696333333333,652.7470333333333,627.4833333333333,666.0833333333333,,,0.0,0.0,0.0,11,30
2019-05-06 11:35:00,639.35,639.85,639.05,639.4,7251,2019-05-06,2019,641.0666666666666,637.1333333333333,650.7166666666666,656.4333333333333,652.5,642.85,645.05,645.0,646.7833333333333,643.0970333333333,640.8196333333333,650.4696333333333,652.7470333333333,627.4833333333333,666.0833333333333,,,0.0,0.0,0.0,11,35
2019-05-06 11:40:00,639.2,639.4,639.0,639.0,8857,2019-05-06,2019,641.0666666666666,637.1333333333333,650.7166666666666,656.4333333333333,652.5,642.85,645.05,645.0,646.7833333333333,643.0970333333333,640.8196333333333,650.4696333333333,652.7470333333333,627.4833333333333,666.0833333333333,,,0.0,0.0,0.0,11,40
2019-05-06 11:45:00,639.0,639.4,639.0,639.05,7372,2019-05-06,2019,641.0666666666666,637.1333333333333,650.7166666666666,656.4333333333333,652.5,642.85,645.05,645.0,646.7833333333333,643.0970333333333,640.8196333333333,650.4696333333333,652.7470333333333,627.4833333333333,666.0833333333333,,,0.0,0.0,0.0,11,45
2019-05-06 11:50:00,639.05,639.45,639.0,639.1,8335,2019-05-06,2019,641.0666666666666,637.1333333333333,650.7166666666666,656.4333333333333,652.5,642.85,645.05,645.0,646.7833333333333,643.0970333333333,640.8196333333333,650.4696333333333,652.7470333333333,627.4833333333333,666.0833333333333,,,0.0,0.0,0.0,11,50
2019-05-06 11:55:00,639.1,639.5,639.0,639.15,9467,2019-05-06,2019,641.0666666666666,637.1333333333333,650.7166666666666,656.4333333333333,652.5,642.85,645.05,645.0,646.7833333333333,643.0970333333333,640.8196333333333,650.4696333333333,652.7470333333333,627.4833333333333,666.0833333333333,,,0.0,0.0,0.0,11,55
2019-05-06 12:00:00,639.15,639.25,639.0,639.0,15746,2019-05-06,2019,641.0666666666666,637.1333333333333,650.7166666666666,656.4333333333333,652.5,642.85,645.05,645.0,646.7833333333333,643.0970333333333,640.8196333333333,650.4696333333333,652.7470333333333,627.4833333333333,666.0833333333333,,,0.0,0.0,0.0,12,0
2019-05-06 12:05:00,639.0,639.25,639.0,639.0,15590,2019-05-06,2019,641.0666666666666,637.1333333333333,650.7166666666666,656.4333333333333,652.5,642.85,645.05,645.0,646.7833333333333,643.0970333333333,640.8196333333333,650.4696333333333,652.7470333333333,627.4833333333333,666.0833333333333,,,0.0,0.0,0.0,12,5
2019-05-06 12:10:00,639.0,639.5,639.0,639.2,20504,2019-05-06,2019,641.0666666666666,637.1333333333333,650.7166666666666,656.4333333333333,652.5,642.85,645.05,645.0,646.7833333333333,643.0970333333333,640.8196333333333,650.4696333333333,652.7470333333333,627.4833333333333,666.0833333333333,,,0.0,0.0,0.0,12,10
2019-05-06 12:15:00,639.15,639.3,639.0,639.0,14412,2019-05-06,2019,641.0666666666666,637.1333333333333,650.7166666666666,656.4333333333333,652.5,642.85,645.05,645.0,646.7833333333333,643.0970333333333,640.8196333333333,650.4696333333333,652.7470333333333,627.4833333333333,666.0833333333333,,,0.0,0.0,0.0,12,15
2019-05-06 12:20:00,639.0,639.05,637.5,637.55,18835,2019-05-06,2019,641.0666666666666,637.1333333333333,650.7166666666666,656.4333333333333,652.5,642.85,645.05,645.0,646.7833333333333,643.0970333333333,640.8196333333333,650.4696333333333,652.7470333333333,627.4833333333333,666.0833333333333,,,0.0,0.0,0.0,12,20
2019-05-06 12:25:00,637.5,637.8,637.05,637.1,13187,2019-05-06,2019,641.0666666666666,637.1333333333333,650.7166666666666,656.4333333333333,652.5,642.85,645.05,645.0,646.7833333333333,643.0970333333333,640.8196333333333,650.4696333333333,652.7470333333333,627.4833333333333,666.0833333333333,,,0.0,0.0,0.0,12,25
2019-05-06 12:30:00,637.1,638.3,637.1,637.95,17779,2019-05-06,2019,641.0666666666666,637.1333333333333,650.7166666666666,656.4333333333333,652.5,642.85,645.05,645.0,646.7833333333333,643.0970333333333,640.8196333333333,650.4696333333333,652.7470333333333,627.4833333333333,666.0833333333333,,,0.0,0.0,0.0,12,30
2019-05-06 12:35:00,637.95,638.35,637.95,638.0,12146,2019-05-06,2019,641.0666666666666,637.1333333333333,650.7166666666666,656.4333333333333,652.5,642.85,645.05,645.0,646.7833333333333,643.0970333333333,640.8196333333333,650.4696333333333,652.7470333333333,627.4833333333333,666.0833333333333,,,0.0,0.0,0.0,12,35
2019-05-06 12:40:00,638.0,638.2,638.0,638.05,10821,2019-05-06,2019,641.0666666666666,637.1333333333333,650.7166666666666,656.4333333333333,652.5,642.85,645.05,645.0,646.7833333333333,643.0970333333333,640.8196333333333,650.4696333333333,652.7470333333333,627.4833333333333,666.0833333333333,,,0.0,0.0,0.0,12,40
2019-05-06 12:45:00,638.05,638.2,637.8,637.9,12275,2019-05-06,2019,641.0666666666666,637.1333333333333,650.7166666666666,656.4333333333333,652.5,642.85,645.05,645.0,646.7833333333333,643.0970333333333,640.8196333333333,650.4696333333333,652.7470333333333,627.4833333333333,666.0833333333333,,,0.0,0.0,0.0,12,45
2019-05-06 12:50:00,637.95,639.0,637.65,638.1,14955,2019-05-06,2019,641.0666666666666,637.1333333333333,650.7166666666666,656.4333333333333,652.5,642.85,645.05,645.0,646.7833333333333,643.0970333333333,640.8196333333333,650.4696333333333,652.7470333333333,627.4833333333333,666.0833333333333,,,0.0,0.0,0.0,12,50
2019-05-06 12:55:00,638.1,638.4,638.0,638.0,11728,2019-05-06,2019,641.0666666666666,637.1333333333333,650.7166666666666,656.4333333333333,652.5,642.85,645.05,645.0,646.7833333333333,643.0970333333333,640.8196333333333,650.4696333333333,652.7470333333333,627.4833333333333,666.0833333333333,,,0.0,0.0,0.0,12,55
2019-05-06 13:00:00,638.0,638.6,638.0,638.0,16060,2019-05-06,2019,641.0666666666666,637.1333333333333,650.7166666666666,656.4333333333333,652.5,642.85,645.05,645.0,646.7833333333333,643.0970333333333,640.8196333333333,650.4696333333333,652.7470333333333,627.4833333333333,666.0833333333333,,,0.0,0.0,0.0,13,0
2019-05-06 13:05:00,638.0,638.2,638.0,638.0,11990,2019-05-06,2019,641.0666666666666,637.1333333333333,650.7166666666666,656.4333333333333,652.5,642.85,645.05,645.0,646.7833333333333,643.0970333333333,640.8196333333333,650.4696333333333,652.7470333333333,627.4833333333333,666.0833333333333,,,0.0,0.0,0.0,13,5
2019-05-06 13:10:00,638.15,638.4,638.0,638.05,18397,2019-05-06,2019,641.0666666666666,637.1333333333333,650.7166666666666,656.4333333333333,652.5,642.85,645.05,645.0,646.7833333333333,643.0970333333333,640.8196333333333,650.4696333333333,652.7470333333333,627.4833333333333,666.0833333333333,,,0.0,0.0,0.0,13,10
2019-05-06 13:15:00,638.05,638.35,638.0,638.0,14199,2019-05-06,2019,641.0666666666666,637.1333333333333,650.7166666666666,656.4333333333333,652.5,642.85,645.05,645.0,646.7833333333333,643.0970333333333,640.8196333333333,650.4696333333333,652.7470333333333,627.4833333333333,666.0833333333333,,,0.0,0.0,0.0,13,15
2019-05-06 13:20:00,638.0,638.4,638.0,638.05,12764,2019-05-06,2019,641.0666666666666,637.1333333333333,650.7166666666666,656.4333333333333,652.5,642.85,645.05,645.0,646.7833333333333,643.0970333333333,640.8196333333333,650.4696333333333,652.7470333333333,627.4833333333333,666.0833333333333,,,0.0,0.0,0.0,13,20
2019-05-06 13:25:00,638.05,638.95,638.0,638.15,13974,2019-05-06,2019,641.0666666666666,637.1333333333333,650.7166666666666,656.4333333333333,652.5,642.85,645.05,645.0,646.7833333333333,643.0970333333333,640.8196333333333,650.4696333333333,652.7470333333333,627.4833333333333,666.0833333333333,,,0.0,0.0,0.0,13,25
2019-05-06 13:30:00,638.15,638.8,638.0,638.0,13117,2019-05-06,2019,641.0666666666666,637.1333333333333,650.7166666666666,656.4333333333333,652.5,642.85,645.05,645.0,646.7833333333333,643.0970333333333,640.8196333333333,650.4696333333333,652.7470333333333,627.4833333333333,666.0833333333333,,,0.0,0.0,0.0,13,30
2019-05-06 13:35:00,638.05,638.75,638.0,638.05,12748,2019-05-06,2019,641.0666666666666,637.1333333333333,650.7166666666666,656.4333333333333,652.5,642.85,645.05,645.0,646.7833333333333,643.0970333333333,640.8196333333333,650.4696333333333,652.7470333333333,627.4833333333333,666.0833333333333,,,0.0,0.0,0.0,13,35
2019-05-06 13:40:00,638.05,638.25,638.0,638.0,17498,2019-05-06,2019,641.0666666666666,637.1333333333333,650.7166666666666,656.4333333333333,652.5,642.85,645.05,645.0,646.7833333333333,643.0970333333333,640.8196333333333,650.4696333333333,652.7470333333333,627.4833333333333,666.0833333333333,,,0.0,0.0,0.0,13,40
2019-05-06 13:45:00,638.0,639.2,638.0,639.05,24761,2019-05-06,2019,641.0666666666666,637.1333333333333,650.7166666666666,656.4333333333333,652.5,642.85,645.05,645.0,646.7833333333333,643.0970333333333,640.8196333333333,650.4696333333333,652.7470333333333,627.4833333333333,666.0833333333333,,,0.0,0.0,0.0,13,45
2019-05-06 13:50:00,639.05,639.05,638.0,638.0,12627,2019-05-06,2019,641.0666666666666,637.1333333333333,650.7166666666666,656.4333333333333,652.5,642.85,645.05,645.0,646.7833333333333,643.0970333333333,640.8196333333333,650.4696333333333,652.7470333333333,627.4833333333333,666.0833333333333,,,0.0,0.0,0.0,13,50
2019-05-06 13:55:00,638.0,638.15,637.25,637.25,18985,2019-05-06,2019,641.0666666666666,637.1333333333333,650.7166666666666,656.4333333333333,652.5,642.85,645.05,645.0,646.7833333333333,643.0970333333333,640.8196333333333,650.4696333333333,652.7470333333333,627.4833333333333,666.0833333333333,,,0.0,0.0,0.0,13,55
2019-05-06 14:00:00,637.35,637.4,637.15,637.2,5050,2019-05-06,2019,641.0666666666666,637.1333333333333,650.7166666666666,656.4333333333333,652.5,642.85,645.05,645.0,646.7833333333333,643.0970333333333,640.8196333333333,650.4696333333333,652.7470333333333,627.4833333333333,666.0833333333333,,,0.0,0.0,0.0,14,0
2019-05-06 14:05:00,637.2,637.2,636.0,636.15,30824,2019-05-06,2019,641.0666666666666,637.1333333333333,650.7166666666666,656.4333333333333,652.5,642.85,645.05,645.0,646.7833333333333,643.0970333333333,640.8196333333333,650.4696333333333,652.7470333333333,627.4833333333333,666.0833333333333,Exit,Sell,636.3,627.6333333333333,645.0,14,5
2019-05-06 14:10:00,636.2,636.65,636.0,636.0,18662,2019-05-06,2019,641.0666666666666,637.1333333333333,650.7166666666666,656.4333333333333,652.5,642.85,645.05,645.0,646.7833333333333,643.0970333333333,640.8196333333333,650.4696333333333,652.7470333333333,627.4833333333333,666.0833333333333,,,0.0,0.0,0.0,14,10
2019-05-06 14:15:00,636.05,636.65,635.3,636.35,22190,2019-05-06,2019,641.0666666666666,637.1333333333333,650.7166666666666,656.4333333333333,652.5,642.85,645.05,645.0,646.7833333333333,643.0970333333333,640.8196333333333,650.4696333333333,652.7470333333333,627.4833333333333,666.0833333333333,,,0.0,0.0,0.0,14,15
2019-05-06 14:20:00,636.35,636.5,635.15,635.5,13443,2019-05-06,2019,641.0666666666666,637.1333333333333,650.7166666666666,656.4333333333333,652.5,642.85,645.05,645.0,646.7833333333333,643.0970333333333,640.8196333333333,650.4696333333333,652.7470333333333,627.4833333333333,666.0833333333333,,,0.0,0.0,0.0,14,20
2019-05-06 14:25:00,635.15,636.7,635.1,636.4,23442,2019-05-06,2019,641.0666666666666,637.1333333333333,650.7166666666666,656.4333333333333,652.5,642.85,645.05,645.0,646.7833333333333,643.0970333333333,640.8196333333333,650.4696333333333,652.7470333333333,627.4833333333333,666.0833333333333,,,0.0,0.0,0.0,14,25
2019-05-06 14:30:00,636.6,637.25,636.0,637.0,23681,2019-05-06,2019,641.0666666666666,637.1333333333333,650.7166666666666,656.4333333333333,652.5,642.85,645.05,645.0,646.7833333333333,643.0970333333333,640.8196333333333,650.4696333333333,652.7470333333333,627.4833333333333,666.0833333333333,,,0.0,0.0,0.0,14,30
2019-05-06 14:35:00,637.1,637.9,637.0,637.0,16884,2019-05-06,2019,641.0666666666666,637.1333333333333,650.7166666666666,656.4333333333333,652.5,642.85,645.05,645.0,646.7833333333333,643.0970333333333,640.8196333333333,650.4696333333333,652.7470333333333,627.4833333333333,666.0833333333333,,,0.0,0.0,0.0,14,35
2019-05-06 14:40:00,637.05,637.7,637.0,637.4,18530,2019-05-06,2019,641.0666666666666,637.1333333333333,650.7166666666666,656.4333333333333,652.5,642.85,645.05,645.0,646.7833333333333,643.0970333333333,640.8196333333333,650.4696333333333,652.7470333333333,627.4833333333333,666.0833333333333,,,0.0,0.0,0.0,14,40
2019-05-06 14:45:00,637.75,637.8,637.0,637.05,16468,2019-05-06,2019,641.0666666666666,637.1333333333333,650.7166666666666,656.4333333333333,652.5,642.85,645.05,645.0,646.7833333333333,643.0970333333333,640.8196333333333,650.4696333333333,652.7470333333333,627.4833333333333,666.0833333333333,,,0.0,0.0,0.0,14,45
2019-05-06 14:50:00,637.4,638.05,637.0,638.0,41527,2019-05-06,2019,641.0666666666666,637.1333333333333,650.7166666666666,656.4333333333333,652.5,642.85,645.05,645.0,646.7833333333333,643.0970333333333,640.8196333333333,650.4696333333333,652.7470333333333,627.4833333333333,666.0833333333333,,,0.0,0.0,0.0,14,50
2019-05-06 14:55:00,638.05,638.7,638.0,638.0,31075,2019-05-06,2019,641.0666666666666,637.1333333333333,650.7166666666666,656.4333333333333,652.5,642.85,645.05,645.0,646.7833333333333,643.0970333333333,640.8196333333333,650.4696333333333,652.7470333333333,627.4833333333333,666.0833333333333,,,0.0,0.0,0.0,14,55
2019-05-06 15:00:00,638.05,639.3,638.0,639.0,35441,2019-05-06,2019,641.0666666666666,637.1333333333333,650.7166666666666,656.4333333333333,652.5,642.85,645.05,645.0,646.7833333333333,643.0970333333333,640.8196333333333,650.4696333333333,652.7470333333333,627.4833333333333,666.0833333333333,,,0.0,0.0,0.0,15,0
2019-05-06 15:05:00,639.1,639.1,638.0,638.3,24913,2019-05-06,2019,641.0666666666666,637.1333333333333,650.7166666666666,656.4333333333333,652.5,642.85,645.05,645.0,646.7833333333333,643.0970333333333,640.8196333333333,650.4696333333333,652.7470333333333,627.4833333333333,666.0833333333333,,,0.0,0.0,0.0,15,5
2019-05-06 15:10:00,638.35,638.95,638.0,638.2,45976,2019-05-06,2019,641.0666666666666,637.1333333333333,650.7166666666666,656.4333333333333,652.5,642.85,645.05,645.0,646.7833333333333,643.0970333333333,640.8196333333333,650.4696333333333,652.7470333333333,627.4833333333333,666.0833333333333,,,0.0,0.0,0.0,15,10
2019-05-06 15:15:00,638.2,639.2,638.1,639.1,58828,2019-05-06,2019,641.0666666666666,637.1333333333333,650.7166666666666,656.4333333333333,652.5,642.85,645.05,645.0,646.7833333333333,643.0970333333333,640.8196333333333,650.4696333333333,652.7470333333333,627.4833333333333,666.0833333333333,,,0.0,0.0,0.0,15,15
2019-05-06 15:20:00,639.2,639.2,638.3,638.65,49288,2019-05-06,2019,641.0666666666666,637.1333333333333,650.7166666666666,656.4333333333333,652.5,642.85,645.05,645.0,646.7833333333333,643.0970333333333,640.8196333333333,650.4696333333333,652.7470333333333,627.4833333333333,666.0833333333333,Exit,Buy,638.65,0.0,0.0,15,20
2019-05-06 15:25:00,638.65,638.65,636.95,638.0,53504,2019-05-06,2019,641.0666666666666,637.1333333333333,650.7166666666666,656.4333333333333,652.5,642.85,645.05,645.0,646.7833333333333,643.0970333333333,640.8196333333333,650.4696333333333,652.7470333333333,627.4833333333333,666.0833333333333,,,0.0,0.0,0.0,15,25
2019-05-07 09:15:00,641.75,641.8,639.3,641.0,39506,2019-05-07,2019,633.7333333333333,629.4666666666667,643.6333333333333,649.2666666666667,645.0,635.1,640.0,638.0,639.3666666666667,635.5848666666667,633.2484666666667,643.1484666666666,645.4848666666667,619.5666666666667,659.1666666666666,,,0.0,0.0,0.0,9,15
2019-05-07 09:20:00,641.0,641.0,639.65,640.15,16426,2019-05-07,2019,633.7333333333333,629.4666666666667,643.6333333333333,649.2666666666667,645.0,635.1,640.0,638.0,639.3666666666667,635.5848666666667,633.2484666666667,643.1484666666666,645.4848666666667,619.5666666666667,659.1666666666666,,,0.0,0.0,0.0,9,20
2019-05-07 09:25:00,640.15,642.9,640.0,642.2,21272,2019-05-07,2019,633.7333333333333,629.4666666666667,643.6333333333333,649.2666666666667,645.0,635.1,640.0,638.0,639.3666666666667,635.5848666666667,633.2484666666667,643.1484666666666,645.4848666666667,619.5666666666667,659.1666666666666,Entry,Buy,642.2,645.4848666666667,639.3,9,25
2019-05-07 09:30:00,642.2,642.2,639.9,640.3,33926,2019-05-07,2019,633.7333333333333,629.4666666666667,643.6333333333333,649.2666666666667,645.0,635.1,640.0,638.0,639.3666666666667,635.5848666666667,633.2484666666667,643.1484666666666,645.4848666666667,619.5666666666667,659.1666666666666,,,0.0,0.0,0.0,9,30
2019-05-07 09:35:00,640.3,641.8,640.3,641.05,22316,2019-05-07,2019,633.7333333333333,629.4666666666667,643.6333333333333,649.2666666666667,645.0,635.1,640.0,638.0,639.3666666666667,635.5848666666667,633.2484666666667,643.1484666666666,645.4848666666667,619.5666666666667,659.1666666666666,,,0.0,0.0,0.0,9,35
2019-05-07 09:40:00,641.05,641.25,640.5,640.55,36327,2019-05-07,2019,633.7333333333333,629.4666666666667,643.6333333333333,649.2666666666667,645.0,635.1,640.0,638.0,639.3666666666667,635.5848666666667,633.2484666666667,643.1484666666666,645.4848666666667,619.5666666666667,659.1666666666666,,,0.0,0.0,0.0,9,40
2019-05-07 09:45:00,640.55,640.65,640.5,640.6,17274,2019-05-07,2019,633.7333333333333,629.4666666666667,643.6333333333333,649.2666666666667,645.0,635.1,640.0,638.0,639.3666666666667,635.5848666666667,633.2484666666667,643.1484666666666,645.4848666666667,619.5666666666667,659.1666666666666,,,0.0,0.0,0.0,9,45
2019-05-07 09:50:00,640.6,640.6,639.0,639.3,18250,2019-05-07,2019,633.7333333333333,629.4666666666667,643.6333333333333,649.2666666666667,645.0,635.1,640.0,638.0,639.3666666666667,635.5848666666667,633.2484666666667,643.1484666666666,645.4848666666667,619.5666666666667,659.1666666666666,Exit,Sell,639.3,635.5848666666667,642.9,9,50
2019-05-07 09:55:00,639.05,639.3,636.6,636.8,93012,2019-05-07,2019,633.7333333333333,629.4666666666667,643.6333333333333,649.2666666666667,645.0,635.1,640.0,638.0,639.3666666666667,635.5848666666667,633.2484666666667,643.1484666666666,645.4848666666667,619.5666666666667,659.1666666666666,,,0.0,0.0,0.0,9,55
2019-05-07 10:00:00,636.8,637.75,635.5,635.7,27647,2019-05-07,2019,633.7333333333333,629.4666666666667,643.6333333333333,649.2666666666667,645.0,635.1,640.0,638.0,639.3666666666667,635.5848666666667,633.2484666666667,643.1484666666666,645.4848666666667,619.5666666666667,659.1666666666666,Exit,Buy,635.5848666666667,0.0,0.0,10,0
2019-05-07 10:05:00,635.9,636.25,634.2,635.7,30967,2019-05-07,2019,633.7333333333333,629.4666666666667,643.6333333333333,649.2666666666667,645.0,635.1,640.0,638.0,639.3666666666667,635.5848666666667,633.2484666666667,643.1484666666666,645.4848666666667,619.5666666666667,659.1666666666666,,,0.0,0.0,0.0,10,5
2019-05-07 10:10:00,635.7,638.05,635.7,638.0,23510,2019-05-07,2019,633.7333333333333,629.4666666666667,643.6333333333333,649.2666666666667,645.0,635.1,640.0,638.0,639.3666666666667,635.5848666666667,633.2484666666667,643.1484666666666,645.4848666666667,619.5666666666667,659.1666666666666,,,0.0,0.0,0.0,10,10
2019-05-07 10:15:00,638.05,638.4,637.1,637.1,9840,2019-05-07,2019,633.7333333333333,629.4666666666667,643.6333333333333,649.2666666666667,645.0,635.1,640.0,638.0,639.3666666666667,635.5848666666667,633.2484666666667,643.1484666666666,645.4848666666667,619.5666666666667,659.1666666666666,,,0.0,0.0,0.0,10,15
2019-05-07 10:20:00,637.1,637.5,636.0,636.15,10568,2019-05-07,2019,633.7333333333333,629.4666666666667,643.6333333333333,649.2666666666667,645.0,635.1,640.0,638.0,639.3666666666667,635.5848666666667,633.2484666666667,643.1484666666666,645.4848666666667,619.5666666666667,659.1666666666666,,,0.0,0.0,0.0,10,20
2019-05-07 10:25:00,636.15,636.3,635.4,636.1,13532,2019-05-07,2019,633.7333333333333,629.4666666666667,643.6333333333333,649.2666666666667,645.0,635.1,640.0,638.0,639.3666666666667,635.5848666666667,633.2484666666667,643.1484666666666,645.4848666666667,619.5666666666667,659.1666666666666,,,0.0,0.0,0.0,10,25
2019-05-07 10:30:00,636.1,637.4,636.1,636.5,20651,2019-05-07,2019,633.7333333333333,629.4666666666667,643.6333333333333,649.2666666666667,645.0,635.1,640.0,638.0,639.3666666666667,635.5848666666667,633.2484666666667,643.1484666666666,645.4848666666667,619.5666666666667,659.1666666666666,,,0.0,0.0,0.0,10,30
2019-05-07 10:35:00,636.5,637.0,636.35,636.35,7028,2019-05-07,2019,633.7333333333333,629.4666666666667,643.6333333333333,649.2666666666667,645.0,635.1,640.0,638.0,639.3666666666667,635.5848666666667,633.2484666666667,643.1484666666666,645.4848666666667,619.5666666666667,659.1666666666666,,,0.0,0.0,0.0,10,35
2019-05-07 10:40:00,636.7,636.7,635.25,635.4,21635,2019-05-07,2019,633.7333333333333,629.4666666666667,643.6333333333333,649.2666666666667,645.0,635.1,640.0,638.0,639.3666666666667,635.5848666666667,633.2484666666667,643.1484666666666,645.4848666666667,619.5666666666667,659.1666666666666,,,0.0,0.0,0.0,10,40
2019-05-07 10:45:00,635.55,636.0,634.6,635.65,21412,2019-05-07,2019,633.7333333333333,629.4666666666667,643.6333333333333,649.2666666666667,645.0,635.1,640.0,638.0,639.3666666666667,635.5848666666667,633.2484666666667,643.1484666666666,645.4848666666667,619.5666666666667,659.1666666666666,,,0.0,0.0,0.0,10,45
2019-05-07 10:50:00,635.65,636.0,635.05,635.35,7071,2019-05-07,2019,633.7333333333333,629.4666666666667,643.6333333333333,649.2666666666667,645.0,635.1,640.0,638.0,639.3666666666667,635.5848666666667,633.2484666666667,643.1484666666666,645.4848666666667,619.5666666666667,659.1666666666666,,,0.0,0.0,0.0,10,50
2019-05-07 10:55:00,635.4,636.5,635.35,636.4,15433,2019-05-07,2019,633.7333333333333,629.4666666666667,643.6333333333333,649.2666666666667,645.0,635.1,640.0,638.0,639.3666666666667,635.5848666666667,633.2484666666667,643.1484666666666,645.4848666666667,619.5666666666667,659.1666666666666,,,0.0,0.0,0.0,10,55
2019-05-07 11:00:00,636.4,637.4,636.35,637.0,14951,2019-05-07,2019,633.7333333333333,629.4666666666667,643.6333333333333,649.2666666666667,645.0,635.1,640.0,638.0,639.3666666666667,635.5848666666667,633.2484666666667,643.1484666666666,645.4848666666667,619.5666666666667,659.1666666666666,,,0.0,0.0,0.0,11,0
2019-05-07 11:05:00,637.0,637.4,636.75,636.95,10849,2019-05-07,2019,633.7333333333333,629.4666666666667,643.6333333333333,649.2666666666667,645.0,635.1,640.0,638.0,639.3666666666667,635.5848666666667,633.2484666666667,643.1484666666666,645.4848666666667,619.5666666666667,659.1666666666666,,,0.0,0.0,0.0,11,5
2019-05-07 11:10:00,636.95,637.5,636.75,637.1,39693,2019-05-07,2019,633.7333333333333,629.4666666666667,643.6333333333333,649.2666666666667,645.0,635.1,640.0,638.0,639.3666666666667,635.5848666666667,633.2484666666667,643.1484666666666,645.4848666666667,619.5666666666667,659.1666666666666,,,0.0,0.0,0.0,11,10
2019-05-07 11:15:00,637.1,637.8,637.05,637.65,16009,2019-05-07,2019,633.7333333333333,629.4666666666667,643.6333333333333,649.2666666666667,645.0,635.1,640.0,638.0,639.3666666666667,635.5848666666667,633.2484666666667,643.1484666666666,645.4848666666667,619.5666666666667,659.1666666666666,,,0.0,0.0,0.0,11,15
2019-05-07 11:20:00,637.55,638.7,637.35,638.5,11818,2019-05-07,2019,633.7333333333333,629.4666666666667,643.6333333333333,649.2666666666667,645.0,635.1,640.0,638.0,639.3666666666667,635.5848666666667,633.2484666666667,643.1484666666666,645.4848666666667,619.5666666666667,659.1666666666666,,,0.0,0.0,0.0,11,20
2019-05-07 11:25:00,638.5,638.7,637.55,638.25,70906,2019-05-07,2019,633.7333333333333,629.4666666666667,643.6333333333333,649.2666666666667,645.0,635.1,640.0,638.0,639.3666666666667,635.5848666666667,633.2484666666667,643.1484666666666,645.4848666666667,619.5666666666667,659.1666666666666,,,0.0,0.0,0.0,11,25
2019-05-07 11:30:00,638.25,638.5,637.75,637.95,104801,2019-05-07,2019,633.7333333333333,629.4666666666667,643.6333333333333,649.2666666666667,645.0,635.1,640.0,638.0,639.3666666666667,635.5848666666667,633.2484666666667,643.1484666666666,645.4848666666667,619.5666666666667,659.1666666666666,,,0.0,0.0,0.0,11,30
2019-05-07 11:35:00,637.95,638.2,637.1,638.0,29585,2019-05-07,2019,633.7333333333333,629.4666666666667,643.6333333333333,649.2666666666667,645.0,635.1,640.0,638.0,639.3666666666667,635.5848666666667,633.2484666666667,643.1484666666666,645.4848666666667,619.5666666666667,659.1666666666666,,,0.0,0.0,0.0,11,35
2019-05-07 11:40:00,638.0,638.1,637.4,638.0,12782,2019-05-07,2019,633.7333333333333,629.4666666666667,643.6333333333333,649.2666666666667,645.0,635.1,640.0,638.0,639.3666666666667,635.5848666666667,633.2484666666667,643.1484666666666,645.4848666666667,619.5666666666667,659.1666666666666,,,0.0,0.0,0.0,11,40
2019-05-07 11:45:00,638.0,638.65,637.65,638.65,18573,2019-05-07,2019,633.7333333333333,629.4666666666667,643.6333333333333,649.2666666666667,645.0,635.1,640.0,638.0,639.3666666666667,635.5848666666667,633.2484666666667,643.1484666666666,645.4848666666667,619.5666666666667,659.1666666666666,,,0.0,0.0,0.0,11,45
2019-05-07 11:50:00,638.65,639.0,638.05,638.85,181065,2019-05-07,2019,633.7333333333333,629.4666666666667,643.6333333333333,649.2666666666667,645.0,635.1,640.0,638.0,639.3666666666667,635.5848666666667,633.2484666666667,643.1484666666666,645.4848666666667,619.5666666666667,659.1666666666666,,,0.0,0.0,0.0,11,50
2019-05-07 11:55:00,638.85,639.95,638.6,639.5,31832,2019-05-07,2019,633.7333333333333,629.4666666666667,643.6333333333333,649.2666666666667,645.0,635.1,640.0,638.0,639.3666666666667,635.5848666666667,633.2484666666667,643.1484666666666,645.4848666666667,619.5666666666667,659.1666666666666,,,0.0,0.0,0.0,11,55
2019-05-07 12:00:00,639.5,639.9,638.4,638.45,20380,2019-05-07,2019,633.7333333333333,629.4666666666667,643.6333333333333,649.2666666666667,645.0,635.1,640.0,638.0,639.3666666666667,635.5848666666667,633.2484666666667,643.1484666666666,645.4848666666667,619.5666666666667,659.1666666666666,,,0.0,0.0,0.0,12,0
2019-05-07 12:05:00,638.45,638.7,638.4,638.5,38834,2019-05-07,2019,633.7333333333333,629.4666666666667,643.6333333333333,649.2666666666667,645.0,635.1,640.0,638.0,639.3666666666667,635.5848666666667,633.2484666666667,643.1484666666666,645.4848666666667,619.5666666666667,659.1666666666666,,,0.0,0.0,0.0,12,5
2019-05-07 12:10:00,638.5,638.6,637.5,637.5,8281,2019-05-07,2019,633.7333333333333,629.4666666666667,643.6333333333333,649.2666666666667,645.0,635.1,640.0,638.0,639.3666666666667,635.5848666666667,633.2484666666667,643.1484666666666,645.4848666666667,619.5666666666667,659.1666666666666,,,0.0,0.0,0.0,12,10
2019-05-07 12:15:00,637.5,638.25,637.5,638.15,6941,2019-05-07,2019,633.7333333333333,629.4666666666667,643.6333333333333,649.2666666666667,645.0,635.1,640.0,638.0,639.3666666666667,635.5848666666667,633.2484666666667,643.1484666666666,645.4848666666667,619.5666666666667,659.1666666666666,,,0.0,0.0,0.0,12,15
2019-05-07 12:20:00,638.1,638.4,637.0,637.1,40137,2019-05-07,2019,633.7333333333333,629.4666666666667,643.6333333333333,649.2666666666667,645.0,635.1,640.0,638.0,639.3666666666667,635.5848666666667,633.2484666666667,643.1484666666666,645.4848666666667,619.5666666666667,659.1666666666666,,,0.0,0.0,0.0,12,20
2019-05-07 12:25:00,637.15,638.15,637.1,638.15,7633,2019-05-07,2019,633.7333333333333,629.4666666666667,643.6333333333333,649.2666666666667,645.0,635.1,640.0,638.0,639.3666666666667,635.5848666666667,633.2484666666667,643.1484666666666,645.4848666666667,619.5666666666667,659.1666666666666,,,0.0,0.0,0.0,12,25
2019-05-07 12:30:00,638.15,638.15,637.75,638.1,6375,2019-05-07,2019,633.7333333333333,629.4666666666667,643.6333333333333,649.2666666666667,645.0,635.1,640.0,638.0,639.3666666666667,635.5848666666667,633.2484666666667,643.1484666666666,645.4848666666667,619.5666666666667,659.1666666666666,,,0.0,0.0,0.0,12,30
2019-05-07 12:35:00,638.1,638.1,637.55,638.1,7303,2019-05-07,2019,633.7333333333333,629.4666666666667,643.6333333333333,649.2666666666667,645.0,635.1,640.0,638.0,639.3666666666667,635.5848666666667,633.2484666666667,643.1484666666666,645.4848666666667,619.5666666666667,659.1666666666666,,,0.0,0.0,0.0,12,35
2019-05-07 12:40:00,638.1,638.15,637.35,637.6,4541,2019-05-07,2019,633.7333333333333,629.4666666666667,643.6333333333333,649.2666666666667,645.0,635.1,640.0,638.0,639.3666666666667,635.5848666666667,633.2484666666667,643.1484666666666,645.4848666666667,619.5666666666667,659.1666666666666,,,0.0,0.0,0.0,12,40
2019-05-07 12:45:00,637.6,638.05,637.6,637.6,25796,2019-05-07,2019,633.7333333333333,629.4666666666667,643.6333333333333,649.2666666666667,645.0,635.1,640.0,638.0,639.3666666666667,635.5848666666667,633.2484666666667,643.1484666666666,645.4848666666667,619.5666666666667,659.1666666666666,,,0.0,0.0,0.0,12,45
2019-05-07 12:50:00,637.55,637.95,637.2,637.55,5916,2019-05-07,2019,633.7333333333333,629.4666666666667,643.6333333333333,649.2666666666667,645.0,635.1,640.0,638.0,639.3666666666667,635.5848666666667,633.2484666666667,643.1484666666666,645.4848666666667,619.5666666666667,659.1666666666666,,,0.0,0.0,0.0,12,50
2019-05-07 12:55:00,637.5,638.3,637.2,638.3,11260,2019-05-07,2019,633.7333333333333,629.4666666666667,643.6333333333333,649.2666666666667,645.0,635.1,640.0,638.0,639.3666666666667,635.5848666666667,633.2484666666667,643.1484666666666,645.4848666666667,619.5666666666667,659.1666666666666,,,0.0,0.0,0.0,12,55
2019-05-07 13:00:00,638.3,638.4,637.7,638.25,11980,2019-05-07,2019,633.7333333333333,629.4666666666667,643.6333333333333,649.2666666666667,645.0,635.1,640.0,638.0,639.3666666666667,635.5848666666667,633.2484666666667,643.1484666666666,645.4848666666667,619.5666666666667,659.1666666666666,,,0.0,0.0,0.0,13,0
2019-05-07 13:05:00,638.2,638.4,637.7,638.15,13615,2019-05-07,2019,633.7333333333333,629.4666666666667,643.6333333333333,649.2666666666667,645.0,635.1,640.0,638.0,639.3666666666667,635.5848666666667,633.2484666666667,643.1484666666666,645.4848666666667,619.5666666666667,659.1666666666666,,,0.0,0.0,0.0,13,5
2019-05-07 13:10:00,638.15,638.4,637.8,638.25,16947,2019-05-07,2019,633.7333333333333,629.4666666666667,643.6333333333333,649.2666666666667,645.0,635.1,640.0,638.0,639.3666666666667,635.5848666666667,633.2484666666667,643.1484666666666,645.4848666666667,619.5666666666667,659.1666666666666,,,0.0,0.0,0.0,13,10
2019-05-07 13:15:00,638.1,638.25,637.65,638.0,22216,2019-05-07,2019,633.7333333333333,629.4666666666667,643.6333333333333,649.2666666666667,645.0,635.1,640.0,638.0,639.3666666666667,635.5848666666667,633.2484666666667,643.1484666666666,645.4848666666667,619.5666666666667,659.1666666666666,,,0.0,0.0,0.0,13,15
2019-05-07 13:20:00,638.0,638.4,637.55,638.15,16300,2019-05-07,2019,633.7333333333333,629.4666666666667,643.6333333333333,649.2666666666667,645.0,635.1,640.0,638.0,639.3666666666667,635.5848666666667,633.2484666666667,643.1484666666666,645.4848666666667,619.5666666666667,659.1666666666666,,,0.0,0.0,0.0,13,20
2019-05-07 13:25:00,638.15,638.5,637.6,638.25,179284,2019-05-07,2019,633.7333333333333,629.4666666666667,643.6333333333333,649.2666666666667,645.0,635.1,640.0,638.0,639.3666666666667,635.5848666666667,633.2484666666667,643.1484666666666,645.4848666666667,619.5666666666667,659.1666666666666,,,0.0,0.0,0.0,13,25
2019-05-07 13:30:00,638.3,638.4,638.0,638.35,17057,2019-05-07,2019,633.7333333333333,629.4666666666667,643.6333333333333,649.2666666666667,645.0,635.1,640.0,638.0,639.3666666666667,635.5848666666667,633.2484666666667,643.1484666666666,645.4848666666667,619.5666666666667,659.1666666666666,,,0.0,0.0,0.0,13,30
2019-05-07 13:35:00,638.35,638.9,638.15,638.7,17509,2019-05-07,2019,633.7333333333333,629.4666666666667,643.6333333333333,649.2666666666667,645.0,635.1,640.0,638.0,639.3666666666667,635.5848666666667,633.2484666666667,643.1484666666666,645.4848666666667,619.5666666666667,659.1666666666666,,,0.0,0.0,0.0,13,35
2019-05-07 13:40:00,638.8,638.9,638.0,638.5,38072,2019-05-07,2019,633.7333333333333,629.4666666666667,643.6333333333333,649.2666666666667,645.0,635.1,640.0,638.0,639.3666666666667,635.5848666666667,633.2484666666667,643.1484666666666,645.4848666666667,619.5666666666667,659.1666666666666,,,0.0,0.0,0.0,13,40
2019-05-07 13:45:00,638.5,639.2,638.25,638.75,8078,2019-05-07,2019,633.7333333333333,629.4666666666667,643.6333333333333,649.2666666666667,645.0,635.1,640.0,638.0,639.3666666666667,635.5848666666667,633.2484666666667,643.1484666666666,645.4848666666667,619.5666666666667,659.1666666666666,,,0.0,0.0,0.0,13,45
2019-05-07 13:50:00,638.85,638.9,638.05,638.3,13857,2019-05-07,2019,633.7333333333333,629.4666666666667,643.6333333333333,649.2666666666667,645.0,635.1,640.0,638.0,639.3666666666667,635.5848666666667,633.2484666666667,643.1484666666666,645.4848666666667,619.5666666666667,659.1666666666666,,,0.0,0.0,0.0,13,50
2019-05-07 13:55:00,638.3,638.5,637.35,637.35,35883,2019-05-07,2019,633.7333333333333,629.4666666666667,643.6333333333333,649.2666666666667,645.0,635.1,640.0,638.0,639.3666666666667,635.5848666666667,633.2484666666667,643.1484666666666,645.4848666666667,619.5666666666667,659.1666666666666,,,0.0,0.0,0.0,13,55
2019-05-07 14:00:00,637.85,638.65,637.3,638.3,122323,2019-05-07,2019,633.7333333333333,629.4666666666667,643.6333333333333,649.2666666666667,645.0,635.1,640.0,638.0,639.3666666666667,635.5848666666667,633.2484666666667,643.1484666666666,645.4848666666667,619.5666666666667,659.1666666666666,,,0.0,0.0,0.0,14,0
2019-05-07 14:05:00,638.3,638.35,637.9,638.1,78017,2019-05-07,2019,633.7333333333333,629.4666666666667,643.6333333333333,649.2666666666667,645.0,635.1,640.0,638.0,639.3666666666667,635.5848666666667,633.2484666666667,643.1484666666666,645.4848666666667,619.5666666666667,659.1666666666666,,,0.0,0.0,0.0,14,5
2019-05-07 14:10:00,638.0,638.85,637.9,638.2,29488,2019-05-07,2019,633.7333333333333,629.4666666666667,643.6333333333333,649.2666666666667,645.0,635.1,640.0,638.0,639.3666666666667,635.5848666666667,633.2484666666667,643.1484666666666,645.4848666666667,619.5666666666667,659.1666666666666,,,0.0,0.0,0.0,14,10
2019-05-07 14:15:00,638.2,638.65,638.0,638.3,9504,2019-05-07,2019,633.7333333333333,629.4666666666667,643.6333333333333,649.2666666666667,645.0,635.1,640.0,638.0,639.3666666666667,635.5848666666667,633.2484666666667,643.1484666666666,645.4848666666667,619.5666666666667,659.1666666666666,,,0.0,0.0,0.0,14,15
2019-05-07 14:20:00,638.3,638.35,637.1,637.5,39846,2019-05-07,2019,633.7333333333333,629.4666666666667,643.6333333333333,649.2666666666667,645.0,635.1,640.0,638.0,639.3666666666667,635.5848666666667,633.2484666666667,643.1484666666666,645.4848666666667,619.5666666666667,659.1666666666666,,,0.0,0.0,0.0,14,20
2019-05-07 14:25:00,637.55,637.9,637.4,637.9,35166,2019-05-07,2019,633.7333333333333,629.4666666666667,643.6333333333333,649.2666666666667,645.0,635.1,640.0,638.0,639.3666666666667,635.5848666666667,633.2484666666667,643.1484666666666,645.4848666666667,619.5666666666667,659.1666666666666,,,0.0,0.0,0.0,14,25
2019-05-07 14:30:00,637.95,638.7,637.5,638.05,197509,2019-05-07,2019,633.7333333333333,629.4666666666667,643.6333333333333,649.2666666666667,645.0,635.1,640.0,638.0,639.3666666666667,635.5848666666667,633.2484666666667,643.1484666666666,645.4848666666667,619.5666666666667,659.1666666666666,,,0.0,0.0,0.0,14,30
2019-05-07 14:35:00,638.25,638.25,637.0,637.1,54376,2019-05-07,2019,633.7333333333333,629.4666666666667,643.6333333333333,649.2666666666667,645.0,635.1,640.0,638.0,639.3666666666667,635.5848666666667,633.2484666666667,643.1484666666666,645.4848666666667,619.5666666666667,659.1666666666666,,,0.0,0.0,0.0,14,35
2019-05-07 14:40:00,637.25,638.1,637.05,637.85,38574,2019-05-07,2019,633.7333333333333,629.4666666666667,643.6333333333333,649.2666666666667,645.0,635.1,640.0,638.0,639.3666666666667,635.5848666666667,633.2484666666667,643.1484666666666,645.4848666666667,619.5666666666667,659.1666666666666,,,0.0,0.0,0.0,14,40
2019-05-07 14:45:00,637.95,637.95,637.0,637.15,108383,2019-05-07,2019,633.7333333333333,629.4666666666667,643.6333333333333,649.2666666666667,645.0,635.1,640.0,638.0,639.3666666666667,635.5848666666667,633.2484666666667,643.1484666666666,645.4848666666667,619.5666666666667,659.1666666666666,,,0.0,0.0,0.0,14,45
2019-05-07 14:50:00,637.25,637.7,637.0,637.0,116366,2019-05-07,2019,633.7333333333333,629.4666666666667,643.6333333333333,649.2666666666667,645.0,635.1,640.0,638.0,639.3666666666667,635.5848666666667,633.2484666666667,643.1484666666666,645.4848666666667,619.5666666666667,659.1666666666666,,,0.0,0.0,0.0,14,50
2019-05-07 14:55:00,637.0,637.05,635.45,636.4,121666,2019-05-07,2019,633.7333333333333,629.4666666666667,643.6333333333333,649.2666666666667,645.0,635.1,640.0,638.0,639.3666666666667,635.5848666666667,633.2484666666667,643.1484666666666,645.4848666666667,619.5666666666667,659.1666666666666,,,0.0,0.0,0.0,14,55
2019-05-07 15:00:00,636.3,636.9,636.0,636.2,113216,2019-05-07,2019,633.7333333333333,629.4666666666667,643.6333333333333,649.2666666666667,645.0,635.1,640.0,638.0,639.3666666666667,635.5848666666667,633.2484666666667,643.1484666666666,645.4848666666667,619.5666666666667,659.1666666666666,,,0.0,0.0,0.0,15,0
2019-05-07 15:05:00,636.2,636.4,636.0,636.1,139325,2019-05-07,2019,633.7333333333333,629.4666666666667,643.6333333333333,649.2666666666667,645.0,635.1,640.0,638.0,639.3666666666667,635.5848666666667,633.2484666666667,643.1484666666666,645.4848666666667,619.5666666666667,659.1666666666666,,,0.0,0.0,0.0,15,5
2019-05-07 15:10:00,636.05,636.95,636.0,636.35,89202,2019-05-07,2019,633.7333333333333,629.4666666666667,643.6333333333333,649.2666666666667,645.0,635.1,640.0,638.0,639.3666666666667,635.5848666666667,633.2484666666667,643.1484666666666,645.4848666666667,619.5666666666667,659.1666666666666,,,0.0,0.0,0.0,15,10
2019-05-07 15:15:00,636.4,636.4,636.0,636.2,77812,2019-05-07,2019,633.7333333333333,629.4666666666667,643.6333333333333,649.2666666666667,645.0,635.1,640.0,638.0,639.3666666666667,635.5848666666667,633.2484666666667,643.1484666666666,645.4848666666667,619.5666666666667,659.1666666666666,,,0.0,0.0,0.0,15,15
2019-05-07 15:20:00,636.15,636.2,635.0,635.7,88940,2019-05-07,2019,633.7333333333333,629.4666666666667,643.6333333333333,649.2666666666667,645.0,635.1,640.0,638.0,639.3666666666667,635.5848666666667,633.2484666666667,643.1484666666666,645.4848666666667,619.5666666666667,659.1666666666666,,,0.0,0.0,0.0,15,20
2019-05-07 15:25:00,635.7,635.7,634.3,635.55,53096,2019-05-07,2019,633.7333333333333,629.4666666666667,643.6333333333333,649.2666666666667,645.0,635.1,640.0,638.0,639.3666666666667,635.5848666666667,633.2484666666667,643.1484666666666,645.4848666666667,619.5666666666667,659.1666666666666,,,0.0,0.0,0.0,15,25
2019-05-08 09:15:00,635.55,635.55,632.0,633.65,39073,2019-05-08,2019,632.1999999999999,628.85,640.8999999999999,646.2499999999999,642.9,634.2,641.75,635.55,637.55,634.2266,632.1734,640.8734,642.9265999999999,620.1500000000001,654.9499999999998,,,0.0,0.0,0.0,9,15
2019-05-08 09:20:00,633.3,635.0,633.05,634.8,27672,2019-05-08,2019,632.1999999999999,628.85,640.8999999999999,646.2499999999999,642.9,634.2,641.75,635.55,637.55,634.2266,632.1734,640.8734,642.9265999999999,620.1500000000001,654.9499999999998,,,0.0,0.0,0.0,9,20
2019-05-08 09:25:00,634.8,635.3,634.2,634.2,15184,2019-05-08,2019,632.1999999999999,628.85,640.8999999999999,646.2499999999999,642.9,634.2,641.75,635.55,637.55,634.2266,632.1734,640.8734,642.9265999999999,620.1500000000001,654.9499999999998,,,0.0,0.0,0.0,9,25
2019-05-08 09:30:00,634.2,635.25,632.45,633.45,14740,2019-05-08,2019,632.1999999999999,628.85,640.8999999999999,646.2499999999999,642.9,634.2,641.75,635.55,637.55,634.2266,632.1734,640.8734,642.9265999999999,620.1500000000001,654.9499999999998,,,0.0,0.0,0.0,9,30
2019-05-08 09:35:00,633.4,635.4,633.4,634.8,13604,2019-05-08,2019,632.1999999999999,628.85,640.8999999999999,646.2499999999999,642.9,634.2,641.75,635.55,637.55,634.2266,632.1734,640.8734,642.9265999999999,620.1500000000001,654.9499999999998,,,0.0,0.0,0.0,9,35
2019-05-08 09:40:00,634.8,635.0,634.0,635.0,14830,2019-05-08,2019,632.1999999999999,628.85,640.8999999999999,646.2499999999999,642.9,634.2,641.75,635.55,637.55,634.2266,632.1734,640.8734,642.9265999999999,620.1500000000001,654.9499999999998,,,0.0,0.0,0.0,9,40
2019-05-08 09:45:00,634.75,636.75,634.4,636.5,12105,2019-05-08,2019,632.1999999999999,628.85,640.8999999999999,646.2499999999999,642.9,634.2,641.75,635.55,637.55,634.2266,632.1734,640.8734,642.9265999999999,620.1500000000001,654.9499999999998,,,0.0,0.0,0.0,9,45
2019-05-08 09:50:00,636.5,636.7,635.8,636.5,9195,2019-05-08,2019,632.1999999999999,628.85,640.8999999999999,646.2499999999999,642.9,634.2,641.75,635.55,637.55,634.2266,632.1734,640.8734,642.9265999999999,620.1500000000001,654.9499999999998,,,0.0,0.0,0.0,9,50
2019-05-08 09:55:00,636.5,637.0,635.0,636.1,1536733,2019-05-08,2019,632.1999999999999,628.85,640.8999999999999,646.2499999999999,642.9,634.2,641.75,635.55,637.55,634.2266,632.1734,640.8734,642.9265999999999,620.1500000000001,654.9499999999998,,,0.0,0.0,0.0,9,55
2019-05-08 10:00:00,636.1,636.6,634.2,634.65,17929,2019-05-08,2019,632.1999999999999,628.85,640.8999999999999,646.2499999999999,642.9,634.2,641.75,635.55,637.55,634.2266,632.1734,640.8734,642.9265999999999,620.1500000000001,654.9499999999998,,,0.0,0.0,0.0,10,0
2019-05-08 10:05:00,634.65,635.0,632.7,632.9,17045,2019-05-08,2019,632.1999999999999,628.85,640.8999999999999,646.2499999999999,642.9,634.2,641.75,635.55,637.55,634.2266,632.1734,640.8734,642.9265999999999,620.1500000000001,654.9499999999998,,,0.0,0.0,0.0,10,5
2019-05-08 10:10:00,632.9,633.35,632.5,633.2,10256,2019-05-08,2019,632.1999999999999,628.85,640.8999999999999,646.2499999999999,642.9,634.2,641.75,635.55,637.55,634.2266,632.1734,640.8734,642.9265999999999,620.1500000000001,654.9499999999998,,,0.0,0.0,0.0,10,10
2019-05-08 10:15:00,633.2,633.2,631.25,632.05,26507,2019-05-08,2019,632.1999999999999,628.85,640.8999999999999,646.2499999999999,642.9,634.2,641.75,635.55,637.55,634.2266,632.1734,640.8734,642.9265999999999,620.1500000000001,654.9499999999998,,,0.0,0.0,0.0,10,15
2019-05-08 10:20:00,632.05,633.5,631.5,632.3,15989,2019-05-08,2019,632.1999999999999,628.85,640.8999999999999,646.2499999999999,642.9,634.2,641.75,635.55,637.55,634.2266,632.1734,640.8734,642.9265999999999,620.1500000000001,654.9499999999998,,,0.0,0.0,0.0,10,20
2019-05-08 10:25:00,632.3,633.0,632.1,632.6,5753,2019-05-08,2019,632.1999999999999,628.85,640.8999999999999,646.2499999999999,642.9,634.2,641.75,635.55,637.55,634.2266,632.1734,640.8734,642.9265999999999,620.1500000000001,654.9499999999998,,,0.0,0.0,0.0,10,25
2019-05-08 10:30:00,632.6,633.75,632.6,632.85,7951,2019-05-08,2019,632.1999999999999,628.85,640.8999999999999,646.2499999999999,642.9,634.2,641.75,635.55,637.55,634.2266,632.1734,640.8734,642.9265999999999,620.1500000000001,654.9499999999998,,,0.0,0.0,0.0,10,30
2019-05-08 10:35:00,632.85,634.0,632.85,633.05,8330,2019-05-08,2019,632.1999999999999,628.85,640.8999999999999,646.2499999999999,642.9,634.2,641.75,635.55,637.55,634.2266,632.1734,640.8734,642.9265999999999,620.1500000000001,654.9499999999998,,,0.0,0.0,0.0,10,35
2019-05-08 10:40:00,633.05,633.55,632.2,632.4,6344,2019-05-08,2019,632.1999999999999,628.85,640.8999999999999,646.2499999999999,642.9,634.2,641.75,635.55,637.55,634.2266,632.1734,640.8734,642.9265999999999,620.1500000000001,654.9499999999998,,,0.0,0.0,0.0,10,40
2019-05-08 10:45:00,632.4,634.0,632.1,632.7,7496,2019-05-08,2019,632.1999999999999,628.85,640.8999999999999,646.2499999999999,642.9,634.2,641.75,635.55,637.55,634.2266,632.1734,640.8734,642.9265999999999,620.1500000000001,654.9499999999998,,,0.0,0.0,0.0,10,45
2019-05-08 10:50:00,632.7,633.55,632.2,632.8,3831,2019-05-08,2019,632.1999999999999,628.85,640.8999999999999,646.2499999999999,642.9,634.2,641.75,635.55,637.55,634.2266,632.1734,640.8734,642.9265999999999,620.1500000000001,654.9499999999998,,,0.0,0.0,0.0,10,50
2019-05-08 10:55:00,632.35,632.65,631.55,632.1,12770,2019-05-08,2019,632.1999999999999,628.85,640.8999999999999,646.2499999999999,642.9,634.2,641.75,635.55,637.55,634.2266,632.1734,640.8734,642.9265999999999,620.1500000000001,654.9499999999998,,,0.0,0.0,0.0,10,55
2019-05-08 11:00:00,632.1,632.4,631.5,632.05,9805,2019-05-08,2019,632.1999999999999,628.85,640.8999999999999,646.2499999999999,642.9,634.2,641.75,635.55,637.55,634.2266,632.1734,640.8734,642.9265999999999,620.1500000000001,654.9499999999998,,,0.0,0.0,0.0,11,0
2019-05-08 11:05:00,632.05,632.05,630.55,630.65,18022,2019-05-08,2019,632.1999999999999,628.85,640.8999999999999,646.2499999999999,642.9,634.2,641.75,635.55,637.55,634.2266,632.1734,640.8734,642.9265999999999,620.1500000000001,654.9499999999998,,,0.0,0.0,0.0,11,5
2019-05-08 11:10:00,630.6,631.15,630.4,630.85,13322,2019-05-08,2019,632.1999999999999,628.85,640.8999999999999,646.2499999999999,642.9,634.2,641.75,635.55,637.55,634.2266,632.1734,640.8734,642.9265999999999,620.1500000000001,654.9499999999998,,,0.0,0.0,0.0,11,10
2019-05-08 11:15:00,630.95,630.95,629.25,629.5,29134,2019-05-08,2019,632.1999999999999,628.85,640.8999999999999,646.2499999999999,642.9,634.2,641.75,635.55,637.55,634.2266,632.1734,640.8734,642.9265999999999,620.1500000000001,654.9499999999998,,,0.0,0.0,0.0,11,15
2019-05-08 11:20:00,629.5,630.5,629.5,630.1,14472,2019-05-08,2019,632.1999999999999,628.85,640.8999999999999,646.2499999999999,642.9,634.2,641.75,635.55,637.55,634.2266,632.1734,640.8734,642.9265999999999,620.1500000000001,654.9499999999998,,,0.0,0.0,0.0,11,20
2019-05-08 11:25:00,630.1,630.5,630.0,630.0,10842,2019-05-08,2019,632.1999999999999,628.85,640.8999999999999,646.2499999999999,642.9,634.2,641.75,635.55,637.55,634.2266,632.1734,640.8734,642.9265999999999,620.1500000000001,654.9499999999998,,,0.0,0.0,0.0,11,25
2019-05-08 11:30:00,630.0,630.9,630.0,630.35,10693,2019-05-08,2019,632.1999999999999,628.85,640.8999999999999,646.2499999999999,642.9,634.2,641.75,635.55,637.55,634.2266,632.1734,640.8734,642.9265999999999,620.1500000000001,654.9499999999998,,,0.0,0.0,0.0,11,30
2019-05-08 11:35:00,630.35,631.0,630.0,631.0,9690,2019-05-08,2019,632.1999999999999,628.85,640.8999999999999,646.2499999999999,642.9,634.2,641.75,635.55,637.55,634.2266,632.1734,640.8734,642.9265999999999,620.1500000000001,654.9499999999998,,,0.0,0.0,0.0,11,35
2019-05-08 11:40:00,631.0,631.0,630.0,630.0,9658,2019-05-08,2019,632.1999999999999,628.85,640.8999999999999,646.2499999999999,642.9,634.2,641.75,635.55,637.55,634.2266,632.1734,640.8734,642.9265999999999,620.1500000000001,654.9499999999998,,,0.0,0.0,0.0,11,40
2019-05-08 11:45:00,630.0,630.7,630.0,630.35,10514,2019-05-08,2019,632.1999999999999,628.85,640.8999999999999,646.2499999999999,642.9,634.2,641.75,635.55,637.55,634.2266,632.1734,640.8734,642.9265999999999,620.1500000000001,654.9499999999998,,,0.0,0.0,0.0,11,45
2019-05-08 11:50:00,630.35,630.9,630.2,630.85,8034,2019-05-08,2019,632.1999999999999,628.85,640.8999999999999,646.2499999999999,642.9,634.2,641.75,635.55,637.55,634.2266,632.1734,640.8734,642.9265999999999,620.1500000000001,654.9499999999998,,,0.0,0.0,0.0,11,50
2019-05-08 11:55:00,630.85,631.7,630.55,631.0,24554,2019-05-08,2019,632.1999999999999,628.85,640.8999999999999,646.2499999999999,642.9,634.2,641.75,635.55,637.55,634.2266,632.1734,640.8734,642.9265999999999,620.1500000000001,654.9499999999998,,,0.0,0.0,0.0,11,55
2019-05-08 12:00:00,631.0,631.65,630.3,630.3,152889,2019-05-08,2019,632.1999999999999,628.85,640.8999999999999,646.2499999999999,642.9,634.2,641.75,635.55,637.55,634.2266,632.1734,640.8734,642.9265999999999,620.1500000000001,654.9499999999998,,,0.0,0.0,0.0,12,0
2019-05-08 12:05:00,630.3,631.35,630.15,630.5,193920,2019-05-08,2019,632.1999999999999,628.85,640.8999999999999,646.2499999999999,642.9,634.2,641.75,635.55,637.55,634.2266,632.1734,640.8734,642.9265999999999,620.1500000000001,654.9499999999998,,,0.0,0.0,0.0,12,5
2019-05-08 12:10:00,630.5,631.35,630.5,630.55,58900,2019-05-08,2019,632.1999999999999,628.85,640.8999999999999,646.2499999999999,642.9,634.2,641.75,635.55,637.55,634.2266,632.1734,640.8734,642.9265999999999,620.1500000000001,654.9499999999998,,,0.0,0.0,0.0,12,10
2019-05-08 12:15:00,630.55,630.8,630.0,630.55,10743,2019-05-08,2019,632.1999999999999,628.85,640.8999999999999,646.2499999999999,642.9,634.2,641.75,635.55,637.55,634.2266,632.1734,640.8734,642.9265999999999,620.1500000000001,654.9499999999998,,,0.0,0.0,0.0,12,15
2019-05-08 12:20:00,630.55,631.0,630.45,630.45,31965,2019-05-08,2019,632.1999999999999,628.85,640.8999999999999,646.2499999999999,642.9,634.2,641.75,635.55,637.55,634.2266,632.1734,640.8734,642.9265999999999,620.1500000000001,654.9499999999998,,,0.0,0.0,0.0,12,20
2019-05-08 12:25:00,630.45,631.0,630.4,630.4,36479,2019-05-08,2019,632.1999999999999,628.85,640.8999999999999,646.2499999999999,642.9,634.2,641.75,635.55,637.55,634.2266,632.1734,640.8734,642.9265999999999,620.1500000000001,654.9499999999998,,,0.0,0.0,0.0,12,25
2019-05-08 12:30:00,630.4,630.7,629.8,630.25,16706,2019-05-08,2019,632.1999999999999,628.85,640.8999999999999,646.2499999999999,642.9,634.2,641.75,635.55,637.55,634.2266,632.1734,640.8734,642.9265999999999,620.1500000000001,654.9499999999998,,,0.0,0.0,0.0,12,30
2019-05-08 12:35:00,630.1,631.0,630.0,631.0,12152,2019-05-08,2019,632.1999999999999,628.85,640.8999999999999,646.2499999999999,642.9,634.2,641.75,635.55,637.55,634.2266,632.1734,640.8734,642.9265999999999,620.1500000000001,654.9499999999998,,,0.0,0.0,0.0,12,35
2019-05-08 12:40:00,631.0,631.25,630.25,630.4,22605,2019-05-08,2019,632.1999999999999,628.85,640.8999999999999,646.2499999999999,642.9,634.2,641.75,635.55,637.55,634.2266,632.1734,640.8734,642.9265999999999,620.1500000000001,654.9499999999998,,,0.0,0.0,0.0,12,40
2019-05-08 12:45:00,630.3,630.4,628.4,628.55,21002,2019-05-08,2019,632.1999999999999,628.85,640.8999999999999,646.2499999999999,642.9,634.2,641.75,635.55,637.55,634.2266,632.1734,640.8734,642.9265999999999,620.1500000000001,654.9499999999998,,,0.0,0.0,0.0,12,45
2019-05-08 12:50:00,628.55,630.45,628.5,630.35,8996,2019-05-08,2019,632.1999999999999,628.85,640.8999999999999,646.2499999999999,642.9,634.2,641.75,635.55,637.55,634.2266,632.1734,640.8734,642.9265999999999,620.1500000000001,654.9499999999998,,,0.0,0.0,0.0,12,50
2019-05-08 12:55:00,630.35,630.65,630.0,630.3,10752,2019-05-08,2019,632.1999999999999,628.85,640.8999999999999,646.2499999999999,642.9,634.2,641.75,635.55,637.55,634.2266,632.1734,640.8734,642.9265999999999,620.1500000000001,654.9499999999998,,,0.0,0.0,0.0,12,55
2019-05-08 13:00:00,630.3,630.5,629.85,629.85,42416,2019-05-08,2019,632.1999999999999,628.85,640.8999999999999,646.2499999999999,642.9,634.2,641.75,635.55,637.55,634.2266,632.1734,640.8734,642.9265999999999,620.1500000000001,654.9499999999998,,,0.0,0.0,0.0,13,0
2019-05-08 13:05:00,630.0,630.05,629.6,629.7,46756,2019-05-08,2019,632.1999999999999,628.85,640.8999999999999,646.2499999999999,642.9,634.2,641.75,635.55,637.55,634.2266,632.1734,640.8734,642.9265999999999,620.1500000000001,654.9499999999998,,,0.0,0.0,0.0,13,5
2019-05-08 13:10:00,629.7,630.25,629.6,630.0,58327,2019-05-08,2019,632.1999999999999,628.85,640.8999999999999,646.2499999999999,642.9,634.2,641.75,635.55,637.55,634.2266,632.1734,640.8734,642.9265999999999,620.1500000000001,654.9499999999998,,,0.0,0.0,0.0,13,10
2019-05-08 13:15:00,629.85,630.75,629.6,630.35,6402,2019-05-08,2019,632.1999999999999,628.85,640.8999999999999,646.2499999999999,642.9,634.2,641.75,635.55,637.55,634.2266,632.1734,640.8734,642.9265999999999,620.1500000000001,654.9499999999998,,,0.0,0.0,0.0,13,15
2019-05-08 13:20:00,630.35,631.0,629.8,630.0,48282,2019-05-08,2019,632.1999999999999,628.85,640.8999999999999,646.2499999999999,642.9,634.2,641.75,635.55,637.55,634.2266,632.1734,640.8734,642.9265999999999,620.1500000000001,654.9499999999998,,,0.0,0.0,0.0,13,20
2019-05-08 13:25:00,630.0,630.9,629.8,630.35,52596,2019-05-08,2019,632.1999999999999,628.85,640.8999999999999,646.2499999999999,642.9,634.2,641.75,635.55,637.55,634.2266,632.1734,640.8734,642.9265999999999,620.1500000000001,654.9499999999998,,,0.0,0.0,0.0,13,25
2019-05-08 13:30:00,630.35,631.4,629.85,630.8,17875,2019-05-08,2019,632.1999999999999,628.85,640.8999999999999,646.2499999999999,642.9,634.2,641.75,635.55,637.55,634.2266,632.1734,640.8734,642.9265999999999,620.1500000000001,654.9499999999998,,,0.0,0.0,0.0,13,30
2019-05-08 13:35:00,630.8,631.75,629.2,629.8,53102,2019-05-08,2019,632.1999999999999,628.85,640.8999999999999,646.2499999999999,642.9,634.2,641.75,635.55,637.55,634.2266,632.1734,640.8734,642.9265999999999,620.1500000000001,654.9499999999998,,,0.0,0.0,0.0,13,35
2019-05-08 13:40:00,629.5,630.0,629.15,629.5,19976,2019-05-08,2019,632.1999999999999,628.85,640.8999999999999,646.2499999999999,642.9,634.2,641.75,635.55,637.55,634.2266,632.1734,640.8734,642.9265999999999,620.1500000000001,654.9499999999998,,,0.0,0.0,0.0,13,40
2019-05-08 13:45:00,629.5,630.1,629.2,630.0,106270,2019-05-08,2019,632.1999999999999,628.85,640.8999999999999,646.2499999999999,642.9,634.2,641.75,635.55,637.55,634.2266,632.1734,640.8734,642.9265999999999,620.1500000000001,654.9499999999998,,,0.0,0.0,0.0,13,45
2019-05-08 13:50:00,630.0,630.85,629.3,629.8,23975,2019-05-08,2019,632.1999999999999,628.85,640.8999999999999,646.2499999999999,642.9,634.2,641.75,635.55,637.55,634.2266,632.1734,640.8734,642.9265999999999,620.1500000000001,654.9499999999998,,,0.0,0.0,0.0,13,50
2019-05-08 13:55:00,629.6,629.8,628.0,629.4,27606,2019-05-08,2019,632.1999999999999,628.85,640.8999999999999,646.2499999999999,642.9,634.2,641.75,635.55,637.55,634.2266,632.1734,640.8734,642.9265999999999,620.1500000000001,654.9499999999998,,,0.0,0.0,0.0,13,55
2019-05-08 14:00:00,629.4,629.45,627.5,627.7,29424,2019-05-08,2019,632.1999999999999,628.85,640.8999999999999,646.2499999999999,642.9,634.2,641.75,635.55,637.55,634.2266,632.1734,640.8734,642.9265999999999,620.1500000000001,654.9499999999998,,,0.0,0.0,0.0,14,0
2019-05-08 14:05:00,627.7,628.55,627.7,627.8,12131,2019-05-08,2019,632.1999999999999,628.85,640.8999999999999,646.2499999999999,642.9,634.2,641.75,635.55,637.55,634.2266,632.1734,640.8734,642.9265999999999,620.1500000000001,654.9499999999998,,,0.0,0.0,0.0,14,5
2019-05-08 14:10:00,627.8,628.05,626.75,628.0,24220,2019-05-08,2019,632.1999999999999,628.85,640.8999999999999,646.2499999999999,642.9,634.2,641.75,635.55,637.55,634.2266,632.1734,640.8734,642.9265999999999,620.1500000000001,654.9499999999998,,,0.0,0.0,0.0,14,10
2019-05-08 14:15:00,627.9,628.0,625.9,626.0,39978,2019-05-08,2019,632.1999999999999,628.85,640.8999999999999,646.2499999999999,642.9,634.2,641.75,635.55,637.55,634.2266,632.1734,640.8734,642.9265999999999,620.1500000000001,654.9499999999998,,,0.0,0.0,0.0,14,15
2019-05-08 14:20:00,626.0,627.1,625.0,626.4,48980,2019-05-08,2019,632.1999999999999,628.85,640.8999999999999,646.2499999999999,642.9,634.2,641.75,635.55,637.55,634.2266,632.1734,640.8734,642.9265999999999,620.1500000000001,654.9499999999998,,,0.0,0.0,0.0,14,20
2019-05-08 14:25:00,626.35,627.3,626.3,627.05,17664,2019-05-08,2019,632.1999999999999,628.85,640.8999999999999,646.2499999999999,642.9,634.2,641.75,635.55,637.55,634.2266,632.1734,640.8734,642.9265999999999,620.1500000000001,654.9499999999998,,,0.0,0.0,0.0,14,25
2019-05-08 14:30:00,627.05,627.2,625.65,626.05,17594,2019-05-08,2019,632.1999999999999,628.85,640.8999999999999,646.2499999999999,642.9,634.2,641.75,635.55,637.55,634.2266,632.1734,640.8734,642.9265999999999,620.1500000000001,654.9499999999998,,,0.0,0.0,0.0,14,30
2019-05-08 14:35:00,626.05,626.75,625.5,626.6,22085,2019-05-08,2019,632.1999999999999,628.85,640.8999999999999,646.2499999999999,642.9,634.2,641.75,635.55,637.55,634.2266,632.1734,640.8734,642.9265999999999,620.1500000000001,654.9499999999998,,,0.0,0.0,0.0,14,35
2019-05-08 14:40:00,626.6,627.4,626.0,627.0,22629,2019-05-08,2019,632.1999999999999,628.85,640.8999999999999,646.2499999999999,642.9,634.2,641.75,635.55,637.55,634.2266,632.1734,640.8734,642.9265999999999,620.1500000000001,654.9499999999998,,,0.0,0.0,0.0,14,40
2019-05-08 14:45:00,627.0,627.35,626.65,627.25,27297,2019-05-08,2019,632.1999999999999,628.85,640.8999999999999,646.2499999999999,642.9,634.2,641.75,635.55,637.55,634.2266,632.1734,640.8734,642.9265999999999,620.1500000000001,654.9499999999998,,,0.0,0.0,0.0,14,45
2019-05-08 14:50:00,627.25,627.4,627.0,627.05,22224,2019-05-08,2019,632.1999999999999,628.85,640.8999999999999,646.2499999999999,642.9,634.2,641.75,635.55,637.55,634.2266,632.1734,640.8734,642.9265999999999,620.1500000000001,654.9499999999998,,,0.0,0.0,0.0,14,50
2019-05-08 14:55:00,627.0,627.05,626.0,626.3,13740,2019-05-08,2019,632.1999999999999,628.85,640.8999999999999,646.2499999999999,642.9,634.2,641.75,635.55,637.55,634.2266,632.1734,640.8734,642.9265999999999,620.1500000000001,654.9499999999998,,,0.0,0.0,0.0,14,55
2019-05-08 15:00:00,626.3,626.3,625.0,625.3,34073,2019-05-08,2019,632.1999999999999,628.85,640.8999999999999,646.2499999999999,642.9,634.2,641.75,635.55,637.55,634.2266,632.1734,640.8734,642.9265999999999,620.1500000000001,654.9499999999998,,,0.0,0.0,0.0,15,0
2019-05-08 15:05:00,625.3,625.35,623.2,623.25,62814,2019-05-08,2019,632.1999999999999,628.85,640.8999999999999,646.2499999999999,642.9,634.2,641.75,635.55,637.55,634.2266,632.1734,640.8734,642.9265999999999,620.1500000000001,654.9499999999998,,,0.0,0.0,0.0,15,5
2019-05-08 15:10:00,623.25,623.25,620.1,621.85,106267,2019-05-08,2019,632.1999999999999,628.85,640.8999999999999,646.2499999999999,642.9,634.2,641.75,635.55,637.55,634.2266,632.1734,640.8734,642.9265999999999,620.1500000000001,654.9499999999998,,,0.0,0.0,0.0,15,10
2019-05-08 15:15:00,621.85,622.4,619.0,620.95,100924,2019-05-08,2019,632.1999999999999,628.85,640.8999999999999,646.2499999999999,642.9,634.2,641.75,635.55,637.55,634.2266,632.1734,640.8734,642.9265999999999,620.1500000000001,654.9499999999998,,,0.0,0.0,0.0,15,15
2019-05-08 15:20:00,620.95,620.95,619.4,620.25,75420,2019-05-08,2019,632.1999999999999,628.85,640.8999999999999,646.2499999999999,642.9,634.2,641.75,635.55,637.55,634.2266,632.1734,640.8734,642.9265999999999,620.1500000000001,654.9499999999998,,,0.0,0.0,0.0,15,20
2019-05-08 15:25:00,620.25,624.6,620.1,624.6,98362,2019-05-08,2019,632.1999999999999,628.85,640.8999999999999,646.2499999999999,642.9,634.2,641.75,635.55,637.55,634.2266,632.1734,640.8734,642.9265999999999,620.1500000000001,654.9499999999998,,,0.0,0.0,0.0,15,25
2019-05-09 09:15:00,620.9,622.0,620.0,621.8,47275,2019-05-09,2019,616.7333333333333,608.8666666666667,634.7333333333333,644.8666666666667,637.0,619.0,635.55,624.6,626.8666666666667,619.9906666666667,615.7426666666667,633.7426666666667,637.9906666666667,590.8666666666667,662.8666666666667,,,0.0,0.0,0.0,9,15
2019-05-09 09:20:00,621.8,622.2,620.15,620.95,33798,2019-05-09,2019,616.7333333333333,608.8666666666667,634.7333333333333,644.8666666666667,637.0,619.0,635.55,624.6,626.8666666666667,619.9906666666667,615.7426666666667,633.7426666666667,637.9906666666667,590.8666666666667,662.8666666666667,,,0.0,0.0,0.0,9,20
2019-05-09 09:25:00,620.9,621.45,618.25,618.5,35209,2019-05-09,2019,616.7333333333333,608.8666666666667,634.7333333333333,644.8666666666667,637.0,619.0,635.55,624.6,626.8666666666667,619.9906666666667,615.7426666666667,633.7426666666667,637.9906666666667,590.8666666666667,662.8666666666667,Entry,Sell,618.5,608.8666666666667,622.2,9,25
2019-05-09 09:30:00,618.5,618.9,617.45,618.5,27015,2019-05-09,2019,616.7333333333333,608.8666666666667,634.7333333333333,644.8666666666667,637.0,619.0,635.55,624.6,626.8666666666667,619.9906666666667,615.7426666666667,633.7426666666667,637.9906666666667,590.8666666666667,662.8666666666667,,,0.0,0.0,0.0,9,30
2019-05-09 09:35:00,618.2,619.35,617.75,618.9,20526,2019-05-09,2019,616.7333333333333,608.8666666666667,634.7333333333333,644.8666666666667,637.0,619.0,635.55,624.6,626.8666666666667,619.9906666666667,615.7426666666667,633.7426666666667,637.9906666666667,590.8666666666667,662.8666666666667,,,0.0,0.0,0.0,9,35
2019-05-09 09:40:00,618.7,619.3,617.0,617.55,17830,2019-05-09,2019,616.7333333333333,608.8666666666667,634.7333333333333,644.8666666666667,637.0,619.0,635.55,624.6,626.8666666666667,619.9906666666667,615.7426666666667,633.7426666666667,637.9906666666667,590.8666666666667,662.8666666666667,,,0.0,0.0,0.0,9,40
2019-05-09 09:45:00,617.45,619.25,617.4,619.05,16939,2019-05-09,2019,616.7333333333333,608.8666666666667,634.7333333333333,644.8666666666667,637.0,619.0,635.55,624.6,626.8666666666667,619.9906666666667,615.7426666666667,633.7426666666667,637.9906666666667,590.8666666666667,662.8666666666667,,,0.0,0.0,0.0,9,45
2019-05-09 09:50:00,619.05,619.95,617.65,618.0,19263,2019-05-09,2019,616.7333333333333,608.8666666666667,634.7333333333333,644.8666666666667,637.0,619.0,635.55,624.6,626.8666666666667,619.9906666666667,615.7426666666667,633.7426666666667,637.9906666666667,590.8666666666667,662.8666666666667,,,0.0,0.0,0.0,9,50
2019-05-09 09:55:00,617.65,618.7,617.55,618.65,12304,2019-05-09,2019,616.7333333333333,608.8666666666667,634.7333333333333,644.8666666666667,637.0,619.0,635.55,624.6,626.8666666666667,619.9906666666667,615.7426666666667,633.7426666666667,637.9906666666667,590.8666666666667,662.8666666666667,,,0.0,0.0,0.0,9,55
2019-05-09 10:00:00,618.65,619.9,618.6,619.8,16122,2019-05-09,2019,616.7333333333333,608.8666666666667,634.7333333333333,644.8666666666667,637.0,619.0,635.55,624.6,626.8666666666667,619.9906666666667,615.7426666666667,633.7426666666667,637.9906666666667,590.8666666666667,662.8666666666667,,,0.0,0.0,0.0,10,0
2019-05-09 10:05:00,619.8,619.95,619.2,619.5,10212,2019-05-09,2019,616.7333333333333,608.8666666666667,634.7333333333333,644.8666666666667,637.0,619.0,635.55,624.6,626.8666666666667,619.9906666666667,615.7426666666667,633.7426666666667,637.9906666666667,590.8666666666667,662.8666666666667,,,0.0,0.0,0.0,10,5
2019-05-09 10:10:00,619.5,619.65,618.2,618.3,12934,2019-05-09,2019,616.7333333333333,608.8666666666667,634.7333333333333,644.8666666666667,637.0,619.0,635.55,624.6,626.8666666666667,619.9906666666667,615.7426666666667,633.7426666666667,637.9906666666667,590.8666666666667,662.8666666666667,,,0.0,0.0,0.0,10,10
2019-05-09 10:15:00,618.3,618.75,617.5,617.6,8478,2019-05-09,2019,616.7333333333333,608.8666666666667,634.7333333333333,644.8666666666667,637.0,619.0,635.55,624.6,626.8666666666667,619.9906666666667,615.7426666666667,633.7426666666667,637.9906666666667,590.8666666666667,662.8666666666667,,,0.0,0.0,0.0,10,15
2019-05-09 10:20:00,617.6,617.85,616.15,616.6,24854,2019-05-09,2019,616.7333333333333,608.8666666666667,634.7333333333333,644.8666666666667,637.0,619.0,635.55,624.6,626.8666666666667,619.9906666666667,615.7426666666667,633.7426666666667,637.9906666666667,590.8666666666667,662.8666666666667,,,0.0,0.0,0.0,10,20
2019-05-09 10:25:00,616.6,618.1,616.6,618.1,18115,2019-05-09,2019,616.7333333333333,608.8666666666667,634.7333333333333,644.8666666666667,637.0,619.0,635.55,624.6,626.8666666666667,619.9906666666667,615.7426666666667,633.7426666666667,637.9906666666667,590.8666666666667,662.8666666666667,,,0.0,0.0,0.0,10,25
2019-05-09 10:30:00,618.1,618.7,617.65,618.05,14827,2019-05-09,2019,616.7333333333333,608.8666666666667,634.7333333333333,644.8666666666667,637.0,619.0,635.55,624.6,626.8666666666667,619.9906666666667,615.7426666666667,633.7426666666667,637.9906666666667,590.8666666666667,662.8666666666667,,,0.0,0.0,0.0,10,30
2019-05-09 10:35:00,618.05,618.95,617.8,618.75,8279,2019-05-09,2019,616.7333333333333,608.8666666666667,634.7333333333333,644.8666666666667,637.0,619.0,635.55,624.6,626.8666666666667,619.9906666666667,615.7426666666667,633.7426666666667,637.9906666666667,590.8666666666667,662.8666666666667,,,0.0,0.0,0.0,10,35
2019-05-09 10:40:00,618.75,620.0,618.75,619.8,14910,2019-05-09,2019,616.7333333333333,608.8666666666667,634.7333333333333,644.8666666666667,637.0,619.0,635.55,624.6,626.8666666666667,619.9906666666667,615.7426666666667,633.7426666666667,637.9906666666667,590.8666666666667,662.8666666666667,,,0.0,0.0,0.0,10,40
2019-05-09 10:45:00,619.8,622.5,619.7,622.4,36175,2019-05-09,2019,616.7333333333333,608.8666666666667,634.7333333333333,644.8666666666667,637.0,619.0,635.55,624.6,626.8666666666667,619.9906666666667,615.7426666666667,633.7426666666667,637.9906666666667,590.8666666666667,662.8666666666667,Exit,Buy,622.2,626.6666666666667,616.15,10,45
2019-05-09 10:50:00,622.4,622.85,621.4,621.9,28666,2019-05-09,2019,616.7333333333333,608.8666666666667,634.7333333333333,644.8666666666667,637.0,619.0,635.55,624.6,626.8666666666667,619.9906666666667,615.7426666666667,633.7426666666667,637.9906666666667,590.8666666666667,662.8666666666667,,,0.0,0.0,0.0,10,50
2019-05-09 10:55:00,621.55,621.9,620.5,621.1,12466,2019-05-09,2019,616.7333333333333,608.8666666666667,634.7333333333333,644.8666666666667,637.0,619.0,635.55,624.6,626.8666666666667,619.9906666666667,615.7426666666667,633.7426666666667,637.9906666666667,590.8666666666667,662.8666666666667,,,0.0,0.0,0.0,10,55
2019-05-09 11:00:00,621.1,621.5,620.5,620.8,7702,2019-05-09,2019,616.7333333333333,608.8666666666667,634.7333333333333,644.8666666666667,637.0,619.0,635.55,624.6,626.8666666666667,619.9906666666667,615.7426666666667,633.7426666666667,637.9906666666667,590.8666666666667,662.8666666666667,,,0.0,0.0,0.0,11,0
2019-05-09 11:05:00,620.8,620.8,619.7,620.15,11413,2019-05-09,2019,616.7333333333333,608.8666666666667,634.7333333333333,644.8666666666667,637.0,619.0,635.55,624.6,626.8666666666667,619.9906666666667,615.7426666666667,633.7426666666667,637.9906666666667,590.8666666666667,662.8666666666667,,,0.0,0.0,0.0,11,5
2019-05-09 11:10:00,620.15,620.6,620.0,620.55,9685,2019-05-09,2019,616.7333333333333,608.8666666666667,634.7333333333333,644.8666666666667,637.0,619.0,635.55,624.6,626.8666666666667,619.9906666666667,615.7426666666667,633.7426666666667,637.9906666666667,590.8666666666667,662.8666666666667,,,0.0,0.0,0.0,11,10
2019-05-09 11:15:00,620.55,621.5,620.5,621.5,18811,2019-05-09,2019,616.7333333333333,608.8666666666667,634.7333333333333,644.8666666666667,637.0,619.0,635.55,624.6,626.8666666666667,619.9906666666667,615.7426666666667,633.7426666666667,637.9906666666667,590.8666666666667,662.8666666666667,,,0.0,0.0,0.0,11,15
2019-05-09 11:20:00,621.45,621.9,621.0,621.0,8307,2019-05-09,2019,616.7333333333333,608.8666666666667,634.7333333333333,644.8666666666667,637.0,619.0,635.55,624.6,626.8666666666667,619.9906666666667,615.7426666666667,633.7426666666667,637.9906666666667,590.8666666666667,662.8666666666667,,,0.0,0.0,0.0,11,20
2019-05-09 11:25:00,621.1,621.25,621.0,621.25,7056,2019-05-09,2019,616.7333333333333,608.8666666666667,634.7333333333333,644.8666666666667,637.0,619.0,635.55,624.6,626.8666666666667,619.9906666666667,615.7426666666667,633.7426666666667,637.9906666666667,590.8666666666667,662.8666666666667,,,0.0,0.0,0.0,11,25
2019-05-09 11:30:00,621.2,621.2,620.5,620.5,10692,2019-05-09,2019,616.7333333333333,608.8666666666667,634.7333333333333,644.8666666666667,637.0,619.0,635.55,624.6,626.8666666666667,619.9906666666667,615.7426666666667,633.7426666666667,637.9906666666667,590.8666666666667,662.8666666666667,,,0.0,0.0,0.0,11,30
2019-05-09 11:35:00,620.65,621.1,620.5,621.1,12002,2019-05-09,2019,616.7333333333333,608.8666666666667,634.7333333333333,644.8666666666667,637.0,619.0,635.55,624.6,626.8666666666667,619.9906666666667,615.7426666666667,633.7426666666667,637.9906666666667,590.8666666666667,662.8666666666667,,,0.0,0.0,0.0,11,35
2019-05-09 11:40:00,621.2,622.0,621.15,621.95,14295,2019-05-09,2019,616.7333333333333,608.8666666666667,634.7333333333333,644.8666666666667,637.0,619.0,635.55,624.6,626.8666666666667,619.9906666666667,615.7426666666667,633.7426666666667,637.9906666666667,590.8666666666667,662.8666666666667,,,0.0,0.0,0.0,11,40
2019-05-09 11:45:00,621.95,622.0,621.5,621.7,6567,2019-05-09,2019,616.7333333333333,608.8666666666667,634.7333333333333,644.8666666666667,637.0,619.0,635.55,624.6,626.8666666666667,619.9906666666667,615.7426666666667,633.7426666666667,637.9906666666667,590.8666666666667,662.8666666666667,,,0.0,0.0,0.0,11,45
2019-05-09 11:50:00,621.65,622.9,621.65,622.35,16485,2019-05-09,2019,616.7333333333333,608.8666666666667,634.7333333333333,644.8666666666667,637.0,619.0,635.55,624.6,626.8666666666667,619.9906666666667,615.7426666666667,633.7426666666667,637.9906666666667,590.8666666666667,662.8666666666667,,,0.0,0.0,0.0,11,50
2019-05-09 11:55:00,622.35,622.5,620.75,620.95,23595,2019-05-09,2019,616.7333333333333,608.8666666666667,634.7333333333333,644.8666666666667,637.0,619.0,635.55,624.6,626.8666666666667,619.9906666666667,615.7426666666667,633.7426666666667,637.9906666666667,590.8666666666667,662.8666666666667,,,0.0,0.0,0.0,11,55
2019-05-09 12:00:00,620.95,620.95,620.0,620.45,11196,2019-05-09,2019,616.7333333333333,608.8666666666667,634.7333333333333,644.8666666666667,637.0,619.0,635.55,624.6,626.8666666666667,619.9906666666667,615.7426666666667,633.7426666666667,637.9906666666667,590.8666666666667,662.8666666666667,,,0.0,0.0,0.0,12,0
2019-05-09 12:05:00,620.45,620.55,619.5,619.75,18894,2019-05-09,2019,616.7333333333333,608.8666666666667,634.7333333333333,644.8666666666667,637.0,619.0,635.55,624.6,626.8666666666667,619.9906666666667,615.7426666666667,633.7426666666667,637.9906666666667,590.8666666666667,662.8666666666667,,,0.0,0.0,0.0,12,5
2019-05-09 12:10:00,619.75,619.95,619.0,619.3,10170,2019-05-09,2019,616.7333333333333,608.8666666666667,634.7333333333333,644.8666666666667,637.0,619.0,635.55,624.6,626.8666666666667,619.9906666666667,615.7426666666667,633.7426666666667,637.9906666666667,590.8666666666667,662.8666666666667,,,0.0,0.0,0.0,12,10
2019-05-09 12:15:00,619.3,619.3,618.15,619.3,10476,2019-05-09,2019,616.7333333333333,608.8666666666667,634.7333333333333,644.8666666666667,637.0,619.0,635.55,624.6,626.8666666666667,619.9906666666667,615.7426666666667,633.7426666666667,637.9906666666667,590.8666666666667,662.8666666666667,,,0.0,0.0,0.0,12,15
2019-05-09 12:20:00,619.3,619.75,619.0,619.7,8632,2019-05-09,2019,616.7333333333333,608.8666666666667,634.7333333333333,644.8666666666667,637.0,619.0,635.55,624.6,626.8666666666667,619.9906666666667,615.7426666666667,633.7426666666667,637.9906666666667,590.8666666666667,662.8666666666667,,,0.0,0.0,0.0,12,20
2019-05-09 12:25:00,619.7,620.45,619.7,620.4,9946,2019-05-09,2019,616.7333333333333,608.8666666666667,634.7333333333333,644.8666666666667,637.0,619.0,635.55,624.6,626.8666666666667,619.9906666666667,615.7426666666667,633.7426666666667,637.9906666666667,590.8666666666667,662.8666666666667,,,0.0,0.0,0.0,12,25
2019-05-09 12:30:00,620.4,620.55,620.3,620.35,4041,2019-05-09,2019,616.7333333333333,608.8666666666667,634.7333333333333,644.8666666666667,637.0,619.0,635.55,624.6,626.8666666666667,619.9906666666667,615.7426666666667,633.7426666666667,637.9906666666667,590.8666666666667,662.8666666666667,,,0.0,0.0,0.0,12,30
2019-05-09 12:35:00,620.3,620.35,620.0,620.15,5704,2019-05-09,2019,616.7333333333333,608.8666666666667,634.7333333333333,644.8666666666667,637.0,619.0,635.55,624.6,626.8666666666667,619.9906666666667,615.7426666666667,633.7426666666667,637.9906666666667,590.8666666666667,662.8666666666667,,,0.0,0.0,0.0,12,35
2019-05-09 12:40:00,620.1,621.75,620.1,621.0,15949,2019-05-09,2019,616.7333333333333,608.8666666666667,634.7333333333333,644.8666666666667,637.0,619.0,635.55,624.6,626.8666666666667,619.9906666666667,615.7426666666667,633.7426666666667,637.9906666666667,590.8666666666667,662.8666666666667,,,0.0,0.0,0.0,12,40
2019-05-09 12:45:00,621.0,621.2,620.9,621.1,7042,2019-05-09,2019,616.7333333333333,608.8666666666667,634.7333333333333,644.8666666666667,637.0,619.0,635.55,624.6,626.8666666666667,619.9906666666667,615.7426666666667,633.7426666666667,637.9906666666667,590.8666666666667,662.8666666666667,,,0.0,0.0,0.0,12,45
2019-05-09 12:50:00,621.1,621.2,621.0,621.1,5349,2019-05-09,2019,616.7333333333333,608.8666666666667,634.7333333333333,644.8666666666667,637.0,619.0,635.55,624.6,626.8666666666667,619.9906666666667,615.7426666666667,633.7426666666667,637.9906666666667,590.8666666666667,662.8666666666667,,,0.0,0.0,0.0,12,50
2019-05-09 12:55:00,621.1,621.15,620.95,620.95,11578,2019-05-09,2019,616.7333333333333,608.8666666666667,634.7333333333333,644.8666666666667,637.0,619.0,635.55,624.6,626.8666666666667,619.9906666666667,615.7426666666667,633.7426666666667,637.9906666666667,590.8666666666667,662.8666666666667,,,0.0,0.0,0.0,12,55
2019-05-09 13:00:00,621.0,621.0,619.5,619.55,10461,2019-05-09,2019,616.7333333333333,608.8666666666667,634.7333333333333,644.8666666666667,637.0,619.0,635.55,624.6,626.8666666666667,619.9906666666667,615.7426666666667,633.7426666666667,637.9906666666667,590.8666666666667,662.8666666666667,,,0.0,0.0,0.0,13,0
2019-05-09 13:05:00,619.55,620.6,619.5,620.1,24844,2019-05-09,2019,616.7333333333333,608.8666666666667,634.7333333333333,644.8666666666667,637.0,619.0,635.55,624.6,626.8666666666667,619.9906666666667,615.7426666666667,633.7426666666667,637.9906666666667,590.8666666666667,662.8666666666667,,,0.0,0.0,0.0,13,5
2019-05-09 13:10:00,620.1,621.05,620.0,621.0,22783,2019-05-09,2019,616.7333333333333,608.8666666666667,634.7333333333333,644.8666666666667,637.0,619.0,635.55,624.6,626.8666666666667,619.9906666666667,615.7426666666667,633.7426666666667,637.9906666666667,590.8666666666667,662.8666666666667,,,0.0,0.0,0.0,13,10
2019-05-09 13:15:00,621.0,621.05,620.55,621.05,9829,2019-05-09,2019,616.7333333333333,608.8666666666667,634.7333333333333,644.8666666666667,637.0,619.0,635.55,624.6,626.8666666666667,619.9906666666667,615.7426666666667,633.7426666666667,637.9906666666667,590.8666666666667,662.8666666666667,,,0.0,0.0,0.0,13,15
2019-05-09 13:20:00,621.0,621.2,619.85,620.9,43920,2019-05-09,2019,616.7333333333333,608.8666666666667,634.7333333333333,644.8666666666667,637.0,619.0,635.55,624.6,626.8666666666667,619.9906666666667,615.7426666666667,633.7426666666667,637.9906666666667,590.8666666666667,662.8666666666667,,,0.0,0.0,0.0,13,20
2019-05-09 13:25:00,620.9,621.15,620.5,621.1,8658,2019-05-09,2019,616.7333333333333,608.8666666666667,634.7333333333333,644.8666666666667,637.0,619.0,635.55,624.6,626.8666666666667,619.9906666666667,615.7426666666667,633.7426666666667,637.9906666666667,590.8666666666667,662.8666666666667,,,0.0,0.0,0.0,13,25
2019-05-09 13:30:00,620.95,621.5,620.9,621.25,12173,2019-05-09,2019,616.7333333333333,608.8666666666667,634.7333333333333,644.8666666666667,637.0,619.0,635.55,624.6,626.8666666666667,619.9906666666667,615.7426666666667,633.7426666666667,637.9906666666667,590.8666666666667,662.8666666666667,,,0.0,0.0,0.0,13,30
2019-05-09 13:35:00,621.25,621.25,619.75,619.9,11544,2019-05-09,2019,616.7333333333333,608.8666666666667,634.7333333333333,644.8666666666667,637.0,619.0,635.55,624.6,626.8666666666667,619.9906666666667,615.7426666666667,633.7426666666667,637.9906666666667,590.8666666666667,662.8666666666667,,,0.0,0.0,0.0,13,35
2019-05-09 13:40:00,619.9,619.9,619.5,619.75,10860,2019-05-09,2019,616.7333333333333,608.8666666666667,634.7333333333333,644.8666666666667,637.0,619.0,635.55,624.6,626.8666666666667,619.9906666666667,615.7426666666667,633.7426666666667,637.9906666666667,590.8666666666667,662.8666666666667,,,0.0,0.0,0.0,13,40
2019-05-09 13:45:00,619.75,621.0,619.5,621.0,15976,2019-05-09,2019,616.7333333333333,608.8666666666667,634.7333333333333,644.8666666666667,637.0,619.0,635.55,624.6,626.8666666666667,619.9906666666667,615.7426666666667,633.7426666666667,637.9906666666667,590.8666666666667,662.8666666666667,,,0.0,0.0,0.0,13,45
2019-05-09 13:50:00,621.0,621.15,620.6,621.15,21511,2019-05-09,2019,616.7333333333333,608.8666666666667,634.7333333333333,644.8666666666667,637.0,619.0,635.55,624.6,626.8666666666667,619.9906666666667,615.7426666666667,633.7426666666667,637.9906666666667,590.8666666666667,662.8666666666667,,,0.0,0.0,0.0,13,50
2019-05-09 13:55:00,621.15,621.45,621.0,621.25,6460,2019-05-09,2019,616.7333333333333,608.8666666666667,634.7333333333333,644.8666666666667,637.0,619.0,635.55,624.6,626.8666666666667,619.9906666666667,615.7426666666667,633.7426666666667,637.9906666666667,590.8666666666667,662.8666666666667,,,0.0,0.0,0.0,13,55
2019-05-09 14:00:00,621.3,621.4,621.0,621.05,7255,2019-05-09,2019,616.7333333333333,608.8666666666667,634.7333333333333,644.8666666666667,637.0,619.0,635.55,624.6,626.8666666666667,619.9906666666667,615.7426666666667,633.7426666666667,637.9906666666667,590.8666666666667,662.8666666666667,,,0.0,0.0,0.0,14,0
2019-05-09 14:05:00,621.05,621.2,621.0,621.05,4646,2019-05-09,2019,616.7333333333333,608.8666666666667,634.7333333333333,644.8666666666667,637.0,619.0,635.55,624.6,626.8666666666667,619.9906666666667,615.7426666666667,633.7426666666667,637.9906666666667,590.8666666666667,662.8666666666667,,,0.0,0.0,0.0,14,5
2019-05-09 14:10:00,621.05,621.85,621.0,621.8,13085,2019-05-09,2019,616.7333333333333,608.8666666666667,634.7333333333333,644.8666666666667,637.0,619.0,635.55,624.6,626.8666666666667,619.9906666666667,615.7426666666667,633.7426666666667,637.9906666666667,590.8666666666667,662.8666666666667,,,0.0,0.0,0.0,14,10
2019-05-09 14:15:00,621.8,623.15,621.5,623.1,21945,2019-05-09,2019,616.7333333333333,608.8666666666667,634.7333333333333,644.8666666666667,637.0,619.0,635.55,624.6,626.8666666666667,619.9906666666667,615.7426666666667,633.7426666666667,637.9906666666667,590.8666666666667,662.8666666666667,,,0.0,0.0,0.0,14,15
2019-05-09 14:20:00,623.05,624.0,622.8,623.6,38537,2019-05-09,2019,616.7333333333333,608.8666666666667,634.7333333333333,644.8666666666667,637.0,619.0,635.55,624.6,626.8666666666667,619.9906666666667,615.7426666666667,633.7426666666667,637.9906666666667,590.8666666666667,662.8666666666667,,,0.0,0.0,0.0,14,20
2019-05-09 14:25:00,623.6,624.0,622.0,623.9,33514,2019-05-09,2019,616.7333333333333,608.8666666666667,634.7333333333333,644.8666666666667,637.0,619.0,635.55,624.6,626.8666666666667,619.9906666666667,615.7426666666667,633.7426666666667,637.9906666666667,590.8666666666667,662.8666666666667,,,0.0,0.0,0.0,14,25
2019-05-09 14:30:00,624.0,626.5,623.8,625.4,51284,2019-05-09,2019,616.7333333333333,608.8666666666667,634.7333333333333,644.8666666666667,637.0,619.0,635.55,624.6,626.8666666666667,619.9906666666667,615.7426666666667,633.7426666666667,637.9906666666667,590.8666666666667,662.8666666666667,,,0.0,0.0,0.0,14,30
2019-05-09 14:35:00,625.35,625.55,624.05,624.9,23090,2019-05-09,2019,616.7333333333333,608.8666666666667,634.7333333333333,644.8666666666667,637.0,619.0,635.55,624.6,626.8666666666667,619.9906666666667,615.7426666666667,633.7426666666667,637.9906666666667,590.8666666666667,662.8666666666667,Exit,Sell,624.6888,619.7794666666667,626.5,14,35
2019-05-09 14:40:00,624.9,627.95,624.7,627.45,35789,2019-05-09,2019,616.7333333333333,608.8666666666667,634.7333333333333,644.8666666666667,637.0,619.0,635.55,624.6,626.8666666666667,619.9906666666667,615.7426666666667,633.7426666666667,637.9906666666667,590.8666666666667,662.8666666666667,Exit,Buy,626.5,632.7926666666666,616.15,14,40
2019-05-09 14:45:00,627.45,627.9,624.5,624.75,29564,2019-05-09,2019,616.7333333333333,608.8666666666667,634.7333333333333,644.8666666666667,637.0,619.0,635.55,624.6,626.8666666666667,619.9906666666667,615.7426666666667,633.7426666666667,637.9906666666667,590.8666666666667,662.8666666666667,,,0.0,0.0,0.0,14,45
2019-05-09 14:50:00,624.75,625.95,624.55,625.2,21472,2019-05-09,2019,616.7333333333333,608.8666666666667,634.7333333333333,644.8666666666667,637.0,619.0,635.55,624.6,626.8666666666667,619.9906666666667,615.7426666666667,633.7426666666667,637.9906666666667,590.8666666666667,662.8666666666667,,,0.0,0.0,0.0,14,50
2019-05-09 14:55:00,625.2,626.45,625.0,625.75,17856,2019-05-09,2019,616.7333333333333,608.8666666666667,634.7333333333333,644.8666666666667,637.0,619.0,635.55,624.6,626.8666666666667,619.9906666666667,615.7426666666667,633.7426666666667,637.9906666666667,590.8666666666667,662.8666666666667,,,0.0,0.0,0.0,14,55
2019-05-09 15:00:00,625.75,625.85,624.1,624.95,20567,2019-05-09,2019,616.7333333333333,608.8666666666667,634.7333333333333,644.8666666666667,637.0,619.0,635.55,624.6,626.8666666666667,619.9906666666667,615.7426666666667,633.7426666666667,637.9906666666667,590.8666666666667,662.8666666666667,,,0.0,0.0,0.0,15,0
2019-05-09 15:05:00,624.95,625.15,624.3,624.95,22021,2019-05-09,2019,616.7333333333333,608.8666666666667,634.7333333333333,644.8666666666667,637.0,619.0,635.55,624.6,626.8666666666667,619.9906666666667,615.7426666666667,633.7426666666667,637.9906666666667,590.8666666666667,662.8666666666667,,,0.0,0.0,0.0,15,5
2019-05-09 15:10:00,624.9,625.45,624.45,625.25,27217,2019-05-09,2019,616.7333333333333,608.8666666666667,634.7333333333333,644.8666666666667,637.0,619.0,635.55,624.6,626.8666666666667,619.9906666666667,615.7426666666667,633.7426666666667,637.9906666666667,590.8666666666667,662.8666666666667,,,0.0,0.0,0.0,15,10
2019-05-09 15:15:00,625.3,626.5,625.0,626.5,46583,2019-05-09,2019,616.7333333333333,608.8666666666667,634.7333333333333,644.8666666666667,637.0,619.0,635.55,624.6,626.8666666666667,619.9906666666667,615.7426666666667,633.7426666666667,637.9906666666667,590.8666666666667,662.8666666666667,,,0.0,0.0,0.0,15,15
2019-05-09 15:20:00,626.5,627.0,625.6,626.95,23962,2019-05-09,2019,616.7333333333333,608.8666666666667,634.7333333333333,644.8666666666667,637.0,619.0,635.55,624.6,626.8666666666667,619.9906666666667,615.7426666666667,633.7426666666667,637.9906666666667,590.8666666666667,662.8666666666667,Exit,Sell,626.95,0.0,0.0,15,20
2019-05-09 15:25:00,627.0,627.0,625.0,625.8,22291,2019-05-09,2019,616.7333333333333,608.8666666666667,634.7333333333333,644.8666666666667,637.0,619.0,635.55,624.6,626.8666666666667,619.9906666666667,615.7426666666667,633.7426666666667,637.9906666666667,590.8666666666667,662.8666666666667,,,0.0,0.0,0.0,15,25
2019-05-10 09:15:00,626.25,630.5,626.25,630.3,35783,2019-05-10,2019,618.6499999999999,611.4999999999999,630.4499999999999,635.1,627.95,616.15,620.9,625.8,623.3,618.7923999999999,616.0075999999999,627.8076,630.5924,599.6999999999998,646.9000000000001,,,0.0,0.0,0.0,9,15
2019-05-10 09:20:00,630.3,631.85,629.55,631.85,47665,2019-05-10,2019,618.6499999999999,611.4999999999999,630.4499999999999,635.1,627.95,616.15,620.9,625.8,623.3,618.7923999999999,616.0075999999999,627.8076,630.5924,599.6999999999998,646.9000000000001,Entry,Buy,630.5,633.75,626.25,9,20
2019-05-10 09:25:00,631.5,631.65,628.0,628.45,30020,2019-05-10,2019,618.6499999999999,611.4999999999999,630.4499999999999,635.1,627.95,616.15,620.9,625.8,623.3,618.7923999999999,616.0075999999999,627.8076,630.5924,599.6999999999998,646.9000000000001,,,0.0,0.0,0.0,9,25
2019-05-10 09:30:00,628.6,629.4,627.2,629.1,21994,2019-05-10,2019,618.6499999999999,611.4999999999999,630.4499999999999,635.1,627.95,616.15,620.9,625.8,623.3,618.7923999999999,616.0075999999999,627.8076,630.5924,599.6999999999998,646.9000000000001,,,0.0,0.0,0.0,9,30
2019-05-10 09:35:00,629.1,629.1,626.4,626.85,31639,2019-05-10,2019,618.6499999999999,611.4999999999999,630.4499999999999,635.1,627.95,616.15,620.9,625.8,623.3,618.7923999999999,616.0075999999999,627.8076,630.5924,599.6999999999998,646.9000000000001,,,0.0,0.0,0.0,9,35
2019-05-10 09:40:00,626.85,627.6,624.75,626.0,32361,2019-05-10,2019,618.6499999999999,611.4999999999999,630.4499999999999,635.1,627.95,616.15,620.9,625.8,623.3,618.7923999999999,616.0075999999999,627.8076,630.5924,599.6999999999998,646.9000000000001,Exit,Sell,626.25,619.0423999999999,631.85,9,40
2019-05-10 09:45:00,626.0,626.0,625.0,625.2,8433,2019-05-10,2019,618.6499999999999,611.4999999999999,630.4499999999999,635.1,627.95,616.15,620.9,625.8,623.3,618.7923999999999,616.0075999999999,627.8076,630.5924,599.6999999999998,646.9000000000001,,,0.0,0.0,0.0,9,45
2019-05-10 09:50:00,624.65,625.7,624.55,624.95,33690,2019-05-10,2019,618.6499999999999,611.4999999999999,630.4499999999999,635.1,627.95,616.15,620.9,625.8,623.3,618.7923999999999,616.0075999999999,627.8076,630.5924,599.6999999999998,646.9000000000001,,,0.0,0.0,0.0,9,50
2019-05-10 09:55:00,625.45,625.45,623.1,623.7,32764,2019-05-10,2019,618.6499999999999,611.4999999999999,630.4499999999999,635.1,627.95,616.15,620.9,625.8,623.3,618.7923999999999,616.0075999999999,627.8076,630.5924,599.6999999999998,646.9000000000001,,,0.0,0.0,0.0,9,55
2019-05-10 10:00:00,623.7,624.7,621.75,622.1,34344,2019-05-10,2019,618.6499999999999,611.4999999999999,630.4499999999999,635.1,627.95,616.15,620.9,625.8,623.3,618.7923999999999,616.0075999999999,627.8076,630.5924,599.6999999999998,646.9000000000001,Exit,Buy,623.745,629.4526,623.1,10,0
2019-05-10 10:05:00,622.3,622.45,620.75,621.1,29761,2019-05-10,2019,618.6499999999999,611.4999999999999,630.4499999999999,635.1,627.95,616.15,620.9,625.8,623.3,618.7923999999999,616.0075999999999,627.8076,630.5924,599.6999999999998,646.9000000000001,Exit,Sell,623.1,618.0075999999999,631.85,10,5
2019-05-10 10:10:00,621.1,622.9,621.0,622.4,24885,2019-05-10,2019,618.6499999999999,611.4999999999999,630.4499999999999,635.1,627.95,616.15,620.9,625.8,623.3,618.7923999999999,616.0075999999999,627.8076,630.5924,599.6999999999998,646.9000000000001,,,0.0,0.0,0.0,10,10
2019-05-10 10:15:00,622.4,623.25,621.75,621.75,14471,2019-05-10,2019,618.6499999999999,611.4999999999999,630.4499999999999,635.1,627.95,616.15,620.9,625.8,623.3,618.7923999999999,616.0075999999999,627.8076,630.5924,599.6999999999998,646.9000000000001,,,0.0,0.0,0.0,10,15
2019-05-10 10:20:00,621.55,621.9,620.5,621.65,17224,2019-05-10,2019,618.6499999999999,611.4999999999999,630.4499999999999,635.1,627.95,616.15,620.9,625.8,623.3,618.7923999999999,616.0075999999999,627.8076,630.5924,599.6999999999998,646.9000000000001,,,0.0,0.0,0.0,10,20
2019-05-10 10:25:00,621.65,622.35,621.1,621.1,18637,2019-05-10,2019,618.6499999999999,611.4999999999999,630.4499999999999,635.1,627.95,616.15,620.9,625.8,623.3,618.7923999999999,616.0075999999999,627.8076,630.5924,599.6999999999998,646.9000000000001,,,0.0,0.0,0.0,10,25
2019-05-10 10:30:00,621.3,621.35,619.0,619.9,39119,2019-05-10,2019,618.6499999999999,611.4999999999999,630.4499999999999,635.1,627.95,616.15,620.9,625.8,623.3,618.7923999999999,616.0075999999999,627.8076,630.5924,599.6999999999998,646.9000000000001,,,0.0,0.0,0.0,10,30
2019-05-10 10:35:00,619.9,620.85,619.65,620.85,11667,2019-05-10,2019,618.6499999999999,611.4999999999999,630.4499999999999,635.1,627.95,616.15,620.9,625.8,623.3,618.7923999999999,616.0075999999999,627.8076,630.5924,599.6999999999998,646.9000000000001,Exit,Buy,620.6076,627.5652,619.0,10,35
2019-05-10 10:40:00,620.85,620.85,619.6,619.8,12110,2019-05-10,2019,618.6499999999999,611.4999999999999,630.4499999999999,635.1,627.95,616.15,620.9,625.8,623.3,618.7923999999999,616.0075999999999,627.8076,630.5924,599.6999999999998,646.9000000000001,,,0.0,0.0,0.0,10,40
2019-05-10 10:45:00,619.8,620.0,619.0,619.9,15842,2019-05-10,2019,618.6499999999999,611.4999999999999,630.4499999999999,635.1,627.95,616.15,620.9,625.8,623.3,618.7923999999999,616.0075999999999,627.8076,630.5924,599.6999999999998,646.9000000000001,Exit,Sell,619.0,615.1075999999999,631.85,10,45
2019-05-10 10:50:00,619.9,620.0,619.65,619.9,19467,2019-05-10,2019,618.6499999999999,611.4999999999999,630.4499999999999,635.1,627.95,616.15,620.9,625.8,623.3,618.7923999999999,616.0075999999999,627.8076,630.5924,599.6999999999998,646.9000000000001,,,0.0,0.0,0.0,10,50
2019-05-10 10:55:00,619.9,620.15,619.8,620.05,17512,2019-05-10,2019,618.6499999999999,611.4999999999999,630.4499999999999,635.1,627.95,616.15,620.9,625.8,623.3,618.7923999999999,616.0075999999999,627.8076,630.5924,599.6999999999998,646.9000000000001,,,0.0,0.0,0.0,10,55
2019-05-10 11:00:00,620.05,621.2,620.05,620.5,13994,2019-05-10,2019,618.6499999999999,611.4999999999999,630.4499999999999,635.1,627.95,616.15,620.9,625.8,623.3,618.7923999999999,616.0075999999999,627.8076,630.5924,599.6999999999998,646.9000000000001,,,0.0,0.0,0.0,11,0
2019-05-10 11:05:00,620.55,622.25,620.5,621.95,23019,2019-05-10,2019,618.6499999999999,611.4999999999999,630.4499999999999,635.1,627.95,616.15,620.9,625.8,623.3,618.7923999999999,616.0075999999999,627.8076,630.5924,599.6999999999998,646.9000000000001,,,0.0,0.0,0.0,11,5
2019-05-10 11:10:00,621.95,622.5,621.0,621.5,19765,2019-05-10,2019,618.6499999999999,611.4999999999999,630.4499999999999,635.1,627.95,616.15,620.9,625.8,623.3,618.7923999999999,616.0075999999999,627.8076,630.5924,599.6999999999998,646.9000000000001,,,0.0,0.0,0.0,11,10
2019-05-10 11:15:00,621.6,622.2,621.2,622.0,26678,2019-05-10,2019,618.6499999999999,611.4999999999999,630.4499999999999,635.1,627.95,616.15,620.9,625.8,623.3,618.7923999999999,616.0075999999999,627.8076,630.5924,599.6999999999998,646.9000000000001,,,0.0,0.0,0.0,11,15
2019-05-10 11:20:00,622.0,622.1,620.5,620.95,18424,2019-05-10,2019,618.6499999999999,611.4999999999999,630.4499999999999,635.1,627.95,616.15,620.9,625.8,623.3,618.7923999999999,616.0075999999999,627.8076,630.5924,599.6999999999998,646.9000000000001,,,0.0,0.0,0.0,11,20
2019-05-10 11:25:00,621.1,621.15,620.5,620.95,6067,2019-05-10,2019,618.6499999999999,611.4999999999999,630.4499999999999,635.1,627.95,616.15,620.9,625.8,623.3,618.7923999999999,616.0075999999999,627.8076,630.5924,599.6999999999998,646.9000000000001,,,0.0,0.0,0.0,11,25
2019-05-10 11:30:00,620.95,620.95,620.0,620.0,14756,2019-05-10,2019,618.6499999999999,611.4999999999999,630.4499999999999,635.1,627.95,616.15,620.9,625.8,623.3,618.7923999999999,616.0075999999999,627.8076,630.5924,599.6999999999998,646.9000000000001,,,0.0,0.0,0.0,11,30
2019-05-10 11:35:00,619.95,620.05,619.5,619.9,17444,2019-05-10,2019,618.6499999999999,611.4999999999999,630.4499999999999,635.1,627.95,616.15,620.9,625.8,623.3,618.7923999999999,616.0075999999999,627.8076,630.5924,599.6999999999998,646.9000000000001,,,0.0,0.0,0.0,11,35
2019-05-10 11:40:00,619.85,620.0,619.45,619.8,8471,2019-05-10,2019,618.6499999999999,611.4999999999999,630.4499999999999,635.1,627.95,616.15,620.9,625.8,623.3,618.7923999999999,616.0075999999999,627.8076,630.5924,599.6999999999998,646.9000000000001,,,0.0,0.0,0.0,11,40
2019-05-10 11:45:00,619.8,620.75,619.5,620.5,15090,2019-05-10,2019,618.6499999999999,611.4999999999999,630.4499999999999,635.1,627.95,616.15,620.9,625.8,623.3,618.7923999999999,616.0075999999999,627.8076,630.5924,599.6999999999998,646.9000000000001,,,0.0,0.0,0.0,11,45
2019-05-10 11:50:00,620.5,621.2,620.4,620.95,12177,2019-05-10,2019,618.6499999999999,611.4999999999999,630.4499999999999,635.1,627.95,616.15,620.9,625.8,623.3,618.7923999999999,616.0075999999999,627.8076,630.5924,599.6999999999998,646.9000000000001,,,0.0,0.0,0.0,11,50
2019-05-10 11:55:00,620.9,622.45,620.5,621.1,81107,2019-05-10,2019,618.6499999999999,611.4999999999999,630.4499999999999,635.1,627.95,616.15,620.9,625.8,623.3,618.7923999999999,616.0075999999999,627.8076,630.5924,599.6999999999998,646.9000000000001,,,0.0,0.0,0.0,11,55
2019-05-10 12:00:00,621.1,622.05,620.5,620.9,88286,2019-05-10,2019,618.6499999999999,611.4999999999999,630.4499999999999,635.1,627.95,616.15,620.9,625.8,623.3,618.7923999999999,616.0075999999999,627.8076,630.5924,599.6999999999998,646.9000000000001,,,0.0,0.0,0.0,12,0
2019-05-10 12:05:00,620.9,620.9,619.5,620.0,22749,2019-05-10,2019,618.6499999999999,611.4999999999999,630.4499999999999,635.1,627.95,616.15,620.9,625.8,623.3,618.7923999999999,616.0075999999999,627.8076,630.5924,599.6999999999998,646.9000000000001,,,0.0,0.0,0.0,12,5
2019-05-10 12:10:00,620.05,621.1,620.05,621.0,12544,2019-05-10,2019,618.6499999999999,611.4999999999999,630.4499999999999,635.1,627.95,616.15,620.9,625.8,623.3,618.7923999999999,616.0075999999999,627.8076,630.5924,599.6999999999998,646.9000000000001,,,0.0,0.0,0.0,12,10
2019-05-10 12:15:00,621.0,621.15,620.85,621.05,8686,2019-05-10,2019,618.6499999999999,611.4999999999999,630.4499999999999,635.1,627.95,616.15,620.9,625.8,623.3,618.7923999999999,616.0075999999999,627.8076,630.5924,599.6999999999998,646.9000000000001,,,0.0,0.0,0.0,12,15
2019-05-10 12:20:00,621.0,622.15,620.95,622.15,23580,2019-05-10,2019,618.6499999999999,611.4999999999999,630.4499999999999,635.1,627.95,616.15,620.9,625.8,623.3,618.7923999999999,616.0075999999999,627.8076,630.5924,599.6999999999998,646.9000000000001,,,0.0,0.0,0.0,12,20
2019-05-10 12:25:00,622.15,622.45,621.95,622.15,21606,2019-05-10,2019,618.6499999999999,611.4999999999999,630.4499999999999,635.1,627.95,616.15,620.9,625.8,623.3,618.7923999999999,616.0075999999999,627.8076,630.5924,599.6999999999998,646.9000000000001,,,0.0,0.0,0.0,12,25
2019-05-10 12:30:00,622.15,622.7,622.0,622.1,12913,2019-05-10,2019,618.6499999999999,611.4999999999999,630.4499999999999,635.1,627.95,616.15,620.9,625.8,623.3,618.7923999999999,616.0075999999999,627.8076,630.5924,599.6999999999998,646.9000000000001,,,0.0,0.0,0.0,12,30
2019-05-10 12:35:00,622.05,622.2,622.0,622.05,8948,2019-05-10,2019,618.6499999999999,611.4999999999999,630.4499999999999,635.1,627.95,616.15,620.9,625.8,623.3,618.7923999999999,616.0075999999999,627.8076,630.5924,599.6999999999998,646.9000000000001,,,0.0,0.0,0.0,12,35
2019-05-10 12:40:00,622.05,622.15,621.0,621.0,22816,2019-05-10,2019,618.6499999999999,611.4999999999999,630.4499999999999,635.1,627.95,616.15,620.9,625.8,623.3,618.7923999999999,616.0075999999999,627.8076,630.5924,599.6999999999998,646.9000000000001,,,0.0,0.0,0.0,12,40
2019-05-10 12:45:00,621.0,621.2,620.55,621.05,22312,2019-05-10,2019,618.6499999999999,611.4999999999999,630.4499999999999,635.1,627.95,616.15,620.9,625.8,623.3,618.7923999999999,616.0075999999999,627.8076,630.5924,599.6999999999998,646.9000000000001,,,0.0,0.0,0.0,12,45
2019-05-10 12:50:00,621.05,621.15,620.1,620.25,10711,2019-05-10,2019,618.6499999999999,611.4999999999999,630.4499999999999,635.1,627.95,616.15,620.9,625.8,623.3,618.7923999999999,616.0075999999999,627.8076,630.5924,599.6999999999998,646.9000000000001,,,0.0,0.0,0.0,12,50
2019-05-10 12:55:00,620.1,621.25,620.0,621.05,15463,2019-05-10,2019,618.6499999999999,611.4999999999999,630.4499999999999,635.1,627.95,616.15,620.9,625.8,623.3,618.7923999999999,616.0075999999999,627.8076,630.5924,599.6999999999998,646.9000000000001,,,0.0,0.0,0.0,12,55
2019-05-10 13:00:00,621.1,621.2,620.7,621.1,9839,2019-05-10,2019,618.6499999999999,611.4999999999999,630.4499999999999,635.1,627.95,616.15,620.9,625.8,623.3,618.7923999999999,616.0075999999999,627.8076,630.5924,599.6999999999998,646.9000000000001,,,0.0,0.0,0.0,13,0
2019-05-10 13:05:00,621.0,621.1,620.75,621.0,9568,2019-05-10,2019,618.6499999999999,611.4999999999999,630.4499999999999,635.1,627.95,616.15,620.9,625.8,623.3,618.7923999999999,616.0075999999999,627.8076,630.5924,599.6999999999998,646.9000000000001,,,0.0,0.0,0.0,13,5
2019-05-10 13:10:00,621.05,623.3,620.9,622.95,43920,2019-05-10,2019,618.6499999999999,611.4999999999999,630.4499999999999,635.1,627.95,616.15,620.9,625.8,623.3,618.7923999999999,616.0075999999999,627.8076,630.5924,599.6999999999998,646.9000000000001,,,0.0,0.0,0.0,13,10
2019-05-10 13:15:00,622.95,622.95,622.05,622.5,13805,2019-05-10,2019,618.6499999999999,611.4999999999999,630.4499999999999,635.1,627.95,616.15,620.9,625.8,623.3,618.7923999999999,616.0075999999999,627.8076,630.5924,599.6999999999998,646.9000000000001,,,0.0,0.0,0.0,13,15
2019-05-10 13:20:00,622.45,622.7,622.35,622.35,13391,2019-05-10,2019,618.6499999999999,611.4999999999999,630.4499999999999,635.1,627.95,616.15,620.9,625.8,623.3,618.7923999999999,616.0075999999999,627.8076,630.5924,599.6999999999998,646.9000000000001,,,0.0,0.0,0.0,13,20
2019-05-10 13:25:00,622.5,622.5,621.0,621.0,19681,2019-05-10,2019,618.6499999999999,611.4999999999999,630.4499999999999,635.1,627.95,616.15,620.9,625.8,623.3,618.7923999999999,616.0075999999999,627.8076,630.5924,599.6999999999998,646.9000000000001,,,0.0,0.0,0.0,13,25
2019-05-10 13:30:00,621.0,621.25,620.9,621.05,22653,2019-05-10,2019,618.6499999999999,611.4999999999999,630.4499999999999,635.1,627.95,616.15,620.9,625.8,623.3,618.7923999999999,616.0075999999999,627.8076,630.5924,599.6999999999998,646.9000000000001,,,0.0,0.0,0.0,13,30
2019-05-10 13:35:00,621.0,621.25,621.0,621.15,14400,2019-05-10,2019,618.6499999999999,611.4999999999999,630.4499999999999,635.1,627.95,616.15,620.9,625.8,623.3,618.7923999999999,616.0075999999999,627.8076,630.5924,599.6999999999998,646.9000000000001,,,0.0,0.0,0.0,13,35
2019-05-10 13:40:00,621.1,621.55,621.0,621.55,11679,2019-05-10,2019,618.6499999999999,611.4999999999999,630.4499999999999,635.1,627.95,616.15,620.9,625.8,623.3,618.7923999999999,616.0075999999999,627.8076,630.5924,599.6999999999998,646.9000000000001,,,0.0,0.0,0.0,13,40
2019-05-10 13:45:00,621.6,622.05,621.05,621.3,8808,2019-05-10,2019,618.6499999999999,611.4999999999999,630.4499999999999,635.1,627.95,616.15,620.9,625.8,623.3,618.7923999999999,616.0075999999999,627.8076,630.5924,599.6999999999998,646.9000000000001,,,0.0,0.0,0.0,13,45
2019-05-10 13:50:00,621.3,621.5,621.1,621.5,6914,2019-05-10,2019,618.6499999999999,611.4999999999999,630.4499999999999,635.1,627.95,616.15,620.9,625.8,623.3,618.7923999999999,616.0075999999999,627.8076,630.5924,599.6999999999998,646.9000000000001,,,0.0,0.0,0.0,13,50
2019-05-10 13:55:00,621.5,622.0,621.35,621.9,9192,2019-05-10,2019,618.6499999999999,611.4999999999999,630.4499999999999,635.1,627.95,616.15,620.9,625.8,623.3,618.7923999999999,616.0075999999999,627.8076,630.5924,599.6999999999998,646.9000000000001,,,0.0,0.0,0.0,13,55
2019-05-10 14:00:00,621.9,622.5,621.75,622.5,18442,2019-05-10,2019,618.6499999999999,611.4999999999999,630.4499999999999,635.1,627.95,616.15,620.9,625.8,623.3,618.7923999999999,616.0075999999999,627.8076,630.5924,599.6999999999998,646.9000000000001,,,0.0,0.0,0.0,14,0
2019-05-10 14:05:00,622.5,623.0,622.0,622.8,19238,2019-05-10,2019,618.6499999999999,611.4999999999999,630.4499999999999,635.1,627.95,616.15,620.9,625.8,623.3,618.7923999999999,616.0075999999999,627.8076,630.5924,599.6999999999998,646.9000000000001,,,0.0,0.0,0.0,14,5
2019-05-10 14:10:00,622.85,622.9,622.1,622.45,15039,2019-05-10,2019,618.6499999999999,611.4999999999999,630.4499999999999,635.1,627.95,616.15,620.9,625.8,623.3,618.7923999999999,616.0075999999999,627.8076,630.5924,599.6999999999998,646.9000000000001,,,0.0,0.0,0.0,14,10
2019-05-10 14:15:00,622.65,624.75,622.2,624.3,41211,2019-05-10,2019,618.6499999999999,611.4999999999999,630.4499999999999,635.1,627.95,616.15,620.9,625.8,623.3,618.7923999999999,616.0075999999999,627.8076,630.5924,599.6999999999998,646.9000000000001,,,0.0,0.0,0.0,14,15
2019-05-10 14:20:00,624.5,625.9,624.0,625.65,107251,2019-05-10,2019,618.6499999999999,611.4999999999999,630.4499999999999,635.1,627.95,616.15,620.9,625.8,623.3,618.7923999999999,616.0075999999999,627.8076,630.5924,599.6999999999998,646.9000000000001,,,0.0,0.0,0.0,14,20
2019-05-10 14:25:00,625.5,626.45,625.2,626.35,58762,2019-05-10,2019,618.6499999999999,611.4999999999999,630.4499999999999,635.1,627.95,616.15,620.9,625.8,623.3,618.7923999999999,616.0075999999999,627.8076,630.5924,599.6999999999998,646.9000000000001,,,0.0,0.0,0.0,14,25
2019-05-10 14:30:00,626.35,626.5,625.6,626.2,27771,2019-05-10,2019,618.6499999999999,611.4999999999999,630.4499999999999,635.1,627.95,616.15,620.9,625.8,623.3,618.7923999999999,616.0075999999999,627.8076,630.5924,599.6999999999998,646.9000000000001,,,0.0,0.0,0.0,14,30
2019-05-10 14:35:00,626.2,628.4,626.2,627.0,61058,2019-05-10,2019,618.6499999999999,611.4999999999999,630.4499999999999,635.1,627.95,616.15,620.9,625.8,623.3,618.7923999999999,616.0075999999999,627.8076,630.5924,599.6999999999998,646.9000000000001,,,0.0,0.0,0.0,14,35
2019-05-10 14:40:00,627.4,629.75,626.65,629.4,53351,2019-05-10,2019,618.6499999999999,611.4999999999999,630.4499999999999,635.1,627.95,616.15,620.9,625.8,623.3,618.7923999999999,616.0075999999999,627.8076,630.5924,599.6999999999998,646.9000000000001,,,0.0,0.0,0.0,14,40
2019-05-10 14:45:00,629.45,631.0,628.7,629.3,71685,2019-05-10,2019,618.6499999999999,611.4999999999999,630.4499999999999,635.1,627.95,616.15,620.9,625.8,623.3,618.7923999999999,616.0075999999999,627.8076,630.5924,599.6999999999998,646.9000000000001,,,0.0,0.0,0.0,14,45
2019-05-10 14:50:00,629.3,629.45,628.55,629.3,21518,2019-05-10,2019,618.6499999999999,611.4999999999999,630.4499999999999,635.1,627.95,616.15,620.9,625.8,623.3,618.7923999999999,616.0075999999999,627.8076,630.5924,599.6999999999998,646.9000000000001,,,0.0,0.0,0.0,14,50
2019-05-10 14:55:00,629.3,630.4,628.5,628.95,40873,2019-05-10,2019,618.6499999999999,611.4999999999999,630.4499999999999,635.1,627.95,616.15,620.9,625.8,623.3,618.7923999999999,616.0075999999999,627.8076,630.5924,599.6999999999998,646.9000000000001,,,0.0,0.0,0.0,14,55
2019-05-10 15:00:00,629.0,629.95,626.0,628.15,91034,2019-05-10,2019,618.6499999999999,611.4999999999999,630.4499999999999,635.1,627.95,616.15,620.9,625.8,623.3,618.7923999999999,616.0075999999999,627.8076,630.5924,599.6999999999998,646.9000000000001,,,0.0,0.0,0.0,15,0
2019-05-10 15:05:00,628.35,629.45,628.1,629.05,32123,2019-05-10,2019,618.6499999999999,611.4999999999999,630.4499999999999,635.1,627.95,616.15,620.9,625.8,623.3,618.7923999999999,616.0075999999999,627.8076,630.5924,599.6999999999998,646.9000000000001,,,0.0,0.0,0.0,15,5
2019-05-10 15:10:00,629.15,630.0,628.45,629.1,54331,2019-05-10,2019,618.6499999999999,611.4999999999999,630.4499999999999,635.1,627.95,616.15,620.9,625.8,623.3,618.7923999999999,616.0075999999999,627.8076,630.5924,599.6999999999998,646.9000000000001,,,0.0,0.0,0.0,15,10
2019-05-10 15:15:00,629.1,630.0,629.0,629.2,36998,2019-05-10,2019,618.6499999999999,611.4999999999999,630.4499999999999,635.1,627.95,616.15,620.9,625.8,623.3,618.7923999999999,616.0075999999999,627.8076,630.5924,599.6999999999998,646.9000000000001,,,0.0,0.0,0.0,15,15
2019-05-10 15:20:00,629.2,629.2,628.0,628.15,70410,2019-05-10,2019,618.6499999999999,611.4999999999999,630.4499999999999,635.1,627.95,616.15,620.9,625.8,623.3,618.7923999999999,616.0075999999999,627.8076,630.5924,599.6999999999998,646.9000000000001,Exit,Buy,628.15,0.0,0.0,15,20
2019-05-10 15:25:00,628.3,628.3,625.5,626.5,29372,2019-05-10,2019,618.6499999999999,611.4999999999999,630.4499999999999,635.1,627.95,616.15,620.9,625.8,623.3,618.7923999999999,616.0075999999999,627.8076,630.5924,599.6999999999998,646.9000000000001,,,0.0,0.0,0.0,15,25
2019-05-13 09:15:00,628.7,628.7,625.0,626.95,23827,2019-05-13,2019,619.7166666666666,612.9333333333333,632.5666666666666,638.6333333333333,631.85,619.0,626.25,626.5,625.7833333333333,620.8746333333333,617.8420333333332,630.6920333333333,633.7246333333334,600.0833333333333,651.4833333333333,,,0.0,0.0,0.0,9,15
2019-05-13 09:20:00,626.95,627.6,623.85,625.0,31482,2019-05-13,2019,619.7166666666666,612.9333333333333,632.5666666666666,638.6333333333333,631.85,619.0,626.25,626.5,625.7833333333333,620.8746333333333,617.8420333333332,630.6920333333333,633.7246333333334,600.0833333333333,651.4833333333333,,,0.0,0.0,0.0,9,20
2019-05-13 09:25:00,625.0,625.5,623.4,623.9,21022,2019-05-13,2019,619.7166666666666,612.9333333333333,632.5666666666666,638.6333333333333,631.85,619.0,626.25,626.5,625.7833333333333,620.8746333333333,617.8420333333332,630.6920333333333,633.7246333333334,600.0833333333333,651.4833333333333,,,0.0,0.0,0.0,9,25
2019-05-13 09:30:00,623.9,624.5,623.1,624.0,26573,2019-05-13,2019,619.7166666666666,612.9333333333333,632.5666666666666,638.6333333333333,631.85,619.0,626.25,626.5,625.7833333333333,620.8746333333333,617.8420333333332,630.6920333333333,633.7246333333334,600.0833333333333,651.4833333333333,,,0.0,0.0,0.0,9,30
2019-05-13 09:35:00,624.0,625.0,622.2,622.4,17732,2019-05-13,2019,619.7166666666666,612.9333333333333,632.5666666666666,638.6333333333333,631.85,619.0,626.25,626.5,625.7833333333333,620.8746333333333,617.8420333333332,630.6920333333333,633.7246333333334,600.0833333333333,651.4833333333333,Entry,Sell,622.4,617.8420333333332,628.7,9,35
2019-05-13 09:40:00,622.25,624.5,622.0,624.5,22240,2019-05-13,2019,619.7166666666666,612.9333333333333,632.5666666666666,638.6333333333333,631.85,619.0,626.25,626.5,625.7833333333333,620.8746333333333,617.8420333333332,630.6920333333333,633.7246333333334,600.0833333333333,651.4833333333333,,,0.0,0.0,0.0,9,40
2019-05-13 09:45:00,624.25,624.6,622.5,622.85,19285,2019-05-13,2019,619.7166666666666,612.9333333333333,632.5666666666666,638.6333333333333,631.85,619.0,626.25,626.5,625.7833333333333,620.8746333333333,617.8420333333332,630.6920333333333,633.7246333333334,600.0833333333333,651.4833333333333,,,0.0,0.0,0.0,9,45
2019-05-13 09:50:00,622.8,622.8,622.0,622.8,18748,2019-05-13,2019,619.7166666666666,612.9333333333333,632.5666666666666,638.6333333333333,631.85,619.0,626.25,626.5,625.7833333333333,620.8746333333333,617.8420333333332,630.6920333333333,633.7246333333334,600.0833333333333,651.4833333333333,,,0.0,0.0,0.0,9,50
2019-05-13 09:55:00,622.5,623.0,622.15,622.6,5387,2019-05-13,2019,619.7166666666666,612.9333333333333,632.5666666666666,638.6333333333333,631.85,619.0,626.25,626.5,625.7833333333333,620.8746333333333,617.8420333333332,630.6920333333333,633.7246333333334,600.0833333333333,651.4833333333333,,,0.0,0.0,0.0,9,55
2019-05-13 10:00:00,622.6,623.25,621.3,622.8,15753,2019-05-13,2019,619.7166666666666,612.9333333333333,632.5666666666666,638.6333333333333,631.85,619.0,626.25,626.5,625.7833333333333,620.8746333333333,617.8420333333332,630.6920333333333,633.7246333333334,600.0833333333333,651.4833333333333,,,0.0,0.0,0.0,10,0
2019-05-13 10:05:00,622.8,623.85,622.8,623.3,9795,2019-05-13,2019,619.7166666666666,612.9333333333333,632.5666666666666,638.6333333333333,631.85,619.0,626.25,626.5,625.7833333333333,620.8746333333333,617.8420333333332,630.6920333333333,633.7246333333334,600.0833333333333,651.4833333333333,,,0.0,0.0,0.0,10,5
2019-05-13 10:10:00,623.5,623.55,622.05,623.55,9579,2019-05-13,2019,619.7166666666666,612.9333333333333,632.5666666666666,638.6333333333333,631.85,619.0,626.25,626.5,625.7833333333333,620.8746333333333,617.8420333333332,630.6920333333333,633.7246333333334,600.0833333333333,651.4833333333333,,,0.0,0.0,0.0,10,10
2019-05-13 10:15:00,623.55,623.55,622.1,622.5,7055,2019-05-13,2019,619.7166666666666,612.9333333333333,632.5666666666666,638.6333333333333,631.85,619.0,626.25,626.5,625.7833333333333,620.8746333333333,617.8420333333332,630.6920333333333,633.7246333333334,600.0833333333333,651.4833333333333,,,0.0,0.0,0.0,10,15
2019-05-13 10:20:00,622.5,623.2,622.35,622.65,4878,2019-05-13,2019,619.7166666666666,612.9333333333333,632.5666666666666,638.6333333333333,631.85,619.0,626.25,626.5,625.7833333333333,620.8746333333333,617.8420333333332,630.6920333333333,633.7246333333334,600.0833333333333,651.4833333333333,,,0.0,0.0,0.0,10,20
2019-05-13 10:25:00,622.65,623.2,622.0,622.25,7813,2019-05-13,2019,619.7166666666666,612.9333333333333,632.5666666666666,638.6333333333333,631.85,619.0,626.25,626.5,625.7833333333333,620.8746333333333,617.8420333333332,630.6920333333333,633.7246333333334,600.0833333333333,651.4833333333333,,,0.0,0.0,0.0,10,25
2019-05-13 10:30:00,622.25,622.7,621.5,621.6,5257,2019-05-13,2019,619.7166666666666,612.9333333333333,632.5666666666666,638.6333333333333,631.85,619.0,626.25,626.5,625.7833333333333,620.8746333333333,617.8420333333332,630.6920333333333,633.7246333333334,600.0833333333333,651.4833333333333,,,0.0,0.0,0.0,10,30
2019-05-13 10:35:00,621.6,621.9,620.1,620.9,22988,2019-05-13,2019,619.7166666666666,612.9333333333333,632.5666666666666,638.6333333333333,631.85,619.0,626.25,626.5,625.7833333333333,620.8746333333333,617.8420333333332,630.6920333333333,633.7246333333334,600.0833333333333,651.4833333333333,,,0.0,0.0,0.0,10,35
2019-05-13 10:40:00,620.9,621.8,619.3,621.75,19614,2019-05-13,2019,619.7166666666666,612.9333333333333,632.5666666666666,638.6333333333333,631.85,619.0,626.25,626.5,625.7833333333333,620.8746333333333,617.8420333333332,630.6920333333333,633.7246333333334,600.0833333333333,651.4833333333333,,,0.0,0.0,0.0,10,40
2019-05-13 10:45:00,621.75,622.4,621.65,622.35,9353,2019-05-13,2019,619.7166666666666,612.9333333333333,632.5666666666666,638.6333333333333,631.85,619.0,626.25,626.5,625.7833333333333,620.8746333333333,617.8420333333332,630.6920333333333,633.7246333333334,600.0833333333333,651.4833333333333,,,0.0,0.0,0.0,10,45
2019-05-13 10:50:00,622.35,622.75,622.0,622.65,5235,2019-05-13,2019,619.7166666666666,612.9333333333333,632.5666666666666,638.6333333333333,631.85,619.0,626.25,626.5,625.7833333333333,620.8746333333333,617.8420333333332,630.6920333333333,633.7246333333334,600.0833333333333,651.4833333333333,,,0.0,0.0,0.0,10,50
2019-05-13 10:55:00,622.65,622.75,621.75,621.75,3982,2019-05-13,2019,619.7166666666666,612.9333333333333,632.5666666666666,638.6333333333333,631.85,619.0,626.25,626.5,625.7833333333333,620.8746333333333,617.8420333333332,630.6920333333333,633.7246333333334,600.0833333333333,651.4833333333333,,,0.0,0.0,0.0,10,55
2019-05-13 11:00:00,621.75,622.5,621.6,621.65,10809,2019-05-13,2019,619.7166666666666,612.9333333333333,632.5666666666666,638.6333333333333,631.85,619.0,626.25,626.5,625.7833333333333,620.8746333333333,617.8420333333332,630.6920333333333,633.7246333333334,600.0833333333333,651.4833333333333,,,0.0,0.0,0.0,11,0
2019-05-13 11:05:00,621.65,622.1,621.4,621.65,7901,2019-05-13,2019,619.7166666666666,612.9333333333333,632.5666666666666,638.6333333333333,631.85,619.0,626.25,626.5,625.7833333333333,620.8746333333333,617.8420333333332,630.6920333333333,633.7246333333334,600.0833333333333,651.4833333333333,,,0.0,0.0,0.0,11,5
2019-05-13 11:10:00,621.65,622.5,621.5,622.0,104592,2019-05-13,2019,619.7166666666666,612.9333333333333,632.5666666666666,638.6333333333333,631.85,619.0,626.25,626.5,625.7833333333333,620.8746333333333,617.8420333333332,630.6920333333333,633.7246333333334,600.0833333333333,651.4833333333333,,,0.0,0.0,0.0,11,10
2019-05-13 11:15:00,622.0,622.5,621.95,622.3,6852,2019-05-13,2019,619.7166666666666,612.9333333333333,632.5666666666666,638.6333333333333,631.85,619.0,626.25,626.5,625.7833333333333,620.8746333333333,617.8420333333332,630.6920333333333,633.7246333333334,600.0833333333333,651.4833333333333,,,0.0,0.0,0.0,11,15
2019-05-13 11:20:00,622.3,622.45,622.0,622.35,2097,2019-05-13,2019,619.7166666666666,612.9333333333333,632.5666666666666,638.6333333333333,631.85,619.0,626.25,626.5,625.7833333333333,620.8746333333333,617.8420333333332,630.6920333333333,633.7246333333334,600.0833333333333,651.4833333333333,,,0.0,0.0,0.0,11,20
2019-05-13 11:25:00,622.35,622.45,622.0,622.0,26252,2019-05-13,2019,619.7166666666666,612.9333333333333,632.5666666666666,638.6333333333333,631.85,619.0,626.25,626.5,625.7833333333333,620.8746333333333,617.8420333333332,630.6920333333333,633.7246333333334,600.0833333333333,651.4833333333333,,,0.0,0.0,0.0,11,25
2019-05-13 11:30:00,622.0,622.3,621.7,622.0,115811,2019-05-13,2019,619.7166666666666,612.9333333333333,632.5666666666666,638.6333333333333,631.85,619.0,626.25,626.5,625.7833333333333,620.8746333333333,617.8420333333332,630.6920333333333,633.7246333333334,600.0833333333333,651.4833333333333,,,0.0,0.0,0.0,11,30
2019-05-13 11:35:00,622.0,622.5,622.0,622.1,6777,2019-05-13,2019,619.7166666666666,612.9333333333333,632.5666666666666,638.6333333333333,631.85,619.0,626.25,626.5,625.7833333333333,620.8746333333333,617.8420333333332,630.6920333333333,633.7246333333334,600.0833333333333,651.4833333333333,,,0.0,0.0,0.0,11,35
2019-05-13 11:40:00,622.1,622.3,622.0,622.15,10444,2019-05-13,2019,619.7166666666666,612.9333333333333,632.5666666666666,638.6333333333333,631.85,619.0,626.25,626.5,625.7833333333333,620.8746333333333,617.8420333333332,630.6920333333333,633.7246333333334,600.0833333333333,651.4833333333333,,,0.0,0.0,0.0,11,40
2019-05-13 11:45:00,622.15,622.5,622.0,622.15,13003,2019-05-13,2019,619.7166666666666,612.9333333333333,632.5666666666666,638.6333333333333,631.85,619.0,626.25,626.5,625.7833333333333,620.8746333333333,617.8420333333332,630.6920333333333,633.7246333333334,600.0833333333333,651.4833333333333,,,0.0,0.0,0.0,11,45
2019-05-13 11:50:00,622.15,622.5,622.0,622.25,4608,2019-05-13,2019,619.7166666666666,612.9333333333333,632.5666666666666,638.6333333333333,631.85,619.0,626.25,626.5,625.7833333333333,620.8746333333333,617.8420333333332,630.6920333333333,633.7246333333334,600.0833333333333,651.4833333333333,,,0.0,0.0,0.0,11,50
2019-05-13 11:55:00,622.25,622.4,622.0,622.05,3385,2019-05-13,2019,619.7166666666666,612.9333333333333,632.5666666666666,638.6333333333333,631.85,619.0,626.25,626.5,625.7833333333333,620.8746333333333,617.8420333333332,630.6920333333333,633.7246333333334,600.0833333333333,651.4833333333333,,,0.0,0.0,0.0,11,55
2019-05-13 12:00:00,622.05,622.1,622.0,622.1,13119,2019-05-13,2019,619.7166666666666,612.9333333333333,632.5666666666666,638.6333333333333,631.85,619.0,626.25,626.5,625.7833333333333,620.8746333333333,617.8420333333332,630.6920333333333,633.7246333333334,600.0833333333333,651.4833333333333,,,0.0,0.0,0.0,12,0
2019-05-13 12:05:00,622.05,622.2,622.0,622.0,13998,2019-05-13,2019,619.7166666666666,612.9333333333333,632.5666666666666,638.6333333333333,631.85,619.0,626.25,626.5,625.7833333333333,620.8746333333333,617.8420333333332,630.6920333333333,633.7246333333334,600.0833333333333,651.4833333333333,,,0.0,0.0,0.0,12,5
2019-05-13 12:10:00,622.0,622.15,622.0,622.15,4916,2019-05-13,2019,619.7166666666666,612.9333333333333,632.5666666666666,638.6333333333333,631.85,619.0,626.25,626.5,625.7833333333333,620.8746333333333,617.8420333333332,630.6920333333333,633.7246333333334,600.0833333333333,651.4833333333333,,,0.0,0.0,0.0,12,10
2019-05-13 12:15:00,622.15,623.2,622.1,622.75,16850,2019-05-13,2019,619.7166666666666,612.9333333333333,632.5666666666666,638.6333333333333,631.85,619.0,626.25,626.5,625.7833333333333,620.8746333333333,617.8420333333332,630.6920333333333,633.7246333333334,600.0833333333333,651.4833333333333,,,0.0,0.0,0.0,12,15
2019-05-13 12:20:00,622.75,623.0,622.5,622.65,18852,2019-05-13,2019,619.7166666666666,612.9333333333333,632.5666666666666,638.6333333333333,631.85,619.0,626.25,626.5,625.7833333333333,620.8746333333333,617.8420333333332,630.6920333333333,633.7246333333334,600.0833333333333,651.4833333333333,,,0.0,0.0,0.0,12,20
2019-05-13 12:25:00,622.65,622.65,622.0,622.05,5802,2019-05-13,2019,619.7166666666666,612.9333333333333,632.5666666666666,638.6333333333333,631.85,619.0,626.25,626.5,625.7833333333333,620.8746333333333,617.8420333333332,630.6920333333333,633.7246333333334,600.0833333333333,651.4833333333333,,,0.0,0.0,0.0,12,25
2019-05-13 12:30:00,622.05,622.45,622.0,622.15,10452,2019-05-13,2019,619.7166666666666,612.9333333333333,632.5666666666666,638.6333333333333,631.85,619.0,626.25,626.5,625.7833333333333,620.8746333333333,617.8420333333332,630.6920333333333,633.7246333333334,600.0833333333333,651.4833333333333,,,0.0,0.0,0.0,12,30
2019-05-13 12:35:00,622.15,622.6,622.0,622.1,11350,2019-05-13,2019,619.7166666666666,612.9333333333333,632.5666666666666,638.6333333333333,631.85,619.0,626.25,626.5,625.7833333333333,620.8746333333333,617.8420333333332,630.6920333333333,633.7246333333334,600.0833333333333,651.4833333333333,,,0.0,0.0,0.0,12,35
2019-05-13 12:40:00,622.1,622.55,622.0,622.25,7766,2019-05-13,2019,619.7166666666666,612.9333333333333,632.5666666666666,638.6333333333333,631.85,619.0,626.25,626.5,625.7833333333333,620.8746333333333,617.8420333333332,630.6920333333333,633.7246333333334,600.0833333333333,651.4833333333333,,,0.0,0.0,0.0,12,40
2019-05-13 12:45:00,622.25,622.7,622.2,622.2,5577,2019-05-13,2019,619.7166666666666,612.9333333333333,632.5666666666666,638.6333333333333,631.85,619.0,626.25,626.5,625.7833333333333,620.8746333333333,617.8420333333332,630.6920333333333,633.7246333333334,600.0833333333333,651.4833333333333,,,0.0,0.0,0.0,12,45
2019-05-13 12:50:00,622.2,622.45,622.0,622.1,34531,2019-05-13,2019,619.7166666666666,612.9333333333333,632.5666666666666,638.6333333333333,631.85,619.0,626.25,626.5,625.7833333333333,620.8746333333333,617.8420333333332,630.6920333333333,633.7246333333334,600.0833333333333,651.4833333333333,,,0.0,0.0,0.0,12,50
2019-05-13 12:55:00,622.1,622.3,622.0,622.0,6983,2019-05-13,2019,619.7166666666666,612.9333333333333,632.5666666666666,638.6333333333333,631.85,619.0,626.25,626.5,625.7833333333333,620.8746333333333,617.8420333333332,630.6920333333333,633.7246333333334,600.0833333333333,651.4833333333333,,,0.0,0.0,0.0,12,55
2019-05-13 13:00:00,622.0,622.45,622.0,622.0,27507,2019-05-13,2019,619.7166666666666,612.9333333333333,632.5666666666666,638.6333333333333,631.85,619.0,626.25,626.5,625.7833333333333,620.8746333333333,617.8420333333332,630.6920333333333,633.7246333333334,600.0833333333333,651.4833333333333,,,0.0,0.0,0.0,13,0
2019-05-13 13:05:00,622.0,622.45,622.0,622.25,16919,2019-05-13,2019,619.7166666666666,612.9333333333333,632.5666666666666,638.6333333333333,631.85,619.0,626.25,626.5,625.7833333333333,620.8746333333333,617.8420333333332,630.6920333333333,633.7246333333334,600.0833333333333,651.4833333333333,,,0.0,0.0,0.0,13,5
2019-05-13 13:10:00,622.25,622.35,622.0,622.05,17127,2019-05-13,2019,619.7166666666666,612.9333333333333,632.5666666666666,638.6333333333333,631.85,619.0,626.25,626.5,625.7833333333333,620.8746333333333,617.8420333333332,630.6920333333333,633.7246333333334,600.0833333333333,651.4833333333333,,,0.0,0.0,0.0,13,10
2019-05-13 13:15:00,622.05,622.2,622.0,622.0,32710,2019-05-13,2019,619.7166666666666,612.9333333333333,632.5666666666666,638.6333333333333,631.85,619.0,626.25,626.5,625.7833333333333,620.8746333333333,617.8420333333332,630.6920333333333,633.7246333333334,600.0833333333333,651.4833333333333,,,0.0,0.0,0.0,13,15
2019-05-13 13:20:00,622.0,622.4,622.0,622.0,20552,2019-05-13,2019,619.7166666666666,612.9333333333333,632.5666666666666,638.6333333333333,631.85,619.0,626.25,626.5,625.7833333333333,620.8746333333333,617.8420333333332,630.6920333333333,633.7246333333334,600.0833333333333,651.4833333333333,,,0.0,0.0,0.0,13,20
2019-05-13 13:25:00,622.0,622.45,622.0,622.0,9259,2019-05-13,2019,619.7166666666666,612.9333333333333,632.5666666666666,638.6333333333333,631.85,619.0,626.25,626.5,625.7833333333333,620.8746333333333,617.8420333333332,630.6920333333333,633.7246333333334,600.0833333333333,651.4833333333333,,,0.0,0.0,0.0,13,25
2019-05-13 13:30:00,622.0,622.1,622.0,622.0,10158,2019-05-13,2019,619.7166666666666,612.9333333333333,632.5666666666666,638.6333333333333,631.85,619.0,626.25,626.5,625.7833333333333,620.8746333333333,617.8420333333332,630.6920333333333,633.7246333333334,600.0833333333333,651.4833333333333,,,0.0,0.0,0.0,13,30
2019-05-13 13:35:00,622.0,622.6,622.0,622.35,8806,2019-05-13,2019,619.7166666666666,612.9333333333333,632.5666666666666,638.6333333333333,631.85,619.0,626.25,626.5,625.7833333333333,620.8746333333333,617.8420333333332,630.6920333333333,633.7246333333334,600.0833333333333,651.4833333333333,,,0.0,0.0,0.0,13,35
2019-05-13 13:40:00,622.35,622.35,620.45,621.0,14864,2019-05-13,2019,619.7166666666666,612.9333333333333,632.5666666666666,638.6333333333333,631.85,619.0,626.25,626.5,625.7833333333333,620.8746333333333,617.8420333333332,630.6920333333333,633.7246333333334,600.0833333333333,651.4833333333333,,,0.0,0.0,0.0,13,40
2019-05-13 13:45:00,621.0,621.9,621.0,621.5,3922,2019-05-13,2019,619.7166666666666,612.9333333333333,632.5666666666666,638.6333333333333,631.85,619.0,626.25,626.5,625.7833333333333,620.8746333333333,617.8420333333332,630.6920333333333,633.7246333333334,600.0833333333333,651.4833333333333,,,0.0,0.0,0.0,13,45
2019-05-13 13:50:00,621.5,621.5,620.1,620.9,6698,2019-05-13,2019,619.7166666666666,612.9333333333333,632.5666666666666,638.6333333333333,631.85,619.0,626.25,626.5,625.7833333333333,620.8746333333333,617.8420333333332,630.6920333333333,633.7246333333334,600.0833333333333,651.4833333333333,,,0.0,0.0,0.0,13,50
2019-05-13 13:55:00,620.9,622.0,620.8,621.9,9352,2019-05-13,2019,619.7166666666666,612.9333333333333,632.5666666666666,638.6333333333333,631.85,619.0,626.25,626.5,625.7833333333333,620.8746333333333,617.8420333333332,630.6920333333333,633.7246333333334,600.0833333333333,651.4833333333333,,,0.0,0.0,0.0,13,55
2019-05-13 14:00:00,621.95,622.35,621.35,622.05,13827,2019-05-13,2019,619.7166666666666,612.9333333333333,632.5666666666666,638.6333333333333,631.85,619.0,626.25,626.5,625.7833333333333,620.8746333333333,617.8420333333332,630.6920333333333,633.7246333333334,600.0833333333333,651.4833333333333,,,0.0,0.0,0.0,14,0
2019-05-13 14:05:00,622.05,622.85,622.05,622.8,8633,2019-05-13,2019,619.7166666666666,612.9333333333333,632.5666666666666,638.6333333333333,631.85,619.0,626.25,626.5,625.7833333333333,620.8746333333333,617.8420333333332,630.6920333333333,633.7246333333334,600.0833333333333,651.4833333333333,,,0.0,0.0,0.0,14,5
2019-05-13 14:10:00,622.8,623.15,622.2,622.4,11813,2019-05-13,2019,619.7166666666666,612.9333333333333,632.5666666666666,638.6333333333333,631.85,619.0,626.25,626.5,625.7833333333333,620.8746333333333,617.8420333333332,630.6920333333333,633.7246333333334,600.0833333333333,651.4833333333333,,,0.0,0.0,0.0,14,10
2019-05-13 14:15:00,622.4,623.0,622.3,623.0,5922,2019-05-13,2019,619.7166666666666,612.9333333333333,632.5666666666666,638.6333333333333,631.85,619.0,626.25,626.5,625.7833333333333,620.8746333333333,617.8420333333332,630.6920333333333,633.7246333333334,600.0833333333333,651.4833333333333,,,0.0,0.0,0.0,14,15
2019-05-13 14:20:00,622.75,623.0,622.0,623.0,13321,2019-05-13,2019,619.7166666666666,612.9333333333333,632.5666666666666,638.6333333333333,631.85,619.0,626.25,626.5,625.7833333333333,620.8746333333333,617.8420333333332,630.6920333333333,633.7246333333334,600.0833333333333,651.4833333333333,,,0.0,0.0,0.0,14,20
2019-05-13 14:25:00,623.0,623.0,621.9,622.45,23638,2019-05-13,2019,619.7166666666666,612.9333333333333,632.5666666666666,638.6333333333333,631.85,619.0,626.25,626.5,625.7833333333333,620.8746333333333,617.8420333333332,630.6920333333333,633.7246333333334,600.0833333333333,651.4833333333333,,,0.0,0.0,0.0,14,25
2019-05-13 14:30:00,622.45,622.5,622.0,622.35,14835,2019-05-13,2019,619.7166666666666,612.9333333333333,632.5666666666666,638.6333333333333,631.85,619.0,626.25,626.5,625.7833333333333,620.8746333333333,617.8420333333332,630.6920333333333,633.7246333333334,600.0833333333333,651.4833333333333,,,0.0,0.0,0.0,14,30
2019-05-13 14:35:00,622.35,623.0,622.0,622.55,14640,2019-05-13,2019,619.7166666666666,612.9333333333333,632.5666666666666,638.6333333333333,631.85,619.0,626.25,626.5,625.7833333333333,620.8746333333333,617.8420333333332,630.6920333333333,633.7246333333334,600.0833333333333,651.4833333333333,,,0.0,0.0,0.0,14,35
2019-05-13 14:40:00,622.55,623.0,622.2,622.75,15495,2019-05-13,2019,619.7166666666666,612.9333333333333,632.5666666666666,638.6333333333333,631.85,619.0,626.25,626.5,625.7833333333333,620.8746333333333,617.8420333333332,630.6920333333333,633.7246333333334,600.0833333333333,651.4833333333333,,,0.0,0.0,0.0,14,40
2019-05-13 14:45:00,622.75,623.25,622.5,623.0,21788,2019-05-13,2019,619.7166666666666,612.9333333333333,632.5666666666666,638.6333333333333,631.85,619.0,626.25,626.5,625.7833333333333,620.8746333333333,617.8420333333332,630.6920333333333,633.7246333333334,600.0833333333333,651.4833333333333,,,0.0,0.0,0.0,14,45
2019-05-13 14:50:00,623.2,623.6,622.05,622.9,20572,2019-05-13,2019,619.7166666666666,612.9333333333333,632.5666666666666,638.6333333333333,631.85,619.0,626.25,626.5,625.7833333333333,620.8746333333333,617.8420333333332,630.6920333333333,633.7246333333334,600.0833333333333,651.4833333333333,,,0.0,0.0,0.0,14,50
2019-05-13 14:55:00,622.6,623.05,621.95,622.05,25240,2019-05-13,2019,619.7166666666666,612.9333333333333,632.5666666666666,638.6333333333333,631.85,619.0,626.25,626.5,625.7833333333333,620.8746333333333,617.8420333333332,630.6920333333333,633.7246333333334,600.0833333333333,651.4833333333333,,,0.0,0.0,0.0,14,55
2019-05-13 15:00:00,622.0,622.2,619.3,619.9,51565,2019-05-13,2019,619.7166666666666,612.9333333333333,632.5666666666666,638.6333333333333,631.85,619.0,626.25,626.5,625.7833333333333,620.8746333333333,617.8420333333332,630.6920333333333,633.7246333333334,600.0833333333333,651.4833333333333,,,0.0,0.0,0.0,15,0
2019-05-13 15:05:00,619.7,620.1,618.0,618.0,54532,2019-05-13,2019,619.7166666666666,612.9333333333333,632.5666666666666,638.6333333333333,631.85,619.0,626.25,626.5,625.7833333333333,620.8746333333333,617.8420333333332,630.6920333333333,633.7246333333334,600.0833333333333,651.4833333333333,,,0.0,0.0,0.0,15,5
2019-05-13 15:10:00,618.05,618.1,615.0,616.5,79178,2019-05-13,2019,619.7166666666666,612.9333333333333,632.5666666666666,638.6333333333333,631.85,619.0,626.25,626.5,625.7833333333333,620.8746333333333,617.8420333333332,630.6920333333333,633.7246333333334,600.0833333333333,651.4833333333333,Exit,Buy,617.8420333333332,0.0,0.0,15,10
2019-05-13 15:15:00,616.15,617.25,616.0,616.9,44411,2019-05-13,2019,619.7166666666666,612.9333333333333,632.5666666666666,638.6333333333333,631.85,619.0,626.25,626.5,625.7833333333333,620.8746333333333,617.8420333333332,630.6920333333333,633.7246333333334,600.0833333333333,651.4833333333333,,,0.0,0.0,0.0,15,15
2019-05-13 15:20:00,616.75,617.25,615.8,617.0,62205,2019-05-13,2019,619.7166666666666,612.9333333333333,632.5666666666666,638.6333333333333,631.85,619.0,626.25,626.5,625.7833333333333,620.8746333333333,617.8420333333332,630.6920333333333,633.7246333333334,600.0833333333333,651.4833333333333,,,0.0,0.0,0.0,15,20
2019-05-13 15:25:00,617.0,619.35,616.5,616.9,31476,2019-05-13,2019,619.7166666666666,612.9333333333333,632.5666666666666,638.6333333333333,631.85,619.0,626.25,626.5,625.7833333333333,620.8746333333333,617.8420333333332,630.6920333333333,633.7246333333334,600.0833333333333,651.4833333333333,,,0.0,0.0,0.0,15,25
2019-05-14 09:15:00,616.9,620.0,615.8,617.1,39549,2019-05-14,2019,611.6999999999998,606.4999999999999,625.3999999999999,633.9,628.7,615.0,628.7,616.9,620.1999999999999,614.9666,611.7333999999998,625.4333999999999,628.6666,592.7999999999998,647.6,,,0.0,0.0,0.0,9,15
2019-05-14 09:20:00,617.4,618.65,615.5,618.0,54964,2019-05-14,2019,611.6999999999998,606.4999999999999,625.3999999999999,633.9,628.7,615.0,628.7,616.9,620.1999999999999,614.9666,611.7333999999998,625.4333999999999,628.6666,592.7999999999998,647.6,,,0.0,0.0,0.0,9,20
2019-05-14 09:25:00,618.0,620.2,617.0,620.2,37967,2019-05-14,2019,611.6999999999998,606.4999999999999,625.3999999999999,633.9,628.7,615.0,628.7,616.9,620.1999999999999,614.9666,611.7333999999998,625.4333999999999,628.6666,592.7999999999998,647.6,,,0.0,0.0,0.0,9,25
2019-05-14 09:30:00,620.1,620.55,617.1,617.5,20611,2019-05-14,2019,611.6999999999998,606.4999999999999,625.3999999999999,633.9,628.7,615.0,628.7,616.9,620.1999999999999,614.9666,611.7333999999998,625.4333999999999,628.6666,592.7999999999998,647.6,,,0.0,0.0,0.0,9,30
2019-05-14 09:35:00,617.5,617.55,614.0,614.45,51460,2019-05-14,2019,611.6999999999998,606.4999999999999,625.3999999999999,633.9,628.7,615.0,628.7,616.9,620.1999999999999,614.9666,611.7333999999998,625.4333999999999,628.6666,592.7999999999998,647.6,,,0.0,0.0,0.0,9,35
2019-05-14 09:40:00,614.45,616.2,613.5,614.15,55137,2019-05-14,2019,611.6999999999998,606.4999999999999,625.3999999999999,633.9,628.7,615.0,628.7,616.9,620.1999999999999,614.9666,611.7333999999998,625.4333999999999,628.6666,592.7999999999998,647.6,,,0.0,0.0,0.0,9,40
2019-05-14 09:45:00,614.15,616.9,613.85,615.25,24107,2019-05-14,2019,611.6999999999998,606.4999999999999,625.3999999999999,633.9,628.7,615.0,628.7,616.9,620.1999999999999,614.9666,611.7333999999998,625.4333999999999,628.6666,592.7999999999998,647.6,,,0.0,0.0,0.0,9,45
2019-05-14 09:50:00,615.3,615.9,614.1,614.15,23441,2019-05-14,2019,611.6999999999998,606.4999999999999,625.3999999999999,633.9,628.7,615.0,628.7,616.9,620.1999999999999,614.9666,611.7333999999998,625.4333999999999,628.6666,592.7999999999998,647.6,,,0.0,0.0,0.0,9,50
2019-05-14 09:55:00,614.15,615.55,614.0,614.4,17816,2019-05-14,2019,611.6999999999998,606.4999999999999,625.3999999999999,633.9,628.7,615.0,628.7,616.9,620.1999999999999,614.9666,611.7333999999998,625.4333999999999,628.6666,592.7999999999998,647.6,,,0.0,0.0,0.0,9,55
2019-05-14 10:00:00,614.4,614.65,612.0,612.2,32431,2019-05-14,2019,611.6999999999998,606.4999999999999,625.3999999999999,633.9,628.7,615.0,628.7,616.9,620.1999999999999,614.9666,611.7333999999998,625.4333999999999,628.6666,592.7999999999998,647.6,,,0.0,0.0,0.0,10,0
2019-05-14 10:05:00,612.15,613.6,612.1,612.15,21201,2019-05-14,2019,611.6999999999998,606.4999999999999,625.3999999999999,633.9,628.7,615.0,628.7,616.9,620.1999999999999,614.9666,611.7333999999998,625.4333999999999,628.6666,592.7999999999998,647.6,,,0.0,0.0,0.0,10,5
2019-05-14 10:10:00,612.35,613.0,611.6,612.8,24892,2019-05-14,2019,611.6999999999998,606.4999999999999,625.3999999999999,633.9,628.7,615.0,628.7,616.9,620.1999999999999,614.9666,611.7333999999998,625.4333999999999,628.6666,592.7999999999998,647.6,,,0.0,0.0,0.0,10,10
2019-05-14 10:15:00,612.8,612.85,611.35,611.6,35073,2019-05-14,2019,611.6999999999998,606.4999999999999,625.3999999999999,633.9,628.7,615.0,628.7,616.9,620.1999999999999,614.9666,611.7333999999998,625.4333999999999,628.6666,592.7999999999998,647.6,,,0.0,0.0,0.0,10,15
2019-05-14 10:20:00,611.65,612.85,611.5,612.7,26930,2019-05-14,2019,611.6999999999998,606.4999999999999,625.3999999999999,633.9,628.7,615.0,628.7,616.9,620.1999999999999,614.9666,611.7333999999998,625.4333999999999,628.6666,592.7999999999998,647.6,,,0.0,0.0,0.0,10,20
2019-05-14 10:25:00,612.75,613.95,612.5,612.8,19490,2019-05-14,2019,611.6999999999998,606.4999999999999,625.3999999999999,633.9,628.7,615.0,628.7,616.9,620.1999999999999,614.9666,611.7333999999998,625.4333999999999,628.6666,592.7999999999998,647.6,,,0.0,0.0,0.0,10,25
2019-05-14 10:30:00,612.8,613.3,612.3,612.6,11948,2019-05-14,2019,611.6999999999998,606.4999999999999,625.3999999999999,633.9,628.7,615.0,628.7,616.9,620.1999999999999,614.9666,611.7333999999998,625.4333999999999,628.6666,592.7999999999998,647.6,,,0.0,0.0,0.0,10,30
2019-05-14 10:35:00,612.6,613.3,612.6,613.05,16161,2019-05-14,2019,611.6999999999998,606.4999999999999,625.3999999999999,633.9,628.7,615.0,628.7,616.9,620.1999999999999,614.9666,611.7333999999998,625.4333999999999,628.6666,592.7999999999998,647.6,,,0.0,0.0,0.0,10,35
2019-05-14 10:40:00,613.0,613.4,612.0,612.05,12507,2019-05-14,2019,611.6999999999998,606.4999999999999,625.3999999999999,633.9,628.7,615.0,628.7,616.9,620.1999999999999,614.9666,611.7333999999998,625.4333999999999,628.6666,592.7999999999998,647.6,,,0.0,0.0,0.0,10,40
2019-05-14 10:45:00,612.0,612.05,610.55,611.4,24141,2019-05-14,2019,611.6999999999998,606.4999999999999,625.3999999999999,633.9,628.7,615.0,628.7,616.9,620.1999999999999,614.9666,611.7333999999998,625.4333999999999,628.6666,592.7999999999998,647.6,,,0.0,0.0,0.0,10,45
2019-05-14 10:50:00,611.5,613.1,611.2,613.0,25135,2019-05-14,2019,611.6999999999998,606.4999999999999,625.3999999999999,633.9,628.7,615.0,628.7,616.9,620.1999999999999,614.9666,611.7333999999998,625.4333999999999,628.6666,592.7999999999998,647.6,,,0.0,0.0,0.0,10,50
2019-05-14 10:55:00,613.0,613.55,612.7,613.4,12549,2019-05-14,2019,611.6999999999998,606.4999999999999,625.3999999999999,633.9,628.7,615.0,628.7,616.9,620.1999999999999,614.9666,611.7333999999998,625.4333999999999,628.6666,592.7999999999998,647.6,,,0.0,0.0,0.0,10,55
2019-05-14 11:00:00,613.4,613.95,612.85,613.65,35020,2019-05-14,2019,611.6999999999998,606.4999999999999,625.3999999999999,633.9,628.7,615.0,628.7,616.9,620.1999999999999,614.9666,611.7333999999998,625.4333999999999,628.6666,592.7999999999998,647.6,,,0.0,0.0,0.0,11,0
2019-05-14 11:05:00,613.8,614.35,613.6,614.1,18419,2019-05-14,2019,611.6999999999998,606.4999999999999,625.3999999999999,633.9,628.7,615.0,628.7,616.9,620.1999999999999,614.9666,611.7333999999998,625.4333999999999,628.6666,592.7999999999998,647.6,,,0.0,0.0,0.0,11,5
2019-05-14 11:10:00,614.1,614.65,614.05,614.25,10222,2019-05-14,2019,611.6999999999998,606.4999999999999,625.3999999999999,633.9,628.7,615.0,628.7,616.9,620.1999999999999,614.9666,611.7333999999998,625.4333999999999,628.6666,592.7999999999998,647.6,,,0.0,0.0,0.0,11,10
2019-05-14 11:15:00,614.25,614.4,614.05,614.15,9826,2019-05-14,2019,611.6999999999998,606.4999999999999,625.3999999999999,633.9,628.7,615.0,628.7,616.9,620.1999999999999,614.9666,611.7333999999998,625.4333999999999,628.6666,592.7999999999998,647.6,,,0.0,0.0,0.0,11,15
2019-05-14 11:20:00,614.15,614.45,613.9,614.2,14453,2019-05-14,2019,611.6999999999998,606.4999999999999,625.3999999999999,633.9,628.7,615.0,628.7,616.9,620.1999999999999,614.9666,611.7333999999998,625.4333999999999,628.6666,592.7999999999998,647.6,,,0.0,0.0,0.0,11,20
2019-05-14 11:25:00,614.2,615.5,613.85,614.65,72232,2019-05-14,2019,611.6999999999998,606.4999999999999,625.3999999999999,633.9,628.7,615.0,628.7,616.9,620.1999999999999,614.9666,611.7333999999998,625.4333999999999,628.6666,592.7999999999998,647.6,,,0.0,0.0,0.0,11,25
2019-05-14 11:30:00,614.65,614.8,614.35,614.55,26467,2019-05-14,2019,611.6999999999998,606.4999999999999,625.3999999999999,633.9,628.7,615.0,628.7,616.9,620.1999999999999,614.9666,611.7333999999998,625.4333999999999,628.6666,592.7999999999998,647.6,,,0.0,0.0,0.0,11,30
2019-05-14 11:35:00,614.55,614.65,613.75,614.0,32892,2019-05-14,2019,611.6999999999998,606.4999999999999,625.3999999999999,633.9,628.7,615.0,628.7,616.9,620.1999999999999,614.9666,611.7333999999998,625.4333999999999,628.6666,592.7999999999998,647.6,,,0.0,0.0,0.0,11,35
2019-05-14 11:40:00,614.0,614.75,613.9,614.5,21966,2019-05-14,2019,611.6999999999998,606.4999999999999,625.3999999999999,633.9,628.7,615.0,628.7,616.9,620.1999999999999,614.9666,611.7333999999998,625.4333999999999,628.6666,592.7999999999998,647.6,,,0.0,0.0,0.0,11,40
2019-05-14 11:45:00,614.5,614.7,613.75,614.1,21719,2019-05-14,2019,611.6999999999998,606.4999999999999,625.3999999999999,633.9,628.7,615.0,628.7,616.9,620.1999999999999,614.9666,611.7333999999998,625.4333999999999,628.6666,592.7999999999998,647.6,,,0.0,0.0,0.0,11,45
2019-05-14 11:50:00,614.1,614.45,613.9,614.0,14310,2019-05-14,2019,611.6999999999998,606.4999999999999,625.3999999999999,633.9,628.7,615.0,628.7,616.9,620.1999999999999,614.9666,611.7333999999998,625.4333999999999,628.6666,592.7999999999998,647.6,,,0.0,0.0,0.0,11,50
2019-05-14 11:55:00,614.0,614.65,613.6,613.6,23188,2019-05-14,2019,611.6999999999998,606.4999999999999,625.3999999999999,633.9,628.7,615.0,628.7,616.9,620.1999999999999,614.9666,611.7333999999998,625.4333999999999,628.6666,592.7999999999998,647.6,,,0.0,0.0,0.0,11,55
2019-05-14 12:00:00,613.7,613.8,612.6,613.1,22255,2019-05-14,2019,611.6999999999998,606.4999999999999,625.3999999999999,633.9,628.7,615.0,628.7,616.9,620.1999999999999,614.9666,611.7333999999998,625.4333999999999,628.6666,592.7999999999998,647.6,,,0.0,0.0,0.0,12,0
2019-05-14 12:05:00,613.1,615.15,613.1,614.25,50514,2019-05-14,2019,611.6999999999998,606.4999999999999,625.3999999999999,633.9,628.7,615.0,628.7,616.9,620.1999999999999,614.9666,611.7333999999998,625.4333999999999,628.6666,592.7999999999998,647.6,,,0.0,0.0,0.0,12,5
2019-05-14 12:10:00,614.2,614.5,613.65,613.8,14050,2019-05-14,2019,611.6999999999998,606.4999999999999,625.3999999999999,633.9,628.7,615.0,628.7,616.9,620.1999999999999,614.9666,611.7333999999998,625.4333999999999,628.6666,592.7999999999998,647.6,,,0.0,0.0,0.0,12,10
2019-05-14 12:15:00,613.75,615.3,613.75,615.0,36192,2019-05-14,2019,611.6999999999998,606.4999999999999,625.3999999999999,633.9,628.7,615.0,628.7,616.9,620.1999999999999,614.9666,611.7333999999998,625.4333999999999,628.6666,592.7999999999998,647.6,,,0.0,0.0,0.0,12,15
2019-05-14 12:20:00,615.0,616.05,615.0,615.05,34939,2019-05-14,2019,611.6999999999998,606.4999999999999,625.3999999999999,633.9,628.7,615.0,628.7,616.9,620.1999999999999,614.9666,611.7333999999998,625.4333999999999,628.6666,592.7999999999998,647.6,,,0.0,0.0,0.0,12,20
2019-05-14 12:25:00,615.4,615.4,614.0,614.0,19195,2019-05-14,2019,611.6999999999998,606.4999999999999,625.3999999999999,633.9,628.7,615.0,628.7,616.9,620.1999999999999,614.9666,611.7333999999998,625.4333999999999,628.6666,592.7999999999998,647.6,,,0.0,0.0,0.0,12,25
2019-05-14 12:30:00,614.0,614.05,613.55,613.8,14687,2019-05-14,2019,611.6999999999998,606.4999999999999,625.3999999999999,633.9,628.7,615.0,628.7,616.9,620.1999999999999,614.9666,611.7333999999998,625.4333999999999,628.6666,592.7999999999998,647.6,,,0.0,0.0,0.0,12,30
2019-05-14 12:35:00,613.8,614.4,613.6,614.1,29559,2019-05-14,2019,611.6999999999998,606.4999999999999,625.3999999999999,633.9,628.7,615.0,628.7,616.9,620.1999999999999,614.9666,611.7333999999998,625.4333999999999,628.6666,592.7999999999998,647.6,,,0.0,0.0,0.0,12,35
2019-05-14 12:40:00,614.05,614.3,613.85,613.95,18842,2019-05-14,2019,611.6999999999998,606.4999999999999,625.3999999999999,633.9,628.7,615.0,628.7,616.9,620.1999999999999,614.9666,611.7333999999998,625.4333999999999,628.6666,592.7999999999998,647.6,,,0.0,0.0,0.0,12,40
2019-05-14 12:45:00,613.85,614.0,613.0,613.35,106548,2019-05-14,2019,611.6999999999998,606.4999999999999,625.3999999999999,633.9,628.7,615.0,628.7,616.9,620.1999999999999,614.9666,611.7333999999998,625.4333999999999,628.6666,592.7999999999998,647.6,,,0.0,0.0,0.0,12,45
2019-05-14 12:50:00,613.35,614.25,613.35,613.5,38627,2019-05-14,2019,611.6999999999998,606.4999999999999,625.3999999999999,633.9,628.7,615.0,628.7,616.9,620.1999999999999,614.9666,611.7333999999998,625.4333999999999,628.6666,592.7999999999998,647.6,,,0.0,0.0,0.0,12,50
2019-05-14 12:55:00,613.6,613.6,612.8,613.55,35973,2019-05-14,2019,611.6999999999998,606.4999999999999,625.3999999999999,633.9,628.7,615.0,628.7,616.9,620.1999999999999,614.9666,611.7333999999998,625.4333999999999,628.6666,592.7999999999998,647.6,,,0.0,0.0,0.0,12,55
2019-05-14 13:00:00,613.55,613.55,612.2,612.35,27283,2019-05-14,2019,611.6999999999998,606.4999999999999,625.3999999999999,633.9,628.7,615.0,628.7,616.9,620.1999999999999,614.9666,611.7333999999998,625.4333999999999,628.6666,592.7999999999998,647.6,,,0.0,0.0,0.0,13,0
2019-05-14 13:05:00,612.35,613.65,612.35,613.3,25257,2019-05-14,2019,611.6999999999998,606.4999999999999,625.3999999999999,633.9,628.7,615.0,628.7,616.9,620.1999999999999,614.9666,611.7333999999998,625.4333999999999,628.6666,592.7999999999998,647.6,,,0.0,0.0,0.0,13,5
2019-05-14 13:10:00,613.3,613.5,612.5,613.0,25251,2019-05-14,2019,611.6999999999998,606.4999999999999,625.3999999999999,633.9,628.7,615.0,628.7,616.9,620.1999999999999,614.9666,611.7333999999998,625.4333999999999,628.6666,592.7999999999998,647.6,,,0.0,0.0,0.0,13,10
2019-05-14 13:15:00,613.0,614.25,612.85,613.45,23532,2019-05-14,2019,611.6999999999998,606.4999999999999,625.3999999999999,633.9,628.7,615.0,628.7,616.9,620.1999999999999,614.9666,611.7333999999998,625.4333999999999,628.6666,592.7999999999998,647.6,,,0.0,0.0,0.0,13,15
2019-05-14 13:20:00,613.45,613.65,613.0,613.4,23864,2019-05-14,2019,611.6999999999998,606.4999999999999,625.3999999999999,633.9,628.7,615.0,628.7,616.9,620.1999999999999,614.9666,611.7333999999998,625.4333999999999,628.6666,592.7999999999998,647.6,,,0.0,0.0,0.0,13,20
2019-05-14 13:25:00,613.4,613.45,612.5,613.45,37556,2019-05-14,2019,611.6999999999998,606.4999999999999,625.3999999999999,633.9,628.7,615.0,628.7,616.9,620.1999999999999,614.9666,611.7333999999998,625.4333999999999,628.6666,592.7999999999998,647.6,,,0.0,0.0,0.0,13,25
2019-05-14 13:30:00,613.45,614.2,612.35,613.85,70584,2019-05-14,2019,611.6999999999998,606.4999999999999,625.3999999999999,633.9,628.7,615.0,628.7,616.9,620.1999999999999,614.9666,611.7333999999998,625.4333999999999,628.6666,592.7999999999998,647.6,,,0.0,0.0,0.0,13,30
2019-05-14 13:35:00,614.0,614.45,613.6,614.0,23570,2019-05-14,2019,611.6999999999998,606.4999999999999,625.3999999999999,633.9,628.7,615.0,628.7,616.9,620.1999999999999,614.9666,611.7333999999998,625.4333999999999,628.6666,592.7999999999998,647.6,,,0.0,0.0,0.0,13,35
2019-05-14 13:40:00,614.0,614.75,614.0,614.45,44690,2019-05-14,2019,611.6999999999998,606.4999999999999,625.3999999999999,633.9,628.7,615.0,628.7,616.9,620.1999999999999,614.9666,611.7333999999998,625.4333999999999,628.6666,592.7999999999998,647.6,,,0.0,0.0,0.0,13,40
2019-05-14 13:45:00,614.25,615.9,614.25,615.45,42348,2019-05-14,2019,611.6999999999998,606.4999999999999,625.3999999999999,633.9,628.7,615.0,628.7,616.9,620.1999999999999,614.9666,611.7333999999998,625.4333999999999,628.6666,592.7999999999998,647.6,,,0.0,0.0,0.0,13,45
2019-05-14 13:50:00,615.45,616.95,615.0,616.05,87025,2019-05-14,2019,611.6999999999998,606.4999999999999,625.3999999999999,633.9,628.7,615.0,628.7,616.9,620.1999999999999,614.9666,611.7333999999998,625.4333999999999,628.6666,592.7999999999998,647.6,,,0.0,0.0,0.0,13,50
2019-05-14 13:55:00,616.35,617.45,615.1,616.2,65079,2019-05-14,2019,611.6999999999998,606.4999999999999,625.3999999999999,633.9,628.7,615.0,628.7,616.9,620.1999999999999,614.9666,611.7333999999998,625.4333999999999,628.6666,592.7999999999998,647.6,,,0.0,0.0,0.0,13,55
2019-05-14 14:00:00,616.15,617.25,615.2,617.25,44766,2019-05-14,2019,611.6999999999998,606.4999999999999,625.3999999999999,633.9,628.7,615.0,628.7,616.9,620.1999999999999,614.9666,611.7333999999998,625.4333999999999,628.6666,592.7999999999998,647.6,,,0.0,0.0,0.0,14,0
2019-05-14 14:05:00,617.3,618.0,616.5,617.1,45392,2019-05-14,2019,611.6999999999998,606.4999999999999,625.3999999999999,633.9,628.7,615.0,628.7,616.9,620.1999999999999,614.9666,611.7333999999998,625.4333999999999,628.6666,592.7999999999998,647.6,,,0.0,0.0,0.0,14,5
2019-05-14 14:10:00,617.05,617.3,615.25,616.35,31953,2019-05-14,2019,611.6999999999998,606.4999999999999,625.3999999999999,633.9,628.7,615.0,628.7,616.9,620.1999999999999,614.9666,611.7333999999998,625.4333999999999,628.6666,592.7999999999998,647.6,,,0.0,0.0,0.0,14,10
2019-05-14 14:15:00,616.35,616.45,615.5,616.1,24427,2019-05-14,2019,611.6999999999998,606.4999999999999,625.3999999999999,633.9,628.7,615.0,628.7,616.9,620.1999999999999,614.9666,611.7333999999998,625.4333999999999,628.6666,592.7999999999998,647.6,,,0.0,0.0,0.0,14,15
2019-05-14 14:20:00,616.1,617.1,616.1,616.6,35773,2019-05-14,2019,611.6999999999998,606.4999999999999,625.3999999999999,633.9,628.7,615.0,628.7,616.9,620.1999999999999,614.9666,611.7333999999998,625.4333999999999,628.6666,592.7999999999998,647.6,,,0.0,0.0,0.0,14,20
2019-05-14 14:25:00,616.55,616.6,616.0,616.5,24705,2019-05-14,2019,611.6999999999998,606.4999999999999,625.3999999999999,633.9,628.7,615.0,628.7,616.9,620.1999999999999,614.9666,611.7333999999998,625.4333999999999,628.6666,592.7999999999998,647.6,,,0.0,0.0,0.0,14,25
2019-05-14 14:30:00,616.5,616.65,616.05,616.55,27477,2019-05-14,2019,611.6999999999998,606.4999999999999,625.3999999999999,633.9,628.7,615.0,628.7,616.9,620.1999999999999,614.9666,611.7333999999998,625.4333999999999,628.6666,592.7999999999998,647.6,,,0.0,0.0,0.0,14,30
2019-05-14 14:35:00,616.55,617.4,616.55,616.9,79658,2019-05-14,2019,611.6999999999998,606.4999999999999,625.3999999999999,633.9,628.7,615.0,628.7,616.9,620.1999999999999,614.9666,611.7333999999998,625.4333999999999,628.6666,592.7999999999998,647.6,,,0.0,0.0,0.0,14,35
2019-05-14 14:40:00,616.85,618.0,616.75,617.05,74577,2019-05-14,2019,611.6999999999998,606.4999999999999,625.3999999999999,633.9,628.7,615.0,628.7,616.9,620.1999999999999,614.9666,611.7333999999998,625.4333999999999,628.6666,592.7999999999998,647.6,,,0.0,0.0,0.0,14,40
2019-05-14 14:45:00,617.05,617.35,614.25,614.5,67780,2019-05-14,2019,611.6999999999998,606.4999999999999,625.3999999999999,633.9,628.7,615.0,628.7,616.9,620.1999999999999,614.9666,611.7333999999998,625.4333999999999,628.6666,592.7999999999998,647.6,,,0.0,0.0,0.0,14,45
2019-05-14 14:50:00,614.5,614.95,612.3,613.05,50417,2019-05-14,2019,611.6999999999998,606.4999999999999,625.3999999999999,633.9,628.7,615.0,628.7,616.9,620.1999999999999,614.9666,611.7333999999998,625.4333999999999,628.6666,592.7999999999998,647.6,,,0.0,0.0,0.0,14,50
2019-05-14 14:55:00,613.05,615.0,613.05,613.9,35028,2019-05-14,2019,611.6999999999998,606.4999999999999,625.3999999999999,633.9,628.7,615.0,628.7,616.9,620.1999999999999,614.9666,611.7333999999998,625.4333999999999,628.6666,592.7999999999998,647.6,,,0.0,0.0,0.0,14,55
2019-05-14 15:00:00,614.15,614.15,612.95,613.8,78220,2019-05-14,2019,611.6999999999998,606.4999999999999,625.3999999999999,633.9,628.7,615.0,628.7,616.9,620.1999999999999,614.9666,611.7333999999998,625.4333999999999,628.6666,592.7999999999998,647.6,,,0.0,0.0,0.0,15,0
2019-05-14 15:05:00,613.8,614.05,612.9,614.0,78344,2019-05-14,2019,611.6999999999998,606.4999999999999,625.3999999999999,633.9,628.7,615.0,628.7,616.9,620.1999999999999,614.9666,611.7333999999998,625.4333999999999,628.6666,592.7999999999998,647.6,,,0.0,0.0,0.0,15,5
2019-05-14 15:10:00,614.0,615.55,614.0,614.85,62862,2019-05-14,2019,611.6999999999998,606.4999999999999,625.3999999999999,633.9,628.7,615.0,628.7,616.9,620.1999999999999,614.9666,611.7333999999998,625.4333999999999,628.6666,592.7999999999998,647.6,,,0.0,0.0,0.0,15,10
2019-05-14 15:15:00,614.85,615.7,614.75,615.2,78306,2019-05-14,2019,611.6999999999998,606.4999999999999,625.3999999999999,633.9,628.7,615.0,628.7,616.9,620.1999999999999,614.9666,611.7333999999998,625.4333999999999,628.6666,592.7999999999998,647.6,,,0.0,0.0,0.0,15,15
2019-05-14 15:20:00,615.2,615.2,614.0,614.1,63482,2019-05-14,2019,611.6999999999998,606.4999999999999,625.3999999999999,633.9,628.7,615.0,628.7,616.9,620.1999999999999,614.9666,611.7333999999998,625.4333999999999,628.6666,592.7999999999998,647.6,,,0.0,0.0,0.0,15,20
2019-05-14 15:25:00,614.1,614.7,614.0,614.6,42104,2019-05-14,2019,611.6999999999998,606.4999999999999,625.3999999999999,633.9,628.7,615.0,628.7,616.9,620.1999999999999,614.9666,611.7333999999998,625.4333999999999,628.6666,592.7999999999998,647.6,,,0.0,0.0,0.0,15,25
2019-05-15 09:15:00,618.0,619.2,616.4,618.8,50144,2019-05-15,2019,609.9166666666665,605.2333333333332,619.9166666666665,625.2333333333332,620.55,610.55,616.9,614.6,615.2333333333332,611.4133333333332,609.0533333333333,619.0533333333333,621.4133333333332,595.2333333333332,635.2333333333332,,,0.0,0.0,0.0,9,15
2019-05-15 09:20:00,618.95,620.0,617.7,620.0,36372,2019-05-15,2019,609.9166666666665,605.2333333333332,619.9166666666665,625.2333333333332,620.55,610.55,616.9,614.6,615.2333333333332,611.4133333333332,609.0533333333333,619.0533333333333,621.4133333333332,595.2333333333332,635.2333333333332,Entry,Buy,619.2,624.4333333333333,616.4,9,20
2019-05-15 09:25:00,619.8,621.95,619.7,620.6,51920,2019-05-15,2019,609.9166666666665,605.2333333333332,619.9166666666665,625.2333333333332,620.55,610.55,616.9,614.6,615.2333333333332,611.4133333333332,609.0533333333333,619.0533333333333,621.4133333333332,595.2333333333332,635.2333333333332,,,0.0,0.0,0.0,9,25
2019-05-15 09:30:00,620.6,621.7,620.15,621.4,43252,2019-05-15,2019,609.9166666666665,605.2333333333332,619.9166666666665,625.2333333333332,620.55,610.55,616.9,614.6,615.2333333333332,611.4133333333332,609.0533333333333,619.0533333333333,621.4133333333332,595.2333333333332,635.2333333333332,,,0.0,0.0,0.0,9,30
2019-05-15 09:35:00,621.4,622.55,621.25,622.15,34396,2019-05-15,2019,609.9166666666665,605.2333333333332,619.9166666666665,625.2333333333332,620.55,610.55,616.9,614.6,615.2333333333332,611.4133333333332,609.0533333333333,619.0533333333333,621.4133333333332,595.2333333333332,635.2333333333332,,,0.0,0.0,0.0,9,35
2019-05-15 09:40:00,622.15,623.5,622.0,622.75,36927,2019-05-15,2019,609.9166666666665,605.2333333333332,619.9166666666665,625.2333333333332,620.55,610.55,616.9,614.6,615.2333333333332,611.4133333333332,609.0533333333333,619.0533333333333,621.4133333333332,595.2333333333332,635.2333333333332,,,0.0,0.0,0.0,9,40
2019-05-15 09:45:00,622.6,623.0,622.2,622.5,23552,2019-05-15,2019,609.9166666666665,605.2333333333332,619.9166666666665,625.2333333333332,620.55,610.55,616.9,614.6,615.2333333333332,611.4133333333332,609.0533333333333,619.0533333333333,621.4133333333332,595.2333333333332,635.2333333333332,,,0.0,0.0,0.0,9,45
2019-05-15 09:50:00,622.5,623.95,622.35,623.4,35205,2019-05-15,2019,609.9166666666665,605.2333333333332,619.9166666666665,625.2333333333332,620.55,610.55,616.9,614.6,615.2333333333332,611.4133333333332,609.0533333333333,619.0533333333333,621.4133333333332,595.2333333333332,635.2333333333332,,,0.0,0.0,0.0,9,50
2019-05-15 09:55:00,623.4,626.0,623.15,625.05,78447,2019-05-15,2019,609.9166666666665,605.2333333333332,619.9166666666665,625.2333333333332,620.55,610.55,616.9,614.6,615.2333333333332,611.4133333333332,609.0533333333333,619.0533333333333,621.4133333333332,595.2333333333332,635.2333333333332,Exit,Sell,624.4333333333333,0.0,0.0,9,55
2019-05-15 10:00:00,625.05,626.5,624.15,626.5,53275,2019-05-15,2019,609.9166666666665,605.2333333333332,619.9166666666665,625.2333333333332,620.55,610.55,616.9,614.6,615.2333333333332,611.4133333333332,609.0533333333333,619.0533333333333,621.4133333333332,595.2333333333332,635.2333333333332,,,0.0,0.0,0.0,10,0
2019-05-15 10:05:00,626.4,627.45,626.1,626.9,42534,2019-05-15,2019,609.9166666666665,605.2333333333332,619.9166666666665,625.2333333333332,620.55,610.55,616.9,614.6,615.2333333333332,611.4133333333332,609.0533333333333,619.0533333333333,621.4133333333332,595.2333333333332,635.2333333333332,,,0.0,0.0,0.0,10,5
2019-05-15 10:10:00,626.9,627.0,625.65,626.25,36583,2019-05-15,2019,609.9166666666665,605.2333333333332,619.9166666666665,625.2333333333332,620.55,610.55,616.9,614.6,615.2333333333332,611.4133333333332,609.0533333333333,619.0533333333333,621.4133333333332,595.2333333333332,635.2333333333332,,,0.0,0.0,0.0,10,10
2019-05-15 10:15:00,626.25,627.9,626.2,627.55,32384,2019-05-15,2019,609.9166666666665,605.2333333333332,619.9166666666665,625.2333333333332,620.55,610.55,616.9,614.6,615.2333333333332,611.4133333333332,609.0533333333333,619.0533333333333,621.4133333333332,595.2333333333332,635.2333333333332,,,0.0,0.0,0.0,10,15
2019-05-15 10:20:00,627.5,628.4,626.7,626.7,35401,2019-05-15,2019,609.9166666666665,605.2333333333332,619.9166666666665,625.2333333333332,620.55,610.55,616.9,614.6,615.2333333333332,611.4133333333332,609.0533333333333,619.0533333333333,621.4133333333332,595.2333333333332,635.2333333333332,,,0.0,0.0,0.0,10,20
2019-05-15 10:25:00,626.7,626.85,625.1,625.9,28971,2019-05-15,2019,609.9166666666665,605.2333333333332,619.9166666666665,625.2333333333332,620.55,610.55,616.9,614.6,615.2333333333332,611.4133333333332,609.0533333333333,619.0533333333333,621.4133333333332,595.2333333333332,635.2333333333332,,,0.0,0.0,0.0,10,25
2019-05-15 10:30:00,625.9,625.9,623.8,624.7,32052,2019-05-15,2019,609.9166666666665,605.2333333333332,619.9166666666665,625.2333333333332,620.55,610.55,616.9,614.6,615.2333333333332,611.4133333333332,609.0533333333333,619.0533333333333,621.4133333333332,595.2333333333332,635.2333333333332,,,0.0,0.0,0.0,10,30
2019-05-15 10:35:00,624.7,625.8,624.6,625.45,15707,2019-05-15,2019,609.9166666666665,605.2333333333332,619.9166666666665,625.2333333333332,620.55,610.55,616.9,614.6,615.2333333333332,611.4133333333332,609.0533333333333,619.0533333333333,621.4133333333332,595.2333333333332,635.2333333333332,,,0.0,0.0,0.0,10,35
2019-05-15 10:40:00,625.4,625.5,624.5,624.75,7973,2019-05-15,2019,609.9166666666665,605.2333333333332,619.9166666666665,625.2333333333332,620.55,610.55,616.9,614.6,615.2333333333332,611.4133333333332,609.0533333333333,619.0533333333333,621.4133333333332,595.2333333333332,635.2333333333332,,,0.0,0.0,0.0,10,40
2019-05-15 10:45:00,624.75,624.95,624.0,624.25,13212,2019-05-15,2019,609.9166666666665,605.2333333333332,619.9166666666665,625.2333333333332,620.55,610.55,616.9,614.6,615.2333333333332,611.4133333333332,609.0533333333333,619.0533333333333,621.4133333333332,595.2333333333332,635.2333333333332,,,0.0,0.0,0.0,10,45
2019-05-15 10:50:00,624.25,624.7,623.35,624.2,18908,2019-05-15,2019,609.9166666666665,605.2333333333332,619.9166666666665,625.2333333333332,620.55,610.55,616.9,614.6,615.2333333333332,611.4133333333332,609.0533333333333,619.0533333333333,621.4133333333332,595.2333333333332,635.2333333333332,,,0.0,0.0,0.0,10,50
2019-05-15 10:55:00,624.25,624.75,624.0,624.65,5796,2019-05-15,2019,609.9166666666665,605.2333333333332,619.9166666666665,625.2333333333332,620.55,610.55,616.9,614.6,615.2333333333332,611.4133333333332,609.0533333333333,619.0533333333333,621.4133333333332,595.2333333333332,635.2333333333332,,,0.0,0.0,0.0,10,55
2019-05-15 11:00:00,624.55,624.75,623.7,623.7,14525,2019-05-15,2019,609.9166666666665,605.2333333333332,619.9166666666665,625.2333333333332,620.55,610.55,616.9,614.6,615.2333333333332,611.4133333333332,609.0533333333333,619.0533333333333,621.4133333333332,595.2333333333332,635.2333333333332,,,0.0,0.0,0.0,11,0
2019-05-15 11:05:00,623.85,624.2,623.3,623.65,17562,2019-05-15,2019,609.9166666666665,605.2333333333332,619.9166666666665,625.2333333333332,620.55,610.55,616.9,614.6,615.2333333333332,611.4133333333332,609.0533333333333,619.0533333333333,621.4133333333332,595.2333333333332,635.2333333333332,,,0.0,0.0,0.0,11,5
2019-05-15 11:10:00,623.9,623.9,623.05,623.45,14127,2019-05-15,2019,609.9166666666665,605.2333333333332,619.9166666666665,625.2333333333332,620.55,610.55,616.9,614.6,615.2333333333332,611.4133333333332,609.0533333333333,619.0533333333333,621.4133333333332,595.2333333333332,635.2333333333332,,,0.0,0.0,0.0,11,10
2019-05-15 11:15:00,623.45,623.5,620.8,621.3,41054,2019-05-15,2019,609.9166666666665,605.2333333333332,619.9166666666665,625.2333333333332,620.55,610.55,616.9,614.6,615.2333333333332,611.4133333333332,609.0533333333333,619.0533333333333,621.4133333333332,595.2333333333332,635.2333333333332,,,0.0,0.0,0.0,11,15
2019-05-15 11:20:00,621.3,622.65,621.0,622.35,20545,2019-05-15,2019,609.9166666666665,605.2333333333332,619.9166666666665,625.2333333333332,620.55,610.55,616.9,614.6,615.2333333333332,611.4133333333332,609.0533333333333,619.0533333333333,621.4133333333332,595.2333333333332,635.2333333333332,,,0.0,0.0,0.0,11,20
2019-05-15 11:25:00,622.45,624.5,622.25,624.2,15635,2019-05-15,2019,609.9166666666665,605.2333333333332,619.9166666666665,625.2333333333332,620.55,610.55,616.9,614.6,615.2333333333332,611.4133333333332,609.0533333333333,619.0533333333333,621.4133333333332,595.2333333333332,635.2333333333332,,,0.0,0.0,0.0,11,25
2019-05-15 11:30:00,624.2,624.25,623.4,623.5,101750,2019-05-15,2019,609.9166666666665,605.2333333333332,619.9166666666665,625.2333333333332,620.55,610.55,616.9,614.6,615.2333333333332,611.4133333333332,609.0533333333333,619.0533333333333,621.4133333333332,595.2333333333332,635.2333333333332,,,0.0,0.0,0.0,11,30
2019-05-15 11:35:00,623.85,624.0,623.4,623.6,147866,2019-05-15,2019,609.9166666666665,605.2333333333332,619.9166666666665,625.2333333333332,620.55,610.55,616.9,614.6,615.2333333333332,611.4133333333332,609.0533333333333,619.0533333333333,621.4133333333332,595.2333333333332,635.2333333333332,,,0.0,0.0,0.0,11,35
2019-05-15 11:40:00,623.6,623.7,623.25,623.4,16415,2019-05-15,2019,609.9166666666665,605.2333333333332,619.9166666666665,625.2333333333332,620.55,610.55,616.9,614.6,615.2333333333332,611.4133333333332,609.0533333333333,619.0533333333333,621.4133333333332,595.2333333333332,635.2333333333332,,,0.0,0.0,0.0,11,40
2019-05-15 11:45:00,623.35,623.7,623.25,623.45,30938,2019-05-15,2019,609.9166666666665,605.2333333333332,619.9166666666665,625.2333333333332,620.55,610.55,616.9,614.6,615.2333333333332,611.4133333333332,609.0533333333333,619.0533333333333,621.4133333333332,595.2333333333332,635.2333333333332,,,0.0,0.0,0.0,11,45
2019-05-15 11:50:00,623.45,624.3,623.4,624.05,15297,2019-05-15,2019,609.9166666666665,605.2333333333332,619.9166666666665,625.2333333333332,620.55,610.55,616.9,614.6,615.2333333333332,611.4133333333332,609.0533333333333,619.0533333333333,621.4133333333332,595.2333333333332,635.2333333333332,,,0.0,0.0,0.0,11,50
2019-05-15 11:55:00,624.35,625.0,624.05,624.9,18776,2019-05-15,2019,609.9166666666665,605.2333333333332,619.9166666666665,625.2333333333332,620.55,610.55,616.9,614.6,615.2333333333332,611.4133333333332,609.0533333333333,619.0533333333333,621.4133333333332,595.2333333333332,635.2333333333332,,,0.0,0.0,0.0,11,55
2019-05-15 12:00:00,624.9,624.9,623.5,623.55,137102,2019-05-15,2019,609.9166666666665,605.2333333333332,619.9166666666665,625.2333333333332,620.55,610.55,616.9,614.6,615.2333333333332,611.4133333333332,609.0533333333333,619.0533333333333,621.4133333333332,595.2333333333332,635.2333333333332,,,0.0,0.0,0.0,12,0
2019-05-15 12:05:00,623.55,624.5,623.55,624.3,16371,2019-05-15,2019,609.9166666666665,605.2333333333332,619.9166666666665,625.2333333333332,620.55,610.55,616.9,614.6,615.2333333333332,611.4133333333332,609.0533333333333,619.0533333333333,621.4133333333332,595.2333333333332,635.2333333333332,,,0.0,0.0,0.0,12,5
2019-05-15 12:10:00,624.3,624.8,624.0,624.05,9985,2019-05-15,2019,609.9166666666665,605.2333333333332,619.9166666666665,625.2333333333332,620.55,610.55,616.9,614.6,615.2333333333332,611.4133333333332,609.0533333333333,619.0533333333333,621.4133333333332,595.2333333333332,635.2333333333332,,,0.0,0.0,0.0,12,10
2019-05-15 12:15:00,624.05,624.6,624.0,624.5,48949,2019-05-15,2019,609.9166666666665,605.2333333333332,619.9166666666665,625.2333333333332,620.55,610.55,616.9,614.6,615.2333333333332,611.4133333333332,609.0533333333333,619.0533333333333,621.4133333333332,595.2333333333332,635.2333333333332,,,0.0,0.0,0.0,12,15
2019-05-15 12:20:00,624.5,625.4,624.0,625.1,22418,2019-05-15,2019,609.9166666666665,605.2333333333332,619.9166666666665,625.2333333333332,620.55,610.55,616.9,614.6,615.2333333333332,611.4133333333332,609.0533333333333,619.0533333333333,621.4133333333332,595.2333333333332,635.2333333333332,,,0.0,0.0,0.0,12,20
2019-05-15 12:25:00,625.1,625.9,624.7,624.7,12482,2019-05-15,2019,609.9166666666665,605.2333333333332,619.9166666666665,625.2333333333332,620.55,610.55,616.9,614.6,615.2333333333332,611.4133333333332,609.0533333333333,619.0533333333333,621.4133333333332,595.2333333333332,635.2333333333332,,,0.0,0.0,0.0,12,25
2019-05-15 12:30:00,624.55,625.0,623.7,624.05,52810,2019-05-15,2019,609.9166666666665,605.2333333333332,619.9166666666665,625.2333333333332,620.55,610.55,616.9,614.6,615.2333333333332,611.4133333333332,609.0533333333333,619.0533333333333,621.4133333333332,595.2333333333332,635.2333333333332,,,0.0,0.0,0.0,12,30
2019-05-15 12:35:00,624.05,624.35,623.75,624.0,35686,2019-05-15,2019,609.9166666666665,605.2333333333332,619.9166666666665,625.2333333333332,620.55,610.55,616.9,614.6,615.2333333333332,611.4133333333332,609.0533333333333,619.0533333333333,621.4133333333332,595.2333333333332,635.2333333333332,,,0.0,0.0,0.0,12,35
2019-05-15 12:40:00,624.15,624.9,624.0,624.0,12971,2019-05-15,2019,609.9166666666665,605.2333333333332,619.9166666666665,625.2333333333332,620.55,610.55,616.9,614.6,615.2333333333332,611.4133333333332,609.0533333333333,619.0533333333333,621.4133333333332,595.2333333333332,635.2333333333332,,,0.0,0.0,0.0,12,40
2019-05-15 12:45:00,624.0,624.55,623.6,624.0,29883,2019-05-15,2019,609.9166666666665,605.2333333333332,619.9166666666665,625.2333333333332,620.55,610.55,616.9,614.6,615.2333333333332,611.4133333333332,609.0533333333333,619.0533333333333,621.4133333333332,595.2333333333332,635.2333333333332,,,0.0,0.0,0.0,12,45
2019-05-15 12:50:00,624.0,624.5,623.9,624.0,11511,2019-05-15,2019,609.9166666666665,605.2333333333332,619.9166666666665,625.2333333333332,620.55,610.55,616.9,614.6,615.2333333333332,611.4133333333332,609.0533333333333,619.0533333333333,621.4133333333332,595.2333333333332,635.2333333333332,,,0.0,0.0,0.0,12,50
2019-05-15 12:55:00,624.0,624.1,623.75,623.9,5417,2019-05-15,2019,609.9166666666665,605.2333333333332,619.9166666666665,625.2333333333332,620.55,610.55,616.9,614.6,615.2333333333332,611.4133333333332,609.0533333333333,619.0533333333333,621.4133333333332,595.2333333333332,635.2333333333332,,,0.0,0.0,0.0,12,55
2019-05-15 13:00:00,623.9,624.3,623.7,624.0,6626,2019-05-15,2019,609.9166666666665,605.2333333333332,619.9166666666665,625.2333333333332,620.55,610.55,616.9,614.6,615.2333333333332,611.4133333333332,609.0533333333333,619.0533333333333,621.4133333333332,595.2333333333332,635.2333333333332,,,0.0,0.0,0.0,13,0
2019-05-15 13:05:00,624.0,624.0,622.35,622.7,42349,2019-05-15,2019,609.9166666666665,605.2333333333332,619.9166666666665,625.2333333333332,620.55,610.55,616.9,614.6,615.2333333333332,611.4133333333332,609.0533333333333,619.0533333333333,621.4133333333332,595.2333333333332,635.2333333333332,,,0.0,0.0,0.0,13,5
2019-05-15 13:10:00,622.7,623.3,621.3,621.4,29195,2019-05-15,2019,609.9166666666665,605.2333333333332,619.9166666666665,625.2333333333332,620.55,610.55,616.9,614.6,615.2333333333332,611.4133333333332,609.0533333333333,619.0533333333333,621.4133333333332,595.2333333333332,635.2333333333332,,,0.0,0.0,0.0,13,10
2019-05-15 13:15:00,621.4,622.85,620.5,621.45,40469,2019-05-15,2019,609.9166666666665,605.2333333333332,619.9166666666665,625.2333333333332,620.55,610.55,616.9,614.6,615.2333333333332,611.4133333333332,609.0533333333333,619.0533333333333,621.4133333333332,595.2333333333332,635.2333333333332,,,0.0,0.0,0.0,13,15
2019-05-15 13:20:00,621.45,622.8,621.15,622.5,13340,2019-05-15,2019,609.9166666666665,605.2333333333332,619.9166666666665,625.2333333333332,620.55,610.55,616.9,614.6,615.2333333333332,611.4133333333332,609.0533333333333,619.0533333333333,621.4133333333332,595.2333333333332,635.2333333333332,,,0.0,0.0,0.0,13,20
2019-05-15 13:25:00,622.5,622.5,619.2,620.0,87088,2019-05-15,2019,609.9166666666665,605.2333333333332,619.9166666666665,625.2333333333332,620.55,610.55,616.9,614.6,615.2333333333332,611.4133333333332,609.0533333333333,619.0533333333333,621.4133333333332,595.2333333333332,635.2333333333332,,,0.0,0.0,0.0,13,25
2019-05-15 13:30:00,619.8,622.5,619.7,622.25,18809,2019-05-15,2019,609.9166666666665,605.2333333333332,619.9166666666665,625.2333333333332,620.55,610.55,616.9,614.6,615.2333333333332,611.4133333333332,609.0533333333333,619.0533333333333,621.4133333333332,595.2333333333332,635.2333333333332,,,0.0,0.0,0.0,13,30
2019-05-15 13:35:00,621.95,622.35,620.6,621.0,13378,2019-05-15,2019,609.9166666666665,605.2333333333332,619.9166666666665,625.2333333333332,620.55,610.55,616.9,614.6,615.2333333333332,611.4133333333332,609.0533333333333,619.0533333333333,621.4133333333332,595.2333333333332,635.2333333333332,,,0.0,0.0,0.0,13,35
2019-05-15 13:40:00,621.0,621.4,620.55,621.4,14230,2019-05-15,2019,609.9166666666665,605.2333333333332,619.9166666666665,625.2333333333332,620.55,610.55,616.9,614.6,615.2333333333332,611.4133333333332,609.0533333333333,619.0533333333333,621.4133333333332,595.2333333333332,635.2333333333332,,,0.0,0.0,0.0,13,40
2019-05-15 13:45:00,621.5,623.05,621.4,622.75,26546,2019-05-15,2019,609.9166666666665,605.2333333333332,619.9166666666665,625.2333333333332,620.55,610.55,616.9,614.6,615.2333333333332,611.4133333333332,609.0533333333333,619.0533333333333,621.4133333333332,595.2333333333332,635.2333333333332,,,0.0,0.0,0.0,13,45
2019-05-15 13:50:00,622.65,624.5,622.5,623.9,14609,2019-05-15,2019,609.9166666666665,605.2333333333332,619.9166666666665,625.2333333333332,620.55,610.55,616.9,614.6,615.2333333333332,611.4133333333332,609.0533333333333,619.0533333333333,621.4133333333332,595.2333333333332,635.2333333333332,,,0.0,0.0,0.0,13,50
2019-05-15 13:55:00,624.0,624.0,623.35,623.4,20655,2019-05-15,2019,609.9166666666665,605.2333333333332,619.9166666666665,625.2333333333332,620.55,610.55,616.9,614.6,615.2333333333332,611.4133333333332,609.0533333333333,619.0533333333333,621.4133333333332,595.2333333333332,635.2333333333332,,,0.0,0.0,0.0,13,55
2019-05-15 14:00:00,623.4,624.0,623.3,623.65,13796,2019-05-15,2019,609.9166666666665,605.2333333333332,619.9166666666665,625.2333333333332,620.55,610.55,616.9,614.6,615.2333333333332,611.4133333333332,609.0533333333333,619.0533333333333,621.4133333333332,595.2333333333332,635.2333333333332,,,0.0,0.0,0.0,14,0
2019-05-15 14:05:00,623.75,624.0,623.5,623.5,11874,2019-05-15,2019,609.9166666666665,605.2333333333332,619.9166666666665,625.2333333333332,620.55,610.55,616.9,614.6,615.2333333333332,611.4133333333332,609.0533333333333,619.0533333333333,621.4133333333332,595.2333333333332,635.2333333333332,,,0.0,0.0,0.0,14,5
2019-05-15 14:10:00,623.6,623.6,621.55,621.8,24821,2019-05-15,2019,609.9166666666665,605.2333333333332,619.9166666666665,625.2333333333332,620.55,610.55,616.9,614.6,615.2333333333332,611.4133333333332,609.0533333333333,619.0533333333333,621.4133333333332,595.2333333333332,635.2333333333332,,,0.0,0.0,0.0,14,10
2019-05-15 14:15:00,621.85,622.5,621.0,622.5,12600,2019-05-15,2019,609.9166666666665,605.2333333333332,619.9166666666665,625.2333333333332,620.55,610.55,616.9,614.6,615.2333333333332,611.4133333333332,609.0533333333333,619.0533333333333,621.4133333333332,595.2333333333332,635.2333333333332,,,0.0,0.0,0.0,14,15
2019-05-15 14:20:00,622.4,622.9,621.5,622.4,13556,2019-05-15,2019,609.9166666666665,605.2333333333332,619.9166666666665,625.2333333333332,620.55,610.55,616.9,614.6,615.2333333333332,611.4133333333332,609.0533333333333,619.0533333333333,621.4133333333332,595.2333333333332,635.2333333333332,,,0.0,0.0,0.0,14,20
2019-05-15 14:25:00,622.5,622.75,620.0,620.55,16979,2019-05-15,2019,609.9166666666665,605.2333333333332,619.9166666666665,625.2333333333332,620.55,610.55,616.9,614.6,615.2333333333332,611.4133333333332,609.0533333333333,619.0533333333333,621.4133333333332,595.2333333333332,635.2333333333332,,,0.0,0.0,0.0,14,25
2019-05-15 14:30:00,620.4,621.25,619.8,620.8,14074,2019-05-15,2019,609.9166666666665,605.2333333333332,619.9166666666665,625.2333333333332,620.55,610.55,616.9,614.6,615.2333333333332,611.4133333333332,609.0533333333333,619.0533333333333,621.4133333333332,595.2333333333332,635.2333333333332,,,0.0,0.0,0.0,14,30
2019-05-15 14:35:00,621.0,621.7,619.75,619.9,13518,2019-05-15,2019,609.9166666666665,605.2333333333332,619.9166666666665,625.2333333333332,620.55,610.55,616.9,614.6,615.2333333333332,611.4133333333332,609.0533333333333,619.0533333333333,621.4133333333332,595.2333333333332,635.2333333333332,,,0.0,0.0,0.0,14,35
2019-05-15 14:40:00,619.95,620.0,617.5,619.6,74951,2019-05-15,2019,609.9166666666665,605.2333333333332,619.9166666666665,625.2333333333332,620.55,610.55,616.9,614.6,615.2333333333332,611.4133333333332,609.0533333333333,619.0533333333333,621.4133333333332,595.2333333333332,635.2333333333332,,,0.0,0.0,0.0,14,40
2019-05-15 14:45:00,619.9,619.9,615.25,615.9,60116,2019-05-15,2019,609.9166666666665,605.2333333333332,619.9166666666665,625.2333333333332,620.55,610.55,616.9,614.6,615.2333333333332,611.4133333333332,609.0533333333333,619.0533333333333,621.4133333333332,595.2333333333332,635.2333333333332,Entry,Sell,616.4,611.9133333333332,628.4,14,45
2019-05-15 14:50:00,615.9,617.45,614.5,615.2,47248,2019-05-15,2019,609.9166666666665,605.2333333333332,619.9166666666665,625.2333333333332,620.55,610.55,616.9,614.6,615.2333333333332,611.4133333333332,609.0533333333333,619.0533333333333,621.4133333333332,595.2333333333332,635.2333333333332,,,0.0,0.0,0.0,14,50
2019-05-15 14:55:00,615.25,616.8,614.7,616.25,40518,2019-05-15,2019,609.9166666666665,605.2333333333332,619.9166666666665,625.2333333333332,620.55,610.55,616.9,614.6,615.2333333333332,611.4133333333332,609.0533333333333,619.0533333333333,621.4133333333332,595.2333333333332,635.2333333333332,,,0.0,0.0,0.0,14,55
2019-05-15 15:00:00,616.25,616.75,611.5,612.15,86233,2019-05-15,2019,609.9166666666665,605.2333333333332,619.9166666666665,625.2333333333332,620.55,610.55,616.9,614.6,615.2333333333332,611.4133333333332,609.0533333333333,619.0533333333333,621.4133333333332,595.2333333333332,635.2333333333332,Exit,Buy,611.9133333333332,0.0,0.0,15,0
2019-05-15 15:05:00,612.05,612.1,609.0,610.2,101505,2019-05-15,2019,609.9166666666665,605.2333333333332,619.9166666666665,625.2333333333332,620.55,610.55,616.9,614.6,615.2333333333332,611.4133333333332,609.0533333333333,619.0533333333333,621.4133333333332,595.2333333333332,635.2333333333332,,,0.0,0.0,0.0,15,5
2019-05-15 15:10:00,610.2,610.65,608.15,609.95,105304,2019-05-15,2019,609.9166666666665,605.2333333333332,619.9166666666665,625.2333333333332,620.55,610.55,616.9,614.6,615.2333333333332,611.4133333333332,609.0533333333333,619.0533333333333,621.4133333333332,595.2333333333332,635.2333333333332,,,0.0,0.0,0.0,15,10
2019-05-15 15:15:00,610.15,610.15,607.35,607.75,112124,2019-05-15,2019,609.9166666666665,605.2333333333332,619.9166666666665,625.2333333333332,620.55,610.55,616.9,614.6,615.2333333333332,611.4133333333332,609.0533333333333,619.0533333333333,621.4133333333332,595.2333333333332,635.2333333333332,,,0.0,0.0,0.0,15,15
2019-05-15 15:20:00,607.6,608.95,607.05,607.1,98089,2019-05-15,2019,609.9166666666665,605.2333333333332,619.9166666666665,625.2333333333332,620.55,610.55,616.9,614.6,615.2333333333332,611.4133333333332,609.0533333333333,619.0533333333333,621.4133333333332,595.2333333333332,635.2333333333332,,,0.0,0.0,0.0,15,20
2019-05-15 15:25:00,607.25,607.9,606.95,607.4,64013,2019-05-15,2019,609.9166666666665,605.2333333333332,619.9166666666665,625.2333333333332,620.55,610.55,616.9,614.6,615.2333333333332,611.4133333333332,609.0533333333333,619.0533333333333,621.4133333333332,595.2333333333332,635.2333333333332,,,0.0,0.0,0.0,15,25
2019-05-16 09:15:00,610.0,612.65,609.4,609.7,69317,2019-05-16,2019,600.1,592.8000000000001,621.55,635.6999999999999,628.4,606.95,618.0,607.4,614.25,606.0561,600.9939,622.4439,627.5061,571.3500000000001,657.1499999999999,,,0.0,0.0,0.0,9,15
2019-05-16 09:20:00,609.7,611.8,609.1,611.0,32895,2019-05-16,2019,600.1,592.8000000000001,621.55,635.6999999999999,628.4,606.95,618.0,607.4,614.25,606.0561,600.9939,622.4439,627.5061,571.3500000000001,657.1499999999999,Entry,Sell,609.4,604.4561,612.65,9,20
2019-05-16 09:25:00,611.0,611.2,604.05,605.2,87336,2019-05-16,2019,600.1,592.8000000000001,621.55,635.6999999999999,628.4,606.95,618.0,607.4,614.25,606.0561,600.9939,622.4439,627.5061,571.3500000000001,657.1499999999999,Exit,Buy,604.4561,0.0,0.0,9,25
2019-05-16 09:30:00,605.25,607.1,605.2,605.3,46854,2019-05-16,2019,600.1,592.8000000000001,621.55,635.6999999999999,628.4,606.95,618.0,607.4,614.25,606.0561,600.9939,622.4439,627.5061,571.3500000000001,657.1499999999999,,,0.0,0.0,0.0,9,30
2019-05-16 09:35:00,605.3,606.6,604.4,604.5,52952,2019-05-16,2019,600.1,592.8000000000001,621.55,635.6999999999999,628.4,606.95,618.0,607.4,614.25,606.0561,600.9939,622.4439,627.5061,571.3500000000001,657.1499999999999,,,0.0,0.0,0.0,9,35
2019-05-16 09:40:00,604.5,605.0,603.9,604.6,40735,2019-05-16,2019,600.1,592.8000000000001,621.55,635.6999999999999,628.4,606.95,618.0,607.4,614.25,606.0561,600.9939,622.4439,627.5061,571.3500000000001,657.1499999999999,,,0.0,0.0,0.0,9,40
2019-05-16 09:45:00,604.65,605.0,604.0,604.45,24450,2019-05-16,2019,600.1,592.8000000000001,621.55,635.6999999999999,628.4,606.95,618.0,607.4,614.25,606.0561,600.9939,622.4439,627.5061,571.3500000000001,657.1499999999999,,,0.0,0.0,0.0,9,45
2019-05-16 09:50:00,604.5,604.85,603.85,604.45,31496,2019-05-16,2019,600.1,592.8000000000001,621.55,635.6999999999999,628.4,606.95,618.0,607.4,614.25,606.0561,600.9939,622.4439,627.5061,571.3500000000001,657.1499999999999,,,0.0,0.0,0.0,9,50
2019-05-16 09:55:00,604.1,604.6,604.0,604.1,8654,2019-05-16,2019,600.1,592.8000000000001,621.55,635.6999999999999,628.4,606.95,618.0,607.4,614.25,606.0561,600.9939,622.4439,627.5061,571.3500000000001,657.1499999999999,,,0.0,0.0,0.0,9,55
2019-05-16 10:00:00,604.1,604.25,602.8,603.0,35371,2019-05-16,2019,600.1,592.8000000000001,621.55,635.6999999999999,628.4,606.95,618.0,607.4,614.25,606.0561,600.9939,622.4439,627.5061,571.3500000000001,657.1499999999999,,,0.0,0.0,0.0,10,0
2019-05-16 10:05:00,602.95,602.95,601.65,602.55,48327,2019-05-16,2019,600.1,592.8000000000001,621.55,635.6999999999999,628.4,606.95,618.0,607.4,614.25,606.0561,600.9939,622.4439,627.5061,571.3500000000001,657.1499999999999,,,0.0,0.0,0.0,10,5
2019-05-16 10:10:00,602.55,603.75,602.1,602.5,25140,2019-05-16,2019,600.1,592.8000000000001,621.55,635.6999999999999,628.4,606.95,618.0,607.4,614.25,606.0561,600.9939,622.4439,627.5061,571.3500000000001,657.1499999999999,,,0.0,0.0,0.0,10,10
2019-05-16 10:15:00,602.3,603.8,602.3,603.55,27671,2019-05-16,2019,600.1,592.8000000000001,621.55,635.6999999999999,628.4,606.95,618.0,607.4,614.25,606.0561,600.9939,622.4439,627.5061,571.3500000000001,657.1499999999999,,,0.0,0.0,0.0,10,15
2019-05-16 10:20:00,603.55,603.7,601.3,601.65,37420,2019-05-16,2019,600.1,592.8000000000001,621.55,635.6999999999999,628.4,606.95,618.0,607.4,614.25,606.0561,600.9939,622.4439,627.5061,571.3500000000001,657.1499999999999,,,0.0,0.0,0.0,10,20
2019-05-16 10:25:00,601.65,601.95,600.05,600.25,43758,2019-05-16,2019,600.1,592.8000000000001,621.55,635.6999999999999,628.4,606.95,618.0,607.4,614.25,606.0561,600.9939,622.4439,627.5061,571.3500000000001,657.1499999999999,,,0.0,0.0,0.0,10,25
2019-05-16 10:30:00,600.25,600.35,597.45,597.5,78234,2019-05-16,2019,600.1,592.8000000000001,621.55,635.6999999999999,628.4,606.95,618.0,607.4,614.25,606.0561,600.9939,622.4439,627.5061,571.3500000000001,657.1499999999999,,,0.0,0.0,0.0,10,30
2019-05-16 10:35:00,597.7,599.65,597.25,599.1,46085,2019-05-16,2019,600.1,592.8000000000001,621.55,635.6999999999999,628.4,606.95,618.0,607.4,614.25,606.0561,600.9939,622.4439,627.5061,571.3500000000001,657.1499999999999,,,0.0,0.0,0.0,10,35
2019-05-16 10:40:00,599.05,600.3,598.75,599.55,20915,2019-05-16,2019,600.1,592.8000000000001,621.55,635.6999999999999,628.4,606.95,618.0,607.4,614.25,606.0561,600.9939,622.4439,627.5061,571.3500000000001,657.1499999999999,,,0.0,0.0,0.0,10,40
2019-05-16 10:45:00,599.55,599.55,597.5,597.6,28405,2019-05-16,2019,600.1,592.8000000000001,621.55,635.6999999999999,628.4,606.95,618.0,607.4,614.25,606.0561,600.9939,622.4439,627.5061,571.3500000000001,657.1499999999999,,,0.0,0.0,0.0,10,45
2019-05-16 10:50:00,597.7,598.7,597.3,598.1,24485,2019-05-16,2019,600.1,592.8000000000001,621.55,635.6999999999999,628.4,606.95,618.0,607.4,614.25,606.0561,600.9939,622.4439,627.5061,571.3500000000001,657.1499999999999,,,0.0,0.0,0.0,10,50
2019-05-16 10:55:00,598.1,600.65,598.1,599.55,22714,2019-05-16,2019,600.1,592.8000000000001,621.55,635.6999999999999,628.4,606.95,618.0,607.4,614.25,606.0561,600.9939,622.4439,627.5061,571.3500000000001,657.1499999999999,,,0.0,0.0,0.0,10,55
2019-05-16 11:00:00,599.55,600.75,599.55,600.65,26271,2019-05-16,2019,600.1,592.8000000000001,621.55,635.6999999999999,628.4,606.95,618.0,607.4,614.25,606.0561,600.9939,622.4439,627.5061,571.3500000000001,657.1499999999999,,,0.0,0.0,0.0,11,0
2019-05-16 11:05:00,600.65,600.85,600.0,600.0,12199,2019-05-16,2019,600.1,592.8000000000001,621.55,635.6999999999999,628.4,606.95,618.0,607.4,614.25,606.0561,600.9939,622.4439,627.5061,571.3500000000001,657.1499999999999,,,0.0,0.0,0.0,11,5
2019-05-16 11:10:00,599.95,600.05,598.35,598.9,13796,2019-05-16,2019,600.1,592.8000000000001,621.55,635.6999999999999,628.4,606.95,618.0,607.4,614.25,606.0561,600.9939,622.4439,627.5061,571.3500000000001,657.1499999999999,,,0.0,0.0,0.0,11,10
2019-05-16 11:15:00,598.9,599.95,598.55,599.5,7230,2019-05-16,2019,600.1,592.8000000000001,621.55,635.6999999999999,628.4,606.95,618.0,607.4,614.25,606.0561,600.9939,622.4439,627.5061,571.3500000000001,657.1499999999999,,,0.0,0.0,0.0,11,15
2019-05-16 11:20:00,599.7,600.8,599.15,600.25,10022,2019-05-16,2019,600.1,592.8000000000001,621.55,635.6999999999999,628.4,606.95,618.0,607.4,614.25,606.0561,600.9939,622.4439,627.5061,571.3500000000001,657.1499999999999,,,0.0,0.0,0.0,11,20
2019-05-16 11:25:00,600.25,602.95,600.15,602.6,26403,2019-05-16,2019,600.1,592.8000000000001,621.55,635.6999999999999,628.4,606.95,618.0,607.4,614.25,606.0561,600.9939,622.4439,627.5061,571.3500000000001,657.1499999999999,,,0.0,0.0,0.0,11,25
2019-05-16 11:30:00,602.5,602.6,601.5,601.75,15803,2019-05-16,2019,600.1,592.8000000000001,621.55,635.6999999999999,628.4,606.95,618.0,607.4,614.25,606.0561,600.9939,622.4439,627.5061,571.3500000000001,657.1499999999999,,,0.0,0.0,0.0,11,30
2019-05-16 11:35:00,601.75,602.75,601.65,602.0,11016,2019-05-16,2019,600.1,592.8000000000001,621.55,635.6999999999999,628.4,606.95,618.0,607.4,614.25,606.0561,600.9939,622.4439,627.5061,571.3500000000001,657.1499999999999,,,0.0,0.0,0.0,11,35
2019-05-16 11:40:00,602.35,602.35,602.0,602.1,10154,2019-05-16,2019,600.1,592.8000000000001,621.55,635.6999999999999,628.4,606.95,618.0,607.4,614.25,606.0561,600.9939,622.4439,627.5061,571.3500000000001,657.1499999999999,,,0.0,0.0,0.0,11,40
2019-05-16 11:45:00,602.1,602.5,602.0,602.0,12033,2019-05-16,2019,600.1,592.8000000000001,621.55,635.6999999999999,628.4,606.95,618.0,607.4,614.25,606.0561,600.9939,622.4439,627.5061,571.3500000000001,657.1499999999999,,,0.0,0.0,0.0,11,45
2019-05-16 11:50:00,602.05,602.5,601.05,602.15,9924,2019-05-16,2019,600.1,592.8000000000001,621.55,635.6999999999999,628.4,606.95,618.0,607.4,614.25,606.0561,600.9939,622.4439,627.5061,571.3500000000001,657.1499999999999,,,0.0,0.0,0.0,11,50
2019-05-16 11:55:00,602.3,603.4,602.0,603.25,9522,2019-05-16,2019,600.1,592.8000000000001,621.55,635.6999999999999,628.4,606.95,618.0,607.4,614.25,606.0561,600.9939,622.4439,627.5061,571.3500000000001,657.1499999999999,,,0.0,0.0,0.0,11,55
2019-05-16 12:00:00,603.3,603.75,603.1,603.75,13751,2019-05-16,2019,600.1,592.8000000000001,621.55,635.6999999999999,628.4,606.95,618.0,607.4,614.25,606.0561,600.9939,622.4439,627.5061,571.3500000000001,657.1499999999999,,,0.0,0.0,0.0,12,0
2019-05-16 12:05:00,603.7,605.0,603.65,604.5,32281,2019-05-16,2019,600.1,592.8000000000001,621.55,635.6999999999999,628.4,606.95,618.0,607.4,614.25,606.0561,600.9939,622.4439,627.5061,571.3500000000001,657.1499999999999,,,0.0,0.0,0.0,12,5
2019-05-16 12:10:00,604.5,604.5,603.8,604.15,14128,2019-05-16,2019,600.1,592.8000000000001,621.55,635.6999999999999,628.4,606.95,618.0,607.4,614.25,606.0561,600.9939,622.4439,627.5061,571.3500000000001,657.1499999999999,,,0.0,0.0,0.0,12,10
2019-05-16 12:15:00,604.2,605.0,603.8,604.3,25143,2019-05-16,2019,600.1,592.8000000000001,621.55,635.6999999999999,628.4,606.95,618.0,607.4,614.25,606.0561,600.9939,622.4439,627.5061,571.3500000000001,657.1499999999999,,,0.0,0.0,0.0,12,15
2019-05-16 12:20:00,604.3,604.9,603.15,603.85,11059,2019-05-16,2019,600.1,592.8000000000001,621.55,635.6999999999999,628.4,606.95,618.0,607.4,614.25,606.0561,600.9939,622.4439,627.5061,571.3500000000001,657.1499999999999,,,0.0,0.0,0.0,12,20
2019-05-16 12:25:00,603.85,603.95,601.95,602.25,12887,2019-05-16,2019,600.1,592.8000000000001,621.55,635.6999999999999,628.4,606.95,618.0,607.4,614.25,606.0561,600.9939,622.4439,627.5061,571.3500000000001,657.1499999999999,,,0.0,0.0,0.0,12,25
2019-05-16 12:30:00,602.25,603.0,602.05,602.15,9181,2019-05-16,2019,600.1,592.8000000000001,621.55,635.6999999999999,628.4,606.95,618.0,607.4,614.25,606.0561,600.9939,622.4439,627.5061,571.3500000000001,657.1499999999999,,,0.0,0.0,0.0,12,30
2019-05-16 12:35:00,602.1,603.3,602.0,602.5,10928,2019-05-16,2019,600.1,592.8000000000001,621.55,635.6999999999999,628.4,606.95,618.0,607.4,614.25,606.0561,600.9939,622.4439,627.5061,571.3500000000001,657.1499999999999,,,0.0,0.0,0.0,12,35
2019-05-16 12:40:00,602.5,603.25,602.1,603.05,7874,2019-05-16,2019,600.1,592.8000000000001,621.55,635.6999999999999,628.4,606.95,618.0,607.4,614.25,606.0561,600.9939,622.4439,627.5061,571.3500000000001,657.1499999999999,,,0.0,0.0,0.0,12,40
2019-05-16 12:45:00,603.1,603.4,602.65,603.15,8200,2019-05-16,2019,600.1,592.8000000000001,621.55,635.6999999999999,628.4,606.95,618.0,607.4,614.25,606.0561,600.9939,622.4439,627.5061,571.3500000000001,657.1499999999999,,,0.0,0.0,0.0,12,45
2019-05-16 12:50:00,603.15,603.15,602.75,603.0,17257,2019-05-16,2019,600.1,592.8000000000001,621.55,635.6999999999999,628.4,606.95,618.0,607.4,614.25,606.0561,600.9939,622.4439,627.5061,571.3500000000001,657.1499999999999,,,0.0,0.0,0.0,12,50
2019-05-16 12:55:00,603.0,603.25,602.3,602.5,29756,2019-05-16,2019,600.1,592.8000000000001,621.55,635.6999999999999,628.4,606.95,618.0,607.4,614.25,606.0561,600.9939,622.4439,627.5061,571.3500000000001,657.1499999999999,,,0.0,0.0,0.0,12,55
2019-05-16 13:00:00,602.5,602.85,601.8,602.25,22264,2019-05-16,2019,600.1,592.8000000000001,621.55,635.6999999999999,628.4,606.95,618.0,607.4,614.25,606.0561,600.9939,622.4439,627.5061,571.3500000000001,657.1499999999999,,,0.0,0.0,0.0,13,0
2019-05-16 13:05:00,602.25,603.0,602.0,602.65,11832,2019-05-16,2019,600.1,592.8000000000001,621.55,635.6999999999999,628.4,606.95,618.0,607.4,614.25,606.0561,600.9939,622.4439,627.5061,571.3500000000001,657.1499999999999,,,0.0,0.0,0.0,13,5
2019-05-16 13:10:00,602.5,602.65,602.0,602.0,10830,2019-05-16,2019,600.1,592.8000000000001,621.55,635.6999999999999,628.4,606.95,618.0,607.4,614.25,606.0561,600.9939,622.4439,627.5061,571.3500000000001,657.1499999999999,,,0.0,0.0,0.0,13,10
2019-05-16 13:15:00,602.0,602.5,602.0,602.05,25197,2019-05-16,2019,600.1,592.8000000000001,621.55,635.6999999999999,628.4,606.95,618.0,607.4,614.25,606.0561,600.9939,622.4439,627.5061,571.3500000000001,657.1499999999999,,,0.0,0.0,0.0,13,15
2019-05-16 13:20:00,602.0,602.85,602.0,602.65,11463,2019-05-16,2019,600.1,592.8000000000001,621.55,635.6999999999999,628.4,606.95,618.0,607.4,614.25,606.0561,600.9939,622.4439,627.5061,571.3500000000001,657.1499999999999,,,0.0,0.0,0.0,13,20
2019-05-16 13:25:00,602.7,603.4,602.2,602.7,13526,2019-05-16,2019,600.1,592.8000000000001,621.55,635.6999999999999,628.4,606.95,618.0,607.4,614.25,606.0561,600.9939,622.4439,627.5061,571.3500000000001,657.1499999999999,,,0.0,0.0,0.0,13,25
2019-05-16 13:30:00,602.7,602.7,602.0,602.0,10967,2019-05-16,2019,600.1,592.8000000000001,621.55,635.6999999999999,628.4,606.95,618.0,607.4,614.25,606.0561,600.9939,622.4439,627.5061,571.3500000000001,657.1499999999999,,,0.0,0.0,0.0,13,30
2019-05-16 13:35:00,602.0,602.5,602.0,602.25,6139,2019-05-16,2019,600.1,592.8000000000001,621.55,635.6999999999999,628.4,606.95,618.0,607.4,614.25,606.0561,600.9939,622.4439,627.5061,571.3500000000001,657.1499999999999,,,0.0,0.0,0.0,13,35
2019-05-16 13:40:00,602.45,602.5,601.15,602.4,15988,2019-05-16,2019,600.1,592.8000000000001,621.55,635.6999999999999,628.4,606.95,618.0,607.4,614.25,606.0561,600.9939,622.4439,627.5061,571.3500000000001,657.1499999999999,,,0.0,0.0,0.0,13,40
2019-05-16 13:45:00,602.4,602.4,602.0,602.0,10788,2019-05-16,2019,600.1,592.8000000000001,621.55,635.6999999999999,628.4,606.95,618.0,607.4,614.25,606.0561,600.9939,622.4439,627.5061,571.3500000000001,657.1499999999999,,,0.0,0.0,0.0,13,45
2019-05-16 13:50:00,602.0,605.0,602.0,604.4,39161,2019-05-16,2019,600.1,592.8000000000001,621.55,635.6999999999999,628.4,606.95,618.0,607.4,614.25,606.0561,600.9939,622.4439,627.5061,571.3500000000001,657.1499999999999,,,0.0,0.0,0.0,13,50
2019-05-16 13:55:00,604.4,604.45,603.15,603.2,9982,2019-05-16,2019,600.1,592.8000000000001,621.55,635.6999999999999,628.4,606.95,618.0,607.4,614.25,606.0561,600.9939,622.4439,627.5061,571.3500000000001,657.1499999999999,,,0.0,0.0,0.0,13,55
2019-05-16 14:00:00,603.2,603.65,603.0,603.45,10737,2019-05-16,2019,600.1,592.8000000000001,621.55,635.6999999999999,628.4,606.95,618.0,607.4,614.25,606.0561,600.9939,622.4439,627.5061,571.3500000000001,657.1499999999999,,,0.0,0.0,0.0,14,0
2019-05-16 14:05:00,603.45,605.5,603.4,605.2,28470,2019-05-16,2019,600.1,592.8000000000001,621.55,635.6999999999999,628.4,606.95,618.0,607.4,614.25,606.0561,600.9939,622.4439,627.5061,571.3500000000001,657.1499999999999,,,0.0,0.0,0.0,14,5
2019-05-16 14:10:00,605.2,606.6,604.7,604.8,68478,2019-05-16,2019,600.1,592.8000000000001,621.55,635.6999999999999,628.4,606.95,618.0,607.4,614.25,606.0561,600.9939,622.4439,627.5061,571.3500000000001,657.1499999999999,,,0.0,0.0,0.0,14,10
2019-05-16 14:15:00,604.8,605.2,604.0,604.2,18288,2019-05-16,2019,600.1,592.8000000000001,621.55,635.6999999999999,628.4,606.95,618.0,607.4,614.25,606.0561,600.9939,622.4439,627.5061,571.3500000000001,657.1499999999999,,,0.0,0.0,0.0,14,15
2019-05-16 14:20:00,604.2,604.8,603.0,604.0,25102,2019-05-16,2019,600.1,592.8000000000001,621.55,635.6999999999999,628.4,606.95,618.0,607.4,614.25,606.0561,600.9939,622.4439,627.5061,571.3500000000001,657.1499999999999,,,0.0,0.0,0.0,14,20
2019-05-16 14:25:00,604.0,605.0,603.55,604.75,14376,2019-05-16,2019,600.1,592.8000000000001,621.55,635.6999999999999,628.4,606.95,618.0,607.4,614.25,606.0561,600.9939,622.4439,627.5061,571.3500000000001,657.1499999999999,,,0.0,0.0,0.0,14,25
2019-05-16 14:30:00,604.75,606.0,604.5,604.9,26841,2019-05-16,2019,600.1,592.8000000000001,621.55,635.6999999999999,628.4,606.95,618.0,607.4,614.25,606.0561,600.9939,622.4439,627.5061,571.3500000000001,657.1499999999999,,,0.0,0.0,0.0,14,30
2019-05-16 14:35:00,604.9,605.25,603.85,605.25,20696,2019-05-16,2019,600.1,592.8000000000001,621.55,635.6999999999999,628.4,606.95,618.0,607.4,614.25,606.0561,600.9939,622.4439,627.5061,571.3500000000001,657.1499999999999,,,0.0,0.0,0.0,14,35
2019-05-16 14:40:00,605.25,605.5,603.65,604.0,10313,2019-05-16,2019,600.1,592.8000000000001,621.55,635.6999999999999,628.4,606.95,618.0,607.4,614.25,606.0561,600.9939,622.4439,627.5061,571.3500000000001,657.1499999999999,,,0.0,0.0,0.0,14,40
2019-05-16 14:45:00,604.0,604.0,603.0,603.35,39601,2019-05-16,2019,600.1,592.8000000000001,621.55,635.6999999999999,628.4,606.95,618.0,607.4,614.25,606.0561,600.9939,622.4439,627.5061,571.3500000000001,657.1499999999999,,,0.0,0.0,0.0,14,45
2019-05-16 14:50:00,603.35,603.5,602.9,603.3,19175,2019-05-16,2019,600.1,592.8000000000001,621.55,635.6999999999999,628.4,606.95,618.0,607.4,614.25,606.0561,600.9939,622.4439,627.5061,571.3500000000001,657.1499999999999,,,0.0,0.0,0.0,14,50
2019-05-16 14:55:00,603.3,604.0,602.95,603.25,18526,2019-05-16,2019,600.1,592.8000000000001,621.55,635.6999999999999,628.4,606.95,618.0,607.4,614.25,606.0561,600.9939,622.4439,627.5061,571.3500000000001,657.1499999999999,,,0.0,0.0,0.0,14,55
2019-05-16 15:00:00,603.05,604.9,602.95,604.05,31398,2019-05-16,2019,600.1,592.8000000000001,621.55,635.6999999999999,628.4,606.95,618.0,607.4,614.25,606.0561,600.9939,622.4439,627.5061,571.3500000000001,657.1499999999999,,,0.0,0.0,0.0,15,0
2019-05-16 15:05:00,604.0,604.4,603.75,604.15,32127,2019-05-16,2019,600.1,592.8000000000001,621.55,635.6999999999999,628.4,606.95,618.0,607.4,614.25,606.0561,600.9939,622.4439,627.5061,571.3500000000001,657.1499999999999,,,0.0,0.0,0.0,15,5
2019-05-16 15:10:00,604.15,605.9,603.6,604.8,59319,2019-05-16,2019,600.1,592.8000000000001,621.55,635.6999999999999,628.4,606.95,618.0,607.4,614.25,606.0561,600.9939,622.4439,627.5061,571.3500000000001,657.1499999999999,,,0.0,0.0,0.0,15,10
2019-05-16 15:15:00,604.85,606.2,604.8,606.05,66246,2019-05-16,2019,600.1,592.8000000000001,621.55,635.6999999999999,628.4,606.95,618.0,607.4,614.25,606.0561,600.9939,622.4439,627.5061,571.3500000000001,657.1499999999999,,,0.0,0.0,0.0,15,15
2019-05-16 15:20:00,606.1,607.0,606.0,606.5,33375,2019-05-16,2019,600.1,592.8000000000001,621.55,635.6999999999999,628.4,606.95,618.0,607.4,614.25,606.0561,600.9939,622.4439,627.5061,571.3500000000001,657.1499999999999,,,0.0,0.0,0.0,15,20
2019-05-16 15:25:00,606.5,607.75,606.0,607.2,31509,2019-05-16,2019,600.1,592.8000000000001,621.55,635.6999999999999,628.4,606.95,618.0,607.4,614.25,606.0561,600.9939,622.4439,627.5061,571.3500000000001,657.1499999999999,,,0.0,0.0,0.0,15,25
2019-05-17 09:15:00,607.0,611.5,607.0,609.85,55483,2019-05-17,2019,598.7500000000001,590.3000000000001,614.1500000000001,621.1,612.65,597.25,610.0,607.2,605.7,599.8172000000001,596.1828,611.5828,615.2172,574.9000000000001,636.5,,,0.0,0.0,0.0,9,15
2019-05-17 09:20:00,609.85,612.7,609.85,611.75,38546,2019-05-17,2019,598.7500000000001,590.3000000000001,614.1500000000001,621.1,612.65,597.25,610.0,607.2,605.7,599.8172000000001,596.1828,611.5828,615.2172,574.9000000000001,636.5,Entry,Buy,611.75,615.2172,607.0,9,20
2019-05-17 09:25:00,611.75,612.55,610.8,612.5,24380,2019-05-17,2019,598.7500000000001,590.3000000000001,614.1500000000001,621.1,612.65,597.25,610.0,607.2,605.7,599.8172000000001,596.1828,611.5828,615.2172,574.9000000000001,636.5,,,0.0,0.0,0.0,9,25
2019-05-17 09:30:00,612.25,613.55,612.0,613.3,34692,2019-05-17,2019,598.7500000000001,590.3000000000001,614.1500000000001,621.1,612.65,597.25,610.0,607.2,605.7,599.8172000000001,596.1828,611.5828,615.2172,574.9000000000001,636.5,,,0.0,0.0,0.0,9,30
2019-05-17 09:35:00,613.5,615.7,613.35,615.7,45973,2019-05-17,2019,598.7500000000001,590.3000000000001,614.1500000000001,621.1,612.65,597.25,610.0,607.2,605.7,599.8172000000001,596.1828,611.5828,615.2172,574.9000000000001,636.5,Exit,Sell,615.2172,0.0,0.0,9,35
2019-05-17 09:40:00,615.7,616.0,614.8,615.05,36935,2019-05-17,2019,598.7500000000001,590.3000000000001,614.1500000000001,621.1,612.65,597.25,610.0,607.2,605.7,599.8172000000001,596.1828,611.5828,615.2172,574.9000000000001,636.5,,,0.0,0.0,0.0,9,40
2019-05-17 09:45:00,615.05,617.35,614.8,615.75,44822,2019-05-17,2019,598.7500000000001,590.3000000000001,614.1500000000001,621.1,612.65,597.25,610.0,607.2,605.7,599.8172000000001,596.1828,611.5828,615.2172,574.9000000000001,636.5,,,0.0,0.0,0.0,9,45
2019-05-17 09:50:00,615.7,616.0,615.0,615.25,24141,2019-05-17,2019,598.7500000000001,590.3000000000001,614.1500000000001,621.1,612.65,597.25,610.0,607.2,605.7,599.8172000000001,596.1828,611.5828,615.2172,574.9000000000001,636.5,,,0.0,0.0,0.0,9,50
2019-05-17 09:55:00,615.0,616.0,614.5,615.9,53871,2019-05-17,2019,598.7500000000001,590.3000000000001,614.1500000000001,621.1,612.65,597.25,610.0,607.2,605.7,599.8172000000001,596.1828,611.5828,615.2172,574.9000000000001,636.5,,,0.0,0.0,0.0,9,55
2019-05-17 10:00:00,615.9,617.0,615.55,616.1,24276,2019-05-17,2019,598.7500000000001,590.3000000000001,614.1500000000001,621.1,612.65,597.25,610.0,607.2,605.7,599.8172000000001,596.1828,611.5828,615.2172,574.9000000000001,636.5,,,0.0,0.0,0.0,10,0
2019-05-17 10:05:00,616.1,616.75,615.55,616.3,16522,2019-05-17,2019,598.7500000000001,590.3000000000001,614.1500000000001,621.1,612.65,597.25,610.0,607.2,605.7,599.8172000000001,596.1828,611.5828,615.2172,574.9000000000001,636.5,,,0.0,0.0,0.0,10,5
2019-05-17 10:10:00,616.3,616.85,615.7,616.85,17575,2019-05-17,2019,598.7500000000001,590.3000000000001,614.1500000000001,621.1,612.65,597.25,610.0,607.2,605.7,599.8172000000001,596.1828,611.5828,615.2172,574.9000000000001,636.5,,,0.0,0.0,0.0,10,10
2019-05-17 10:15:00,616.85,618.9,616.85,618.6,60150,2019-05-17,2019,598.7500000000001,590.3000000000001,614.1500000000001,621.1,612.65,597.25,610.0,607.2,605.7,599.8172000000001,596.1828,611.5828,615.2172,574.9000000000001,636.5,,,0.0,0.0,0.0,10,15
2019-05-17 10:20:00,618.6,618.85,617.4,617.7,32120,2019-05-17,2019,598.7500000000001,590.3000000000001,614.1500000000001,621.1,612.65,597.25,610.0,607.2,605.7,599.8172000000001,596.1828,611.5828,615.2172,574.9000000000001,636.5,,,0.0,0.0,0.0,10,20
2019-05-17 10:25:00,617.75,617.9,616.55,616.8,16915,2019-05-17,2019,598.7500000000001,590.3000000000001,614.1500000000001,621.1,612.65,597.25,610.0,607.2,605.7,599.8172000000001,596.1828,611.5828,615.2172,574.9000000000001,636.5,,,0.0,0.0,0.0,10,25
2019-05-17 10:30:00,616.9,618.5,616.8,618.2,14607,2019-05-17,2019,598.7500000000001,590.3000000000001,614.1500000000001,621.1,612.65,597.25,610.0,607.2,605.7,599.8172000000001,596.1828,611.5828,615.2172,574.9000000000001,636.5,,,0.0,0.0,0.0,10,30
2019-05-17 10:35:00,618.25,618.5,615.9,616.6,23553,2019-05-17,2019,598.7500000000001,590.3000000000001,614.1500000000001,621.1,612.65,597.25,610.0,607.2,605.7,599.8172000000001,596.1828,611.5828,615.2172,574.9000000000001,636.5,,,0.0,0.0,0.0,10,35
2019-05-17 10:40:00,616.6,617.45,616.5,617.2,12332,2019-05-17,2019,598.7500000000001,590.3000000000001,614.1500000000001,621.1,612.65,597.25,610.0,607.2,605.7,599.8172000000001,596.1828,611.5828,615.2172,574.9000000000001,636.5,,,0.0,0.0,0.0,10,40
2019-05-17 10:45:00,617.45,617.55,616.3,616.6,9031,2019-05-17,2019,598.7500000000001,590.3000000000001,614.1500000000001,621.1,612.65,597.25,610.0,607.2,605.7,599.8172000000001,596.1828,611.5828,615.2172,574.9000000000001,636.5,,,0.0,0.0,0.0,10,45
2019-05-17 10:50:00,616.6,616.6,614.6,614.95,22765,2019-05-17,2019,598.7500000000001,590.3000000000001,614.1500000000001,621.1,612.65,597.25,610.0,607.2,605.7,599.8172000000001,596.1828,611.5828,615.2172,574.9000000000001,636.5,,,0.0,0.0,0.0,10,50
2019-05-17 10:55:00,614.95,615.45,614.1,615.15,24385,2019-05-17,2019,598.7500000000001,590.3000000000001,614.1500000000001,621.1,612.65,597.25,610.0,607.2,605.7,599.8172000000001,596.1828,611.5828,615.2172,574.9000000000001,636.5,,,0.0,0.0,0.0,10,55
2019-05-17 11:00:00,615.15,616.45,614.75,616.4,16155,2019-05-17,2019,598.7500000000001,590.3000000000001,614.1500000000001,621.1,612.65,597.25,610.0,607.2,605.7,599.8172000000001,596.1828,611.5828,615.2172,574.9000000000001,636.5,,,0.0,0.0,0.0,11,0
2019-05-17 11:05:00,616.4,618.55,616.4,618.45,48300,2019-05-17,2019,598.7500000000001,590.3000000000001,614.1500000000001,621.1,612.65,597.25,610.0,607.2,605.7,599.8172000000001,596.1828,611.5828,615.2172,574.9000000000001,636.5,,,0.0,0.0,0.0,11,5
2019-05-17 11:10:00,618.45,619.3,618.0,619.05,36962,2019-05-17,2019,598.7500000000001,590.3000000000001,614.1500000000001,621.1,612.65,597.25,610.0,607.2,605.7,599.8172000000001,596.1828,611.5828,615.2172,574.9000000000001,636.5,,,0.0,0.0,0.0,11,10
2019-05-17 11:15:00,619.25,620.0,618.0,618.5,69939,2019-05-17,2019,598.7500000000001,590.3000000000001,614.1500000000001,621.1,612.65,597.25,610.0,607.2,605.7,599.8172000000001,596.1828,611.5828,615.2172,574.9000000000001,636.5,,,0.0,0.0,0.0,11,15
2019-05-17 11:20:00,618.5,619.7,618.0,619.1,27298,2019-05-17,2019,598.7500000000001,590.3000000000001,614.1500000000001,621.1,612.65,597.25,610.0,607.2,605.7,599.8172000000001,596.1828,611.5828,615.2172,574.9000000000001,636.5,,,0.0,0.0,0.0,11,20
2019-05-17 11:25:00,619.1,619.4,618.4,618.65,79180,2019-05-17,2019,598.7500000000001,590.3000000000001,614.1500000000001,621.1,612.65,597.25,610.0,607.2,605.7,599.8172000000001,596.1828,611.5828,615.2172,574.9000000000001,636.5,,,0.0,0.0,0.0,11,25
2019-05-17 11:30:00,618.65,619.4,618.4,619.15,35632,2019-05-17,2019,598.7500000000001,590.3000000000001,614.1500000000001,621.1,612.65,597.25,610.0,607.2,605.7,599.8172000000001,596.1828,611.5828,615.2172,574.9000000000001,636.5,,,0.0,0.0,0.0,11,30
2019-05-17 11:35:00,619.15,619.45,619.0,619.05,26106,2019-05-17,2019,598.7500000000001,590.3000000000001,614.1500000000001,621.1,612.65,597.25,610.0,607.2,605.7,599.8172000000001,596.1828,611.5828,615.2172,574.9000000000001,636.5,,,0.0,0.0,0.0,11,35
2019-05-17 11:40:00,619.1,619.9,619.0,619.15,10486,2019-05-17,2019,598.7500000000001,590.3000000000001,614.1500000000001,621.1,612.65,597.25,610.0,607.2,605.7,599.8172000000001,596.1828,611.5828,615.2172,574.9000000000001,636.5,,,0.0,0.0,0.0,11,40
2019-05-17 11:45:00,619.15,619.5,619.0,619.0,31531,2019-05-17,2019,598.7500000000001,590.3000000000001,614.1500000000001,621.1,612.65,597.25,610.0,607.2,605.7,599.8172000000001,596.1828,611.5828,615.2172,574.9000000000001,636.5,,,0.0,0.0,0.0,11,45
2019-05-17 11:50:00,619.0,619.3,619.0,619.05,18289,2019-05-17,2019,598.7500000000001,590.3000000000001,614.1500000000001,621.1,612.65,597.25,610.0,607.2,605.7,599.8172000000001,596.1828,611.5828,615.2172,574.9000000000001,636.5,,,0.0,0.0,0.0,11,50
2019-05-17 11:55:00,619.0,619.3,618.3,618.85,64901,2019-05-17,2019,598.7500000000001,590.3000000000001,614.1500000000001,621.1,612.65,597.25,610.0,607.2,605.7,599.8172000000001,596.1828,611.5828,615.2172,574.9000000000001,636.5,,,0.0,0.0,0.0,11,55
2019-05-17 12:00:00,618.85,620.4,618.55,620.0,59024,2019-05-17,2019,598.7500000000001,590.3000000000001,614.1500000000001,621.1,612.65,597.25,610.0,607.2,605.7,599.8172000000001,596.1828,611.5828,615.2172,574.9000000000001,636.5,,,0.0,0.0,0.0,12,0
2019-05-17 12:05:00,620.0,620.25,619.2,619.45,10696,2019-05-17,2019,598.7500000000001,590.3000000000001,614.1500000000001,621.1,612.65,597.25,610.0,607.2,605.7,599.8172000000001,596.1828,611.5828,615.2172,574.9000000000001,636.5,,,0.0,0.0,0.0,12,5
2019-05-17 12:10:00,619.45,619.75,618.2,618.7,11979,2019-05-17,2019,598.7500000000001,590.3000000000001,614.1500000000001,621.1,612.65,597.25,610.0,607.2,605.7,599.8172000000001,596.1828,611.5828,615.2172,574.9000000000001,636.5,,,0.0,0.0,0.0,12,10
2019-05-17 12:15:00,618.8,619.2,618.2,618.55,7411,2019-05-17,2019,598.7500000000001,590.3000000000001,614.1500000000001,621.1,612.65,597.25,610.0,607.2,605.7,599.8172000000001,596.1828,611.5828,615.2172,574.9000000000001,636.5,,,0.0,0.0,0.0,12,15
2019-05-17 12:20:00,618.55,619.25,618.0,618.5,24819,2019-05-17,2019,598.7500000000001,590.3000000000001,614.1500000000001,621.1,612.65,597.25,610.0,607.2,605.7,599.8172000000001,596.1828,611.5828,615.2172,574.9000000000001,636.5,,,0.0,0.0,0.0,12,20
2019-05-17 12:25:00,618.55,619.0,618.5,618.6,9515,2019-05-17,2019,598.7500000000001,590.3000000000001,614.1500000000001,621.1,612.65,597.25,610.0,607.2,605.7,599.8172000000001,596.1828,611.5828,615.2172,574.9000000000001,636.5,,,0.0,0.0,0.0,12,25
2019-05-17 12:30:00,618.6,619.25,618.1,618.65,16665,2019-05-17,2019,598.7500000000001,590.3000000000001,614.1500000000001,621.1,612.65,597.25,610.0,607.2,605.7,599.8172000000001,596.1828,611.5828,615.2172,574.9000000000001,636.5,,,0.0,0.0,0.0,12,30
2019-05-17 12:35:00,618.65,618.7,618.05,618.2,12115,2019-05-17,2019,598.7500000000001,590.3000000000001,614.1500000000001,621.1,612.65,597.25,610.0,607.2,605.7,599.8172000000001,596.1828,611.5828,615.2172,574.9000000000001,636.5,,,0.0,0.0,0.0,12,35
2019-05-17 12:40:00,618.2,618.5,618.0,618.2,14087,2019-05-17,2019,598.7500000000001,590.3000000000001,614.1500000000001,621.1,612.65,597.25,610.0,607.2,605.7,599.8172000000001,596.1828,611.5828,615.2172,574.9000000000001,636.5,,,0.0,0.0,0.0,12,40
2019-05-17 12:45:00,618.2,618.95,618.05,618.55,6276,2019-05-17,2019,598.7500000000001,590.3000000000001,614.1500000000001,621.1,612.65,597.25,610.0,607.2,605.7,599.8172000000001,596.1828,611.5828,615.2172,574.9000000000001,636.5,,,0.0,0.0,0.0,12,45
2019-05-17 12:50:00,618.7,618.7,618.0,618.0,6920,2019-05-17,2019,598.7500000000001,590.3000000000001,614.1500000000001,621.1,612.65,597.25,610.0,607.2,605.7,599.8172000000001,596.1828,611.5828,615.2172,574.9000000000001,636.5,,,0.0,0.0,0.0,12,50
2019-05-17 12:55:00,618.0,618.55,618.0,618.05,11967,2019-05-17,2019,598.7500000000001,590.3000000000001,614.1500000000001,621.1,612.65,597.25,610.0,607.2,605.7,599.8172000000001,596.1828,611.5828,615.2172,574.9000000000001,636.5,,,0.0,0.0,0.0,12,55
2019-05-17 13:00:00,618.0,618.25,616.5,616.65,31703,2019-05-17,2019,598.7500000000001,590.3000000000001,614.1500000000001,621.1,612.65,597.25,610.0,607.2,605.7,599.8172000000001,596.1828,611.5828,615.2172,574.9000000000001,636.5,,,0.0,0.0,0.0,13,0
2019-05-17 13:05:00,616.65,617.2,616.35,616.35,13102,2019-05-17,2019,598.7500000000001,590.3000000000001,614.1500000000001,621.1,612.65,597.25,610.0,607.2,605.7,599.8172000000001,596.1828,611.5828,615.2172,574.9000000000001,636.5,,,0.0,0.0,0.0,13,5
2019-05-17 13:10:00,616.35,617.45,616.1,617.05,12621,2019-05-17,2019,598.7500000000001,590.3000000000001,614.1500000000001,621.1,612.65,597.25,610.0,607.2,605.7,599.8172000000001,596.1828,611.5828,615.2172,574.9000000000001,636.5,,,0.0,0.0,0.0,13,10
2019-05-17 13:15:00,617.05,617.45,616.55,616.6,7288,2019-05-17,2019,598.7500000000001,590.3000000000001,614.1500000000001,621.1,612.65,597.25,610.0,607.2,605.7,599.8172000000001,596.1828,611.5828,615.2172,574.9000000000001,636.5,,,0.0,0.0,0.0,13,15
2019-05-17 13:20:00,616.6,617.5,616.05,616.05,14466,2019-05-17,2019,598.7500000000001,590.3000000000001,614.1500000000001,621.1,612.65,597.25,610.0,607.2,605.7,599.8172000000001,596.1828,611.5828,615.2172,574.9000000000001,636.5,,,0.0,0.0,0.0,13,20
2019-05-17 13:25:00,616.0,616.95,616.0,616.75,11811,2019-05-17,2019,598.7500000000001,590.3000000000001,614.1500000000001,621.1,612.65,597.25,610.0,607.2,605.7,599.8172000000001,596.1828,611.5828,615.2172,574.9000000000001,636.5,,,0.0,0.0,0.0,13,25
2019-05-17 13:30:00,616.75,618.4,616.75,617.85,30841,2019-05-17,2019,598.7500000000001,590.3000000000001,614.1500000000001,621.1,612.65,597.25,610.0,607.2,605.7,599.8172000000001,596.1828,611.5828,615.2172,574.9000000000001,636.5,,,0.0,0.0,0.0,13,30
2019-05-17 13:35:00,617.85,618.9,617.5,618.65,22498,2019-05-17,2019,598.7500000000001,590.3000000000001,614.1500000000001,621.1,612.65,597.25,610.0,607.2,605.7,599.8172000000001,596.1828,611.5828,615.2172,574.9000000000001,636.5,,,0.0,0.0,0.0,13,35
2019-05-17 13:40:00,618.7,619.4,618.5,618.9,42401,2019-05-17,2019,598.7500000000001,590.3000000000001,614.1500000000001,621.1,612.65,597.25,610.0,607.2,605.7,599.8172000000001,596.1828,611.5828,615.2172,574.9000000000001,636.5,,,0.0,0.0,0.0,13,40
2019-05-17 13:45:00,618.9,619.5,618.8,618.9,71403,2019-05-17,2019,598.7500000000001,590.3000000000001,614.1500000000001,621.1,612.65,597.25,610.0,607.2,605.7,599.8172000000001,596.1828,611.5828,615.2172,574.9000000000001,636.5,,,0.0,0.0,0.0,13,45
2019-05-17 13:50:00,618.9,619.25,618.3,618.9,25443,2019-05-17,2019,598.7500000000001,590.3000000000001,614.1500000000001,621.1,612.65,597.25,610.0,607.2,605.7,599.8172000000001,596.1828,611.5828,615.2172,574.9000000000001,636.5,,,0.0,0.0,0.0,13,50
2019-05-17 13:55:00,618.9,619.1,618.2,618.85,24403,2019-05-17,2019,598.7500000000001,590.3000000000001,614.1500000000001,621.1,612.65,597.25,610.0,607.2,605.7,599.8172000000001,596.1828,611.5828,615.2172,574.9000000000001,636.5,,,0.0,0.0,0.0,13,55
2019-05-17 14:00:00,618.85,620.0,618.3,619.7,98640,2019-05-17,2019,598.7500000000001,590.3000000000001,614.1500000000001,621.1,612.65,597.25,610.0,607.2,605.7,599.8172000000001,596.1828,611.5828,615.2172,574.9000000000001,636.5,,,0.0,0.0,0.0,14,0
2019-05-17 14:05:00,619.7,620.2,619.15,619.95,18700,2019-05-17,2019,598.7500000000001,590.3000000000001,614.1500000000001,621.1,612.65,597.25,610.0,607.2,605.7,599.8172000000001,596.1828,611.5828,615.2172,574.9000000000001,636.5,,,0.0,0.0,0.0,14,5
2019-05-17 14:10:00,619.95,621.5,619.95,621.05,42788,2019-05-17,2019,598.7500000000001,590.3000000000001,614.1500000000001,621.1,612.65,597.25,610.0,607.2,605.7,599.8172000000001,596.1828,611.5828,615.2172,574.9000000000001,636.5,,,0.0,0.0,0.0,14,10
2019-05-17 14:15:00,621.15,622.15,620.2,622.1,46994,2019-05-17,2019,598.7500000000001,590.3000000000001,614.1500000000001,621.1,612.65,597.25,610.0,607.2,605.7,599.8172000000001,596.1828,611.5828,615.2172,574.9000000000001,636.5,,,0.0,0.0,0.0,14,15
2019-05-17 14:20:00,621.75,622.5,620.95,621.15,63176,2019-05-17,2019,598.7500000000001,590.3000000000001,614.1500000000001,621.1,612.65,597.25,610.0,607.2,605.7,599.8172000000001,596.1828,611.5828,615.2172,574.9000000000001,636.5,,,0.0,0.0,0.0,14,20
2019-05-17 14:25:00,621.2,621.8,620.7,621.2,46561,2019-05-17,2019,598.7500000000001,590.3000000000001,614.1500000000001,621.1,612.65,597.25,610.0,607.2,605.7,599.8172000000001,596.1828,611.5828,615.2172,574.9000000000001,636.5,,,0.0,0.0,0.0,14,25
2019-05-17 14:30:00,621.35,621.5,619.25,619.9,57595,2019-05-17,2019,598.7500000000001,590.3000000000001,614.1500000000001,621.1,612.65,597.25,610.0,607.2,605.7,599.8172000000001,596.1828,611.5828,615.2172,574.9000000000001,636.5,,,0.0,0.0,0.0,14,30
2019-05-17 14:35:00,619.85,620.2,618.25,618.45,60851,2019-05-17,2019,598.7500000000001,590.3000000000001,614.1500000000001,621.1,612.65,597.25,610.0,607.2,605.7,599.8172000000001,596.1828,611.5828,615.2172,574.9000000000001,636.5,,,0.0,0.0,0.0,14,35
2019-05-17 14:40:00,618.8,620.0,618.05,619.95,40665,2019-05-17,2019,598.7500000000001,590.3000000000001,614.1500000000001,621.1,612.65,597.25,610.0,607.2,605.7,599.8172000000001,596.1828,611.5828,615.2172,574.9000000000001,636.5,,,0.0,0.0,0.0,14,40
2019-05-17 14:45:00,620.0,620.0,619.7,620.0,58485,2019-05-17,2019,598.7500000000001,590.3000000000001,614.1500000000001,621.1,612.65,597.25,610.0,607.2,605.7,599.8172000000001,596.1828,611.5828,615.2172,574.9000000000001,636.5,,,0.0,0.0,0.0,14,45
2019-05-17 14:50:00,620.0,620.0,618.55,618.95,30603,2019-05-17,2019,598.7500000000001,590.3000000000001,614.1500000000001,621.1,612.65,597.25,610.0,607.2,605.7,599.8172000000001,596.1828,611.5828,615.2172,574.9000000000001,636.5,,,0.0,0.0,0.0,14,50
2019-05-17 14:55:00,619.0,620.7,617.9,619.7,70736,2019-05-17,2019,598.7500000000001,590.3000000000001,614.1500000000001,621.1,612.65,597.25,610.0,607.2,605.7,599.8172000000001,596.1828,611.5828,615.2172,574.9000000000001,636.5,,,0.0,0.0,0.0,14,55
2019-05-17 15:00:00,619.7,621.95,619.55,620.25,59635,2019-05-17,2019,598.7500000000001,590.3000000000001,614.1500000000001,621.1,612.65,597.25,610.0,607.2,605.7,599.8172000000001,596.1828,611.5828,615.2172,574.9000000000001,636.5,,,0.0,0.0,0.0,15,0
2019-05-17 15:05:00,620.15,621.0,619.1,619.3,39296,2019-05-17,2019,598.7500000000001,590.3000000000001,614.1500000000001,621.1,612.65,597.25,610.0,607.2,605.7,599.8172000000001,596.1828,611.5828,615.2172,574.9000000000001,636.5,,,0.0,0.0,0.0,15,5
2019-05-17 15:10:00,619.25,620.5,618.6,619.9,55015,2019-05-17,2019,598.7500000000001,590.3000000000001,614.1500000000001,621.1,612.65,597.25,610.0,607.2,605.7,599.8172000000001,596.1828,611.5828,615.2172,574.9000000000001,636.5,,,0.0,0.0,0.0,15,10
2019-05-17 15:15:00,619.95,620.0,618.1,618.8,84953,2019-05-17,2019,598.7500000000001,590.3000000000001,614.1500000000001,621.1,612.65,597.25,610.0,607.2,605.7,599.8172000000001,596.1828,611.5828,615.2172,574.9000000000001,636.5,,,0.0,0.0,0.0,15,15
2019-05-17 15:20:00,618.8,619.9,618.1,619.55,64009,2019-05-17,2019,598.7500000000001,590.3000000000001,614.1500000000001,621.1,612.65,597.25,610.0,607.2,605.7,599.8172000000001,596.1828,611.5828,615.2172,574.9000000000001,636.5,,,0.0,0.0,0.0,15,20
2019-05-17 15:25:00,619.55,619.9,619.2,619.2,61316,2019-05-17,2019,598.7500000000001,590.3000000000001,614.1500000000001,621.1,612.65,597.25,610.0,607.2,605.7,599.8172000000001,596.1828,611.5828,615.2172,574.9000000000001,636.5,,,0.0,0.0,0.0,15,25
2019-05-20 09:15:00,635.0,646.45,635.0,643.9,206668,2019-05-20,2019,609.9666666666667,600.7333333333333,625.4666666666667,631.7333333333333,622.5,607.0,607.0,619.2,616.2333333333333,610.3123333333333,606.6543333333334,622.1543333333334,625.8123333333333,585.2333333333333,647.2333333333333,,,0.0,0.0,0.0,9,15
2019-05-20 09:20:00,643.95,644.75,640.0,643.2,189170,2019-05-20,2019,609.9666666666667,600.7333333333333,625.4666666666667,631.7333333333333,622.5,607.0,607.0,619.2,616.2333333333333,610.3123333333333,606.6543333333334,622.1543333333334,625.8123333333333,585.2333333333333,647.2333333333333,,,0.0,0.0,0.0,9,20
2019-05-20 09:25:00,643.2,643.55,639.45,639.8,62628,2019-05-20,2019,609.9666666666667,600.7333333333333,625.4666666666667,631.7333333333333,622.5,607.0,607.0,619.2,616.2333333333333,610.3123333333333,606.6543333333334,622.1543333333334,625.8123333333333,585.2333333333333,647.2333333333333,,,0.0,0.0,0.0,9,25
2019-05-20 09:30:00,639.8,642.35,639.6,642.0,61170,2019-05-20,2019,609.9666666666667,600.7333333333333,625.4666666666667,631.7333333333333,622.5,607.0,607.0,619.2,616.2333333333333,610.3123333333333,606.6543333333334,622.1543333333334,625.8123333333333,585.2333333333333,647.2333333333333,,,0.0,0.0,0.0,9,30
2019-05-20 09:35:00,642.35,643.8,641.5,643.5,45849,2019-05-20,2019,609.9666666666667,600.7333333333333,625.4666666666667,631.7333333333333,622.5,607.0,607.0,619.2,616.2333333333333,610.3123333333333,606.6543333333334,622.1543333333334,625.8123333333333,585.2333333333333,647.2333333333333,,,0.0,0.0,0.0,9,35
2019-05-20 09:40:00,643.5,647.0,643.1,646.6,68714,2019-05-20,2019,609.9666666666667,600.7333333333333,625.4666666666667,631.7333333333333,622.5,607.0,607.0,619.2,616.2333333333333,610.3123333333333,606.6543333333334,622.1543333333334,625.8123333333333,585.2333333333333,647.2333333333333,Entry,Buy,646.45,650.45,635.0,9,40
2019-05-20 09:45:00,646.75,648.7,646.5,647.75,87027,2019-05-20,2019,609.9666666666667,600.7333333333333,625.4666666666667,631.7333333333333,622.5,607.0,607.0,619.2,616.2333333333333,610.3123333333333,606.6543333333334,622.1543333333334,625.8123333333333,585.2333333333333,647.2333333333333,,,0.0,0.0,0.0,9,45
2019-05-20 09:50:00,648.0,650.5,648.0,649.55,97287,2019-05-20,2019,609.9666666666667,600.7333333333333,625.4666666666667,631.7333333333333,622.5,607.0,607.0,619.2,616.2333333333333,610.3123333333333,606.6543333333334,622.1543333333334,625.8123333333333,585.2333333333333,647.2333333333333,Exit,Sell,650.45,0.0,0.0,9,50
2019-05-20 09:55:00,649.55,650.0,648.95,649.45,40866,2019-05-20,2019,609.9666666666667,600.7333333333333,625.4666666666667,631.7333333333333,622.5,607.0,607.0,619.2,616.2333333333333,610.3123333333333,606.6543333333334,622.1543333333334,625.8123333333333,585.2333333333333,647.2333333333333,,,0.0,0.0,0.0,9,55
2019-05-20 10:00:00,649.45,650.0,649.45,649.5,44886,2019-05-20,2019,609.9666666666667,600.7333333333333,625.4666666666667,631.7333333333333,622.5,607.0,607.0,619.2,616.2333333333333,610.3123333333333,606.6543333333334,622.1543333333334,625.8123333333333,585.2333333333333,647.2333333333333,,,0.0,0.0,0.0,10,0
2019-05-20 10:05:00,649.5,652.8,649.35,652.5,158436,2019-05-20,2019,609.9666666666667,600.7333333333333,625.4666666666667,631.7333333333333,622.5,607.0,607.0,619.2,616.2333333333333,610.3123333333333,606.6543333333334,622.1543333333334,625.8123333333333,585.2333333333333,647.2333333333333,,,0.0,0.0,0.0,10,5
2019-05-20 10:10:00,652.5,653.3,651.6,652.75,60603,2019-05-20,2019,609.9666666666667,600.7333333333333,625.4666666666667,631.7333333333333,622.5,607.0,607.0,619.2,616.2333333333333,610.3123333333333,606.6543333333334,622.1543333333334,625.8123333333333,585.2333333333333,647.2333333333333,,,0.0,0.0,0.0,10,10
2019-05-20 10:15:00,652.9,655.85,652.7,655.45,71734,2019-05-20,2019,609.9666666666667,600.7333333333333,625.4666666666667,631.7333333333333,622.5,607.0,607.0,619.2,616.2333333333333,610.3123333333333,606.6543333333334,622.1543333333334,625.8123333333333,585.2333333333333,647.2333333333333,,,0.0,0.0,0.0,10,15
2019-05-20 10:20:00,655.45,656.4,654.05,654.85,64412,2019-05-20,2019,609.9666666666667,600.7333333333333,625.4666666666667,631.7333333333333,622.5,607.0,607.0,619.2,616.2333333333333,610.3123333333333,606.6543333333334,622.1543333333334,625.8123333333333,585.2333333333333,647.2333333333333,,,0.0,0.0,0.0,10,20
2019-05-20 10:25:00,654.85,657.9,654.85,657.55,44668,2019-05-20,2019,609.9666666666667,600.7333333333333,625.4666666666667,631.7333333333333,622.5,607.0,607.0,619.2,616.2333333333333,610.3123333333333,606.6543333333334,622.1543333333334,625.8123333333333,585.2333333333333,647.2333333333333,,,0.0,0.0,0.0,10,25
2019-05-20 10:30:00,657.65,659.8,657.1,659.5,82189,2019-05-20,2019,609.9666666666667,600.7333333333333,625.4666666666667,631.7333333333333,622.5,607.0,607.0,619.2,616.2333333333333,610.3123333333333,606.6543333333334,622.1543333333334,625.8123333333333,585.2333333333333,647.2333333333333,,,0.0,0.0,0.0,10,30
2019-05-20 10:35:00,659.5,662.5,659.25,662.0,116568,2019-05-20,2019,609.9666666666667,600.7333333333333,625.4666666666667,631.7333333333333,622.5,607.0,607.0,619.2,616.2333333333333,610.3123333333333,606.6543333333334,622.1543333333334,625.8123333333333,585.2333333333333,647.2333333333333,,,0.0,0.0,0.0,10,35
2019-05-20 10:40:00,662.1,662.1,660.4,660.5,152180,2019-05-20,2019,609.9666666666667,600.7333333333333,625.4666666666667,631.7333333333333,622.5,607.0,607.0,619.2,616.2333333333333,610.3123333333333,606.6543333333334,622.1543333333334,625.8123333333333,585.2333333333333,647.2333333333333,,,0.0,0.0,0.0,10,40
2019-05-20 10:45:00,660.55,661.8,659.4,661.3,54917,2019-05-20,2019,609.9666666666667,600.7333333333333,625.4666666666667,631.7333333333333,622.5,607.0,607.0,619.2,616.2333333333333,610.3123333333333,606.6543333333334,622.1543333333334,625.8123333333333,585.2333333333333,647.2333333333333,,,0.0,0.0,0.0,10,45
2019-05-20 10:50:00,661.35,662.0,660.1,660.5,72558,2019-05-20,2019,609.9666666666667,600.7333333333333,625.4666666666667,631.7333333333333,622.5,607.0,607.0,619.2,616.2333333333333,610.3123333333333,606.6543333333334,622.1543333333334,625.8123333333333,585.2333333333333,647.2333333333333,,,0.0,0.0,0.0,10,50
2019-05-20 10:55:00,659.7,660.45,656.6,656.85,65488,2019-05-20,2019,609.9666666666667,600.7333333333333,625.4666666666667,631.7333333333333,622.5,607.0,607.0,619.2,616.2333333333333,610.3123333333333,606.6543333333334,622.1543333333334,625.8123333333333,585.2333333333333,647.2333333333333,,,0.0,0.0,0.0,10,55
2019-05-20 11:00:00,656.6,657.65,655.6,655.7,46030,2019-05-20,2019,609.9666666666667,600.7333333333333,625.4666666666667,631.7333333333333,622.5,607.0,607.0,619.2,616.2333333333333,610.3123333333333,606.6543333333334,622.1543333333334,625.8123333333333,585.2333333333333,647.2333333333333,,,0.0,0.0,0.0,11,0
2019-05-20 11:05:00,655.7,657.05,654.8,655.0,71942,2019-05-20,2019,609.9666666666667,600.7333333333333,625.4666666666667,631.7333333333333,622.5,607.0,607.0,619.2,616.2333333333333,610.3123333333333,606.6543333333334,622.1543333333334,625.8123333333333,585.2333333333333,647.2333333333333,,,0.0,0.0,0.0,11,5
2019-05-20 11:10:00,654.8,655.4,653.55,654.1,73141,2019-05-20,2019,609.9666666666667,600.7333333333333,625.4666666666667,631.7333333333333,622.5,607.0,607.0,619.2,616.2333333333333,610.3123333333333,606.6543333333334,622.1543333333334,625.8123333333333,585.2333333333333,647.2333333333333,,,0.0,0.0,0.0,11,10
2019-05-20 11:15:00,654.1,654.65,653.0,653.05,87825,2019-05-20,2019,609.9666666666667,600.7333333333333,625.4666666666667,631.7333333333333,622.5,607.0,607.0,619.2,616.2333333333333,610.3123333333333,606.6543333333334,622.1543333333334,625.8123333333333,585.2333333333333,647.2333333333333,,,0.0,0.0,0.0,11,15
2019-05-20 11:20:00,653.0,654.35,651.3,652.05,136224,2019-05-20,2019,609.9666666666667,600.7333333333333,625.4666666666667,631.7333333333333,622.5,607.0,607.0,619.2,616.2333333333333,610.3123333333333,606.6543333333334,622.1543333333334,625.8123333333333,585.2333333333333,647.2333333333333,,,0.0,0.0,0.0,11,20
2019-05-20 11:25:00,652.0,652.55,650.3,650.45,133321,2019-05-20,2019,609.9666666666667,600.7333333333333,625.4666666666667,631.7333333333333,622.5,607.0,607.0,619.2,616.2333333333333,610.3123333333333,606.6543333333334,622.1543333333334,625.8123333333333,585.2333333333333,647.2333333333333,,,0.0,0.0,0.0,11,25
2019-05-20 11:30:00,650.5,651.4,645.9,649.0,216263,2019-05-20,2019,609.9666666666667,600.7333333333333,625.4666666666667,631.7333333333333,622.5,607.0,607.0,619.2,616.2333333333333,610.3123333333333,606.6543333333334,622.1543333333334,625.8123333333333,585.2333333333333,647.2333333333333,,,0.0,0.0,0.0,11,30
2019-05-20 11:35:00,649.0,649.65,647.75,648.25,59535,2019-05-20,2019,609.9666666666667,600.7333333333333,625.4666666666667,631.7333333333333,622.5,607.0,607.0,619.2,616.2333333333333,610.3123333333333,606.6543333333334,622.1543333333334,625.8123333333333,585.2333333333333,647.2333333333333,,,0.0,0.0,0.0,11,35
2019-05-20 11:40:00,648.25,650.0,648.25,649.7,26688,2019-05-20,2019,609.9666666666667,600.7333333333333,625.4666666666667,631.7333333333333,622.5,607.0,607.0,619.2,616.2333333333333,610.3123333333333,606.6543333333334,622.1543333333334,625.8123333333333,585.2333333333333,647.2333333333333,,,0.0,0.0,0.0,11,40
2019-05-20 11:45:00,649.65,650.25,649.0,649.0,27009,2019-05-20,2019,609.9666666666667,600.7333333333333,625.4666666666667,631.7333333333333,622.5,607.0,607.0,619.2,616.2333333333333,610.3123333333333,606.6543333333334,622.1543333333334,625.8123333333333,585.2333333333333,647.2333333333333,,,0.0,0.0,0.0,11,45
2019-05-20 11:50:00,649.0,651.55,649.0,650.3,32762,2019-05-20,2019,609.9666666666667,600.7333333333333,625.4666666666667,631.7333333333333,622.5,607.0,607.0,619.2,616.2333333333333,610.3123333333333,606.6543333333334,622.1543333333334,625.8123333333333,585.2333333333333,647.2333333333333,,,0.0,0.0,0.0,11,50
2019-05-20 11:55:00,650.3,651.95,650.25,651.0,41315,2019-05-20,2019,609.9666666666667,600.7333333333333,625.4666666666667,631.7333333333333,622.5,607.0,607.0,619.2,616.2333333333333,610.3123333333333,606.6543333333334,622.1543333333334,625.8123333333333,585.2333333333333,647.2333333333333,,,0.0,0.0,0.0,11,55
2019-05-20 12:00:00,651.0,651.25,648.4,650.3,239070,2019-05-20,2019,609.9666666666667,600.7333333333333,625.4666666666667,631.7333333333333,622.5,607.0,607.0,619.2,616.2333333333333,610.3123333333333,606.6543333333334,622.1543333333334,625.8123333333333,585.2333333333333,647.2333333333333,,,0.0,0.0,0.0,12,0
2019-05-20 12:05:00,650.05,650.5,649.6,650.3,71144,2019-05-20,2019,609.9666666666667,600.7333333333333,625.4666666666667,631.7333333333333,622.5,607.0,607.0,619.2,616.2333333333333,610.3123333333333,606.6543333333334,622.1543333333334,625.8123333333333,585.2333333333333,647.2333333333333,,,0.0,0.0,0.0,12,5
2019-05-20 12:10:00,650.25,651.5,649.95,651.0,34304,2019-05-20,2019,609.9666666666667,600.7333333333333,625.4666666666667,631.7333333333333,622.5,607.0,607.0,619.2,616.2333333333333,610.3123333333333,606.6543333333334,622.1543333333334,625.8123333333333,585.2333333333333,647.2333333333333,,,0.0,0.0,0.0,12,10
2019-05-20 12:15:00,651.0,651.4,650.0,650.15,24599,2019-05-20,2019,609.9666666666667,600.7333333333333,625.4666666666667,631.7333333333333,622.5,607.0,607.0,619.2,616.2333333333333,610.3123333333333,606.6543333333334,622.1543333333334,625.8123333333333,585.2333333333333,647.2333333333333,,,0.0,0.0,0.0,12,15
2019-05-20 12:20:00,650.15,650.45,650.0,650.1,18417,2019-05-20,2019,609.9666666666667,600.7333333333333,625.4666666666667,631.7333333333333,622.5,607.0,607.0,619.2,616.2333333333333,610.3123333333333,606.6543333333334,622.1543333333334,625.8123333333333,585.2333333333333,647.2333333333333,,,0.0,0.0,0.0,12,20
2019-05-20 12:25:00,650.1,650.15,650.0,650.0,26394,2019-05-20,2019,609.9666666666667,600.7333333333333,625.4666666666667,631.7333333333333,622.5,607.0,607.0,619.2,616.2333333333333,610.3123333333333,606.6543333333334,622.1543333333334,625.8123333333333,585.2333333333333,647.2333333333333,,,0.0,0.0,0.0,12,25
2019-05-20 12:30:00,650.0,650.4,649.5,650.3,50962,2019-05-20,2019,609.9666666666667,600.7333333333333,625.4666666666667,631.7333333333333,622.5,607.0,607.0,619.2,616.2333333333333,610.3123333333333,606.6543333333334,622.1543333333334,625.8123333333333,585.2333333333333,647.2333333333333,,,0.0,0.0,0.0,12,30
2019-05-20 12:35:00,650.2,650.4,650.0,650.05,22167,2019-05-20,2019,609.9666666666667,600.7333333333333,625.4666666666667,631.7333333333333,622.5,607.0,607.0,619.2,616.2333333333333,610.3123333333333,606.6543333333334,622.1543333333334,625.8123333333333,585.2333333333333,647.2333333333333,,,0.0,0.0,0.0,12,35
2019-05-20 12:40:00,650.05,650.1,647.2,649.0,96603,2019-05-20,2019,609.9666666666667,600.7333333333333,625.4666666666667,631.7333333333333,622.5,607.0,607.0,619.2,616.2333333333333,610.3123333333333,606.6543333333334,622.1543333333334,625.8123333333333,585.2333333333333,647.2333333333333,,,0.0,0.0,0.0,12,40
2019-05-20 12:45:00,649.0,649.7,648.1,649.05,17784,2019-05-20,2019,609.9666666666667,600.7333333333333,625.4666666666667,631.7333333333333,622.5,607.0,607.0,619.2,616.2333333333333,610.3123333333333,606.6543333333334,622.1543333333334,625.8123333333333,585.2333333333333,647.2333333333333,,,0.0,0.0,0.0,12,45
2019-05-20 12:50:00,649.0,649.85,648.85,649.0,19524,2019-05-20,2019,609.9666666666667,600.7333333333333,625.4666666666667,631.7333333333333,622.5,607.0,607.0,619.2,616.2333333333333,610.3123333333333,606.6543333333334,622.1543333333334,625.8123333333333,585.2333333333333,647.2333333333333,,,0.0,0.0,0.0,12,50
2019-05-20 12:55:00,649.0,649.6,649.0,649.0,15601,2019-05-20,2019,609.9666666666667,600.7333333333333,625.4666666666667,631.7333333333333,622.5,607.0,607.0,619.2,616.2333333333333,610.3123333333333,606.6543333333334,622.1543333333334,625.8123333333333,585.2333333333333,647.2333333333333,,,0.0,0.0,0.0,12,55
2019-05-20 13:00:00,649.0,649.5,648.7,649.1,14877,2019-05-20,2019,609.9666666666667,600.7333333333333,625.4666666666667,631.7333333333333,622.5,607.0,607.0,619.2,616.2333333333333,610.3123333333333,606.6543333333334,622.1543333333334,625.8123333333333,585.2333333333333,647.2333333333333,,,0.0,0.0,0.0,13,0
2019-05-20 13:05:00,649.0,649.4,649.0,649.3,12602,2019-05-20,2019,609.9666666666667,600.7333333333333,625.4666666666667,631.7333333333333,622.5,607.0,607.0,619.2,616.2333333333333,610.3123333333333,606.6543333333334,622.1543333333334,625.8123333333333,585.2333333333333,647.2333333333333,,,0.0,0.0,0.0,13,5
2019-05-20 13:10:00,649.25,649.5,649.0,649.0,11001,2019-05-20,2019,609.9666666666667,600.7333333333333,625.4666666666667,631.7333333333333,622.5,607.0,607.0,619.2,616.2333333333333,610.3123333333333,606.6543333333334,622.1543333333334,625.8123333333333,585.2333333333333,647.2333333333333,,,0.0,0.0,0.0,13,10
2019-05-20 13:15:00,649.0,650.0,649.0,649.9,12209,2019-05-20,2019,609.9666666666667,600.7333333333333,625.4666666666667,631.7333333333333,622.5,607.0,607.0,619.2,616.2333333333333,610.3123333333333,606.6543333333334,622.1543333333334,625.8123333333333,585.2333333333333,647.2333333333333,,,0.0,0.0,0.0,13,15
2019-05-20 13:20:00,649.8,649.95,649.05,649.8,8250,2019-05-20,2019,609.9666666666667,600.7333333333333,625.4666666666667,631.7333333333333,622.5,607.0,607.0,619.2,616.2333333333333,610.3123333333333,606.6543333333334,622.1543333333334,625.8123333333333,585.2333333333333,647.2333333333333,,,0.0,0.0,0.0,13,20
2019-05-20 13:25:00,649.8,650.05,649.3,649.75,62813,2019-05-20,2019,609.9666666666667,600.7333333333333,625.4666666666667,631.7333333333333,622.5,607.0,607.0,619.2,616.2333333333333,610.3123333333333,606.6543333333334,622.1543333333334,625.8123333333333,585.2333333333333,647.2333333333333,,,0.0,0.0,0.0,13,25
2019-05-20 13:30:00,649.75,650.25,649.3,649.7,23327,2019-05-20,2019,609.9666666666667,600.7333333333333,625.4666666666667,631.7333333333333,622.5,607.0,607.0,619.2,616.2333333333333,610.3123333333333,606.6543333333334,622.1543333333334,625.8123333333333,585.2333333333333,647.2333333333333,,,0.0,0.0,0.0,13,30
2019-05-20 13:35:00,649.7,650.35,649.25,649.75,45614,2019-05-20,2019,609.9666666666667,600.7333333333333,625.4666666666667,631.7333333333333,622.5,607.0,607.0,619.2,616.2333333333333,610.3123333333333,606.6543333333334,622.1543333333334,625.8123333333333,585.2333333333333,647.2333333333333,,,0.0,0.0,0.0,13,35
2019-05-20 13:40:00,649.75,650.0,649.4,649.95,14581,2019-05-20,2019,609.9666666666667,600.7333333333333,625.4666666666667,631.7333333333333,622.5,607.0,607.0,619.2,616.2333333333333,610.3123333333333,606.6543333333334,622.1543333333334,625.8123333333333,585.2333333333333,647.2333333333333,,,0.0,0.0,0.0,13,40
2019-05-20 13:45:00,649.5,650.3,649.4,650.0,137108,2019-05-20,2019,609.9666666666667,600.7333333333333,625.4666666666667,631.7333333333333,622.5,607.0,607.0,619.2,616.2333333333333,610.3123333333333,606.6543333333334,622.1543333333334,625.8123333333333,585.2333333333333,647.2333333333333,,,0.0,0.0,0.0,13,45
2019-05-20 13:50:00,650.0,650.35,649.1,649.15,56787,2019-05-20,2019,609.9666666666667,600.7333333333333,625.4666666666667,631.7333333333333,622.5,607.0,607.0,619.2,616.2333333333333,610.3123333333333,606.6543333333334,622.1543333333334,625.8123333333333,585.2333333333333,647.2333333333333,,,0.0,0.0,0.0,13,50
2019-05-20 13:55:00,649.15,650.3,648.7,649.5,36331,2019-05-20,2019,609.9666666666667,600.7333333333333,625.4666666666667,631.7333333333333,622.5,607.0,607.0,619.2,616.2333333333333,610.3123333333333,606.6543333333334,622.1543333333334,625.8123333333333,585.2333333333333,647.2333333333333,,,0.0,0.0,0.0,13,55
2019-05-20 14:00:00,649.6,650.55,649.45,649.95,96240,2019-05-20,2019,609.9666666666667,600.7333333333333,625.4666666666667,631.7333333333333,622.5,607.0,607.0,619.2,616.2333333333333,610.3123333333333,606.6543333333334,622.1543333333334,625.8123333333333,585.2333333333333,647.2333333333333,,,0.0,0.0,0.0,14,0
2019-05-20 14:05:00,649.95,650.3,649.55,649.55,56316,2019-05-20,2019,609.9666666666667,600.7333333333333,625.4666666666667,631.7333333333333,622.5,607.0,607.0,619.2,616.2333333333333,610.3123333333333,606.6543333333334,622.1543333333334,625.8123333333333,585.2333333333333,647.2333333333333,,,0.0,0.0,0.0,14,5
2019-05-20 14:10:00,649.75,650.85,649.4,649.65,79233,2019-05-20,2019,609.9666666666667,600.7333333333333,625.4666666666667,631.7333333333333,622.5,607.0,607.0,619.2,616.2333333333333,610.3123333333333,606.6543333333334,622.1543333333334,625.8123333333333,585.2333333333333,647.2333333333333,,,0.0,0.0,0.0,14,10
2019-05-20 14:15:00,649.8,650.0,648.9,648.9,42900,2019-05-20,2019,609.9666666666667,600.7333333333333,625.4666666666667,631.7333333333333,622.5,607.0,607.0,619.2,616.2333333333333,610.3123333333333,606.6543333333334,622.1543333333334,625.8123333333333,585.2333333333333,647.2333333333333,,,0.0,0.0,0.0,14,15
2019-05-20 14:20:00,649.0,650.5,648.9,649.15,48376,2019-05-20,2019,609.9666666666667,600.7333333333333,625.4666666666667,631.7333333333333,622.5,607.0,607.0,619.2,616.2333333333333,610.3123333333333,606.6543333333334,622.1543333333334,625.8123333333333,585.2333333333333,647.2333333333333,,,0.0,0.0,0.0,14,20
2019-05-20 14:25:00,649.15,649.25,646.45,646.8,36236,2019-05-20,2019,609.9666666666667,600.7333333333333,625.4666666666667,631.7333333333333,622.5,607.0,607.0,619.2,616.2333333333333,610.3123333333333,606.6543333333334,622.1543333333334,625.8123333333333,585.2333333333333,647.2333333333333,,,0.0,0.0,0.0,14,25
2019-05-20 14:30:00,646.75,647.2,645.85,645.95,48443,2019-05-20,2019,609.9666666666667,600.7333333333333,625.4666666666667,631.7333333333333,622.5,607.0,607.0,619.2,616.2333333333333,610.3123333333333,606.6543333333334,622.1543333333334,625.8123333333333,585.2333333333333,647.2333333333333,,,0.0,0.0,0.0,14,30
2019-05-20 14:35:00,645.9,647.75,645.35,647.0,25056,2019-05-20,2019,609.9666666666667,600.7333333333333,625.4666666666667,631.7333333333333,622.5,607.0,607.0,619.2,616.2333333333333,610.3123333333333,606.6543333333334,622.1543333333334,625.8123333333333,585.2333333333333,647.2333333333333,,,0.0,0.0,0.0,14,35
2019-05-20 14:40:00,647.0,648.0,646.9,647.25,22250,2019-05-20,2019,609.9666666666667,600.7333333333333,625.4666666666667,631.7333333333333,622.5,607.0,607.0,619.2,616.2333333333333,610.3123333333333,606.6543333333334,622.1543333333334,625.8123333333333,585.2333333333333,647.2333333333333,,,0.0,0.0,0.0,14,40
2019-05-20 14:45:00,647.2,647.75,646.65,647.3,24958,2019-05-20,2019,609.9666666666667,600.7333333333333,625.4666666666667,631.7333333333333,622.5,607.0,607.0,619.2,616.2333333333333,610.3123333333333,606.6543333333334,622.1543333333334,625.8123333333333,585.2333333333333,647.2333333333333,,,0.0,0.0,0.0,14,45
2019-05-20 14:50:00,647.3,648.3,647.0,648.05,23673,2019-05-20,2019,609.9666666666667,600.7333333333333,625.4666666666667,631.7333333333333,622.5,607.0,607.0,619.2,616.2333333333333,610.3123333333333,606.6543333333334,622.1543333333334,625.8123333333333,585.2333333333333,647.2333333333333,,,0.0,0.0,0.0,14,50
2019-05-20 14:55:00,648.05,650.25,648.0,650.1,35309,2019-05-20,2019,609.9666666666667,600.7333333333333,625.4666666666667,631.7333333333333,622.5,607.0,607.0,619.2,616.2333333333333,610.3123333333333,606.6543333333334,622.1543333333334,625.8123333333333,585.2333333333333,647.2333333333333,,,0.0,0.0,0.0,14,55
2019-05-20 15:00:00,650.1,654.05,650.05,653.15,74168,2019-05-20,2019,609.9666666666667,600.7333333333333,625.4666666666667,631.7333333333333,622.5,607.0,607.0,619.2,616.2333333333333,610.3123333333333,606.6543333333334,622.1543333333334,625.8123333333333,585.2333333333333,647.2333333333333,,,0.0,0.0,0.0,15,0
2019-05-20 15:05:00,653.35,654.65,652.7,654.0,62958,2019-05-20,2019,609.9666666666667,600.7333333333333,625.4666666666667,631.7333333333333,622.5,607.0,607.0,619.2,616.2333333333333,610.3123333333333,606.6543333333334,622.1543333333334,625.8123333333333,585.2333333333333,647.2333333333333,,,0.0,0.0,0.0,15,5
2019-05-20 15:10:00,654.15,654.9,653.05,654.0,66715,2019-05-20,2019,609.9666666666667,600.7333333333333,625.4666666666667,631.7333333333333,622.5,607.0,607.0,619.2,616.2333333333333,610.3123333333333,606.6543333333334,622.1543333333334,625.8123333333333,585.2333333333333,647.2333333333333,,,0.0,0.0,0.0,15,10
2019-05-20 15:15:00,654.1,654.1,651.0,654.1,168563,2019-05-20,2019,609.9666666666667,600.7333333333333,625.4666666666667,631.7333333333333,622.5,607.0,607.0,619.2,616.2333333333333,610.3123333333333,606.6543333333334,622.1543333333334,625.8123333333333,585.2333333333333,647.2333333333333,,,0.0,0.0,0.0,15,15
2019-05-20 15:20:00,654.2,654.7,653.0,653.0,74191,2019-05-20,2019,609.9666666666667,600.7333333333333,625.4666666666667,631.7333333333333,622.5,607.0,607.0,619.2,616.2333333333333,610.3123333333333,606.6543333333334,622.1543333333334,625.8123333333333,585.2333333333333,647.2333333333333,,,0.0,0.0,0.0,15,20
2019-05-20 15:25:00,653.45,655.25,652.65,654.3,74657,2019-05-20,2019,609.9666666666667,600.7333333333333,625.4666666666667,631.7333333333333,622.5,607.0,607.0,619.2,616.2333333333333,610.3123333333333,606.6543333333334,622.1543333333334,625.8123333333333,585.2333333333333,647.2333333333333,,,0.0,0.0,0.0,15,25
2019-05-21 09:15:00,660.0,662.65,657.0,659.95,110036,2019-05-21,2019,638.7,623.1,666.2,678.1,662.5,635.0,635.0,654.3,650.6,640.095,633.605,661.105,667.595,595.6,705.6,,,0.0,0.0,0.0,9,15
2019-05-21 09:20:00,659.95,660.85,656.0,658.1,71241,2019-05-21,2019,638.7,623.1,666.2,678.1,662.5,635.0,635.0,654.3,650.6,640.095,633.605,661.105,667.595,595.6,705.6,,,0.0,0.0,0.0,9,20
2019-05-21 09:25:00,658.0,658.05,655.0,655.5,52815,2019-05-21,2019,638.7,623.1,666.2,678.1,662.5,635.0,635.0,654.3,650.6,640.095,633.605,661.105,667.595,595.6,705.6,Entry,Sell,655.5,650.6,662.65,9,25
2019-05-21 09:30:00,655.5,656.9,650.0,651.35,68522,2019-05-21,2019,638.7,623.1,666.2,678.1,662.5,635.0,635.0,654.3,650.6,640.095,633.605,661.105,667.595,595.6,705.6,Exit,Buy,650.6,0.0,0.0,9,30
2019-05-21 09:35:00,651.25,654.0,650.5,651.4,37477,2019-05-21,2019,638.7,623.1,666.2,678.1,662.5,635.0,635.0,654.3,650.6,640.095,633.605,661.105,667.595,595.6,705.6,,,0.0,0.0,0.0,9,35
2019-05-21 09:40:00,651.35,653.6,650.5,652.3,19414,2019-05-21,2019,638.7,623.1,666.2,678.1,662.5,635.0,635.0,654.3,650.6,640.095,633.605,661.105,667.595,595.6,705.6,,,0.0,0.0,0.0,9,40
2019-05-21 09:45:00,652.3,652.3,649.1,649.95,40444,2019-05-21,2019,638.7,623.1,666.2,678.1,662.5,635.0,635.0,654.3,650.6,640.095,633.605,661.105,667.595,595.6,705.6,,,0.0,0.0,0.0,9,45
2019-05-21 09:50:00,650.0,651.4,649.5,651.3,18896,2019-05-21,2019,638.7,623.1,666.2,678.1,662.5,635.0,635.0,654.3,650.6,640.095,633.605,661.105,667.595,595.6,705.6,,,0.0,0.0,0.0,9,50
2019-05-21 09:55:00,651.3,653.4,651.2,652.3,23355,2019-05-21,2019,638.7,623.1,666.2,678.1,662.5,635.0,635.0,654.3,650.6,640.095,633.605,661.105,667.595,595.6,705.6,,,0.0,0.0,0.0,9,55
2019-05-21 10:00:00,652.3,652.5,651.0,651.1,18972,2019-05-21,2019,638.7,623.1,666.2,678.1,662.5,635.0,635.0,654.3,650.6,640.095,633.605,661.105,667.595,595.6,705.6,,,0.0,0.0,0.0,10,0
2019-05-21 10:05:00,651.05,651.8,649.1,649.2,26340,2019-05-21,2019,638.7,623.1,666.2,678.1,662.5,635.0,635.0,654.3,650.6,640.095,633.605,661.105,667.595,595.6,705.6,,,0.0,0.0,0.0,10,5
2019-05-21 10:10:00,649.2,650.7,649.2,650.3,11280,2019-05-21,2019,638.7,623.1,666.2,678.1,662.5,635.0,635.0,654.3,650.6,640.095,633.605,661.105,667.595,595.6,705.6,,,0.0,0.0,0.0,10,10
2019-05-21 10:15:00,650.55,651.4,649.6,651.35,11912,2019-05-21,2019,638.7,623.1,666.2,678.1,662.5,635.0,635.0,654.3,650.6,640.095,633.605,661.105,667.595,595.6,705.6,,,0.0,0.0,0.0,10,15
2019-05-21 10:20:00,651.35,651.65,650.0,650.15,11657,2019-05-21,2019,638.7,623.1,666.2,678.1,662.5,635.0,635.0,654.3,650.6,640.095,633.605,661.105,667.595,595.6,705.6,,,0.0,0.0,0.0,10,20
2019-05-21 10:25:00,650.1,650.35,648.5,648.75,14900,2019-05-21,2019,638.7,623.1,666.2,678.1,662.5,635.0,635.0,654.3,650.6,640.095,633.605,661.105,667.595,595.6,705.6,,,0.0,0.0,0.0,10,25
2019-05-21 10:30:00,648.75,650.35,648.4,650.05,11567,2019-05-21,2019,638.7,623.1,666.2,678.1,662.5,635.0,635.0,654.3,650.6,640.095,633.605,661.105,667.595,595.6,705.6,,,0.0,0.0,0.0,10,30
2019-05-21 10:35:00,649.85,650.5,649.6,649.8,6729,2019-05-21,2019,638.7,623.1,666.2,678.1,662.5,635.0,635.0,654.3,650.6,640.095,633.605,661.105,667.595,595.6,705.6,,,0.0,0.0,0.0,10,35
2019-05-21 10:40:00,649.65,650.25,648.7,649.4,7171,2019-05-21,2019,638.7,623.1,666.2,678.1,662.5,635.0,635.0,654.3,650.6,640.095,633.605,661.105,667.595,595.6,705.6,,,0.0,0.0,0.0,10,40
2019-05-21 10:45:00,649.4,650.55,648.0,650.0,22742,2019-05-21,2019,638.7,623.1,666.2,678.1,662.5,635.0,635.0,654.3,650.6,640.095,633.605,661.105,667.595,595.6,705.6,,,0.0,0.0,0.0,10,45
2019-05-21 10:50:00,649.6,650.05,649.05,649.5,9993,2019-05-21,2019,638.7,623.1,666.2,678.1,662.5,635.0,635.0,654.3,650.6,640.095,633.605,661.105,667.595,595.6,705.6,,,0.0,0.0,0.0,10,50
2019-05-21 10:55:00,649.25,650.55,648.8,650.4,8668,2019-05-21,2019,638.7,623.1,666.2,678.1,662.5,635.0,635.0,654.3,650.6,640.095,633.605,661.105,667.595,595.6,705.6,,,0.0,0.0,0.0,10,55
2019-05-21 11:00:00,650.4,651.0,650.15,650.5,16496,2019-05-21,2019,638.7,623.1,666.2,678.1,662.5,635.0,635.0,654.3,650.6,640.095,633.605,661.105,667.595,595.6,705.6,,,0.0,0.0,0.0,11,0
2019-05-21 11:05:00,650.65,651.0,649.95,650.75,11188,2019-05-21,2019,638.7,623.1,666.2,678.1,662.5,635.0,635.0,654.3,650.6,640.095,633.605,661.105,667.595,595.6,705.6,,,0.0,0.0,0.0,11,5
2019-05-21 11:10:00,650.7,651.95,650.7,651.5,9612,2019-05-21,2019,638.7,623.1,666.2,678.1,662.5,635.0,635.0,654.3,650.6,640.095,633.605,661.105,667.595,595.6,705.6,,,0.0,0.0,0.0,11,10
2019-05-21 11:15:00,651.25,651.8,650.75,651.65,6675,2019-05-21,2019,638.7,623.1,666.2,678.1,662.5,635.0,635.0,654.3,650.6,640.095,633.605,661.105,667.595,595.6,705.6,,,0.0,0.0,0.0,11,15
2019-05-21 11:20:00,651.65,651.75,649.25,650.0,58146,2019-05-21,2019,638.7,623.1,666.2,678.1,662.5,635.0,635.0,654.3,650.6,640.095,633.605,661.105,667.595,595.6,705.6,,,0.0,0.0,0.0,11,20
2019-05-21 11:25:00,649.8,650.65,649.2,650.15,139365,2019-05-21,2019,638.7,623.1,666.2,678.1,662.5,635.0,635.0,654.3,650.6,640.095,633.605,661.105,667.595,595.6,705.6,,,0.0,0.0,0.0,11,25
2019-05-21 11:30:00,650.15,650.45,649.65,649.75,19492,2019-05-21,2019,638.7,623.1,666.2,678.1,662.5,635.0,635.0,654.3,650.6,640.095,633.605,661.105,667.595,595.6,705.6,,,0.0,0.0,0.0,11,30
2019-05-21 11:35:00,649.6,650.0,649.25,649.25,11532,2019-05-21,2019,638.7,623.1,666.2,678.1,662.5,635.0,635.0,654.3,650.6,640.095,633.605,661.105,667.595,595.6,705.6,,,0.0,0.0,0.0,11,35
2019-05-21 11:40:00,649.25,650.0,649.25,649.7,4416,2019-05-21,2019,638.7,623.1,666.2,678.1,662.5,635.0,635.0,654.3,650.6,640.095,633.605,661.105,667.595,595.6,705.6,,,0.0,0.0,0.0,11,40
2019-05-21 11:45:00,649.7,649.95,648.75,649.35,9333,2019-05-21,2019,638.7,623.1,666.2,678.1,662.5,635.0,635.0,654.3,650.6,640.095,633.605,661.105,667.595,595.6,705.6,,,0.0,0.0,0.0,11,45
2019-05-21 11:50:00,649.35,649.65,648.75,648.8,4893,2019-05-21,2019,638.7,623.1,666.2,678.1,662.5,635.0,635.0,654.3,650.6,640.095,633.605,661.105,667.595,595.6,705.6,,,0.0,0.0,0.0,11,50
2019-05-21 11:55:00,648.8,649.95,648.55,649.35,8133,2019-05-21,2019,638.7,623.1,666.2,678.1,662.5,635.0,635.0,654.3,650.6,640.095,633.605,661.105,667.595,595.6,705.6,,,0.0,0.0,0.0,11,55
2019-05-21 12:00:00,648.9,650.0,648.9,649.0,54294,2019-05-21,2019,638.7,623.1,666.2,678.1,662.5,635.0,635.0,654.3,650.6,640.095,633.605,661.105,667.595,595.6,705.6,,,0.0,0.0,0.0,12,0
2019-05-21 12:05:00,648.9,650.5,648.5,649.45,24267,2019-05-21,2019,638.7,623.1,666.2,678.1,662.5,635.0,635.0,654.3,650.6,640.095,633.605,661.105,667.595,595.6,705.6,,,0.0,0.0,0.0,12,5
2019-05-21 12:10:00,649.45,649.45,648.1,648.95,8557,2019-05-21,2019,638.7,623.1,666.2,678.1,662.5,635.0,635.0,654.3,650.6,640.095,633.605,661.105,667.595,595.6,705.6,,,0.0,0.0,0.0,12,10
2019-05-21 12:15:00,648.7,649.5,648.5,648.85,8465,2019-05-21,2019,638.7,623.1,666.2,678.1,662.5,635.0,635.0,654.3,650.6,640.095,633.605,661.105,667.595,595.6,705.6,,,0.0,0.0,0.0,12,15
2019-05-21 12:20:00,649.25,649.5,648.5,648.9,6972,2019-05-21,2019,638.7,623.1,666.2,678.1,662.5,635.0,635.0,654.3,650.6,640.095,633.605,661.105,667.595,595.6,705.6,,,0.0,0.0,0.0,12,20
2019-05-21 12:25:00,648.9,649.2,648.3,648.55,7407,2019-05-21,2019,638.7,623.1,666.2,678.1,662.5,635.0,635.0,654.3,650.6,640.095,633.605,661.105,667.595,595.6,705.6,,,0.0,0.0,0.0,12,25
2019-05-21 12:30:00,648.5,649.1,648.2,648.75,5565,2019-05-21,2019,638.7,623.1,666.2,678.1,662.5,635.0,635.0,654.3,650.6,640.095,633.605,661.105,667.595,595.6,705.6,,,0.0,0.0,0.0,12,30
2019-05-21 12:35:00,648.75,649.3,648.7,648.85,13625,2019-05-21,2019,638.7,623.1,666.2,678.1,662.5,635.0,635.0,654.3,650.6,640.095,633.605,661.105,667.595,595.6,705.6,,,0.0,0.0,0.0,12,35
2019-05-21 12:40:00,648.8,649.1,647.0,647.0,63675,2019-05-21,2019,638.7,623.1,666.2,678.1,662.5,635.0,635.0,654.3,650.6,640.095,633.605,661.105,667.595,595.6,705.6,,,0.0,0.0,0.0,12,40
2019-05-21 12:45:00,647.0,647.8,647.0,647.5,10240,2019-05-21,2019,638.7,623.1,666.2,678.1,662.5,635.0,635.0,654.3,650.6,640.095,633.605,661.105,667.595,595.6,705.6,,,0.0,0.0,0.0,12,45
2019-05-21 12:50:00,647.35,648.2,646.6,646.6,26606,2019-05-21,2019,638.7,623.1,666.2,678.1,662.5,635.0,635.0,654.3,650.6,640.095,633.605,661.105,667.595,595.6,705.6,,,0.0,0.0,0.0,12,50
2019-05-21 12:55:00,646.55,646.8,644.7,645.6,21317,2019-05-21,2019,638.7,623.1,666.2,678.1,662.5,635.0,635.0,654.3,650.6,640.095,633.605,661.105,667.595,595.6,705.6,,,0.0,0.0,0.0,12,55
2019-05-21 13:00:00,645.2,645.8,644.2,645.15,12243,2019-05-21,2019,638.7,623.1,666.2,678.1,662.5,635.0,635.0,654.3,650.6,640.095,633.605,661.105,667.595,595.6,705.6,,,0.0,0.0,0.0,13,0
2019-05-21 13:05:00,645.05,646.45,644.7,645.0,10483,2019-05-21,2019,638.7,623.1,666.2,678.1,662.5,635.0,635.0,654.3,650.6,640.095,633.605,661.105,667.595,595.6,705.6,,,0.0,0.0,0.0,13,5
2019-05-21 13:10:00,645.15,645.2,643.55,644.55,15158,2019-05-21,2019,638.7,623.1,666.2,678.1,662.5,635.0,635.0,654.3,650.6,640.095,633.605,661.105,667.595,595.6,705.6,,,0.0,0.0,0.0,13,10
2019-05-21 13:15:00,644.5,645.0,644.4,644.95,31402,2019-05-21,2019,638.7,623.1,666.2,678.1,662.5,635.0,635.0,654.3,650.6,640.095,633.605,661.105,667.595,595.6,705.6,,,0.0,0.0,0.0,13,15
2019-05-21 13:20:00,644.6,645.85,644.5,645.75,14489,2019-05-21,2019,638.7,623.1,666.2,678.1,662.5,635.0,635.0,654.3,650.6,640.095,633.605,661.105,667.595,595.6,705.6,,,0.0,0.0,0.0,13,20
2019-05-21 13:25:00,645.75,645.75,644.45,644.75,7676,2019-05-21,2019,638.7,623.1,666.2,678.1,662.5,635.0,635.0,654.3,650.6,640.095,633.605,661.105,667.595,595.6,705.6,,,0.0,0.0,0.0,13,25
2019-05-21 13:30:00,644.5,646.05,644.2,644.95,13081,2019-05-21,2019,638.7,623.1,666.2,678.1,662.5,635.0,635.0,654.3,650.6,640.095,633.605,661.105,667.595,595.6,705.6,,,0.0,0.0,0.0,13,30
2019-05-21 13:35:00,644.8,645.0,643.2,643.7,15076,2019-05-21,2019,638.7,623.1,666.2,678.1,662.5,635.0,635.0,654.3,650.6,640.095,633.605,661.105,667.595,595.6,705.6,,,0.0,0.0,0.0,13,35
2019-05-21 13:40:00,643.85,645.85,643.7,645.55,8141,2019-05-21,2019,638.7,623.1,666.2,678.1,662.5,635.0,635.0,654.3,650.6,640.095,633.605,661.105,667.595,595.6,705.6,,,0.0,0.0,0.0,13,40
2019-05-21 13:45:00,645.35,647.5,645.35,646.55,17392,2019-05-21,2019,638.7,623.1,666.2,678.1,662.5,635.0,635.0,654.3,650.6,640.095,633.605,661.105,667.595,595.6,705.6,,,0.0,0.0,0.0,13,45
2019-05-21 13:50:00,646.1,646.9,645.5,645.85,4310,2019-05-21,2019,638.7,623.1,666.2,678.1,662.5,635.0,635.0,654.3,650.6,640.095,633.605,661.105,667.595,595.6,705.6,,,0.0,0.0,0.0,13,50
2019-05-21 13:55:00,645.8,646.4,644.35,646.35,6867,2019-05-21,2019,638.7,623.1,666.2,678.1,662.5,635.0,635.0,654.3,650.6,640.095,633.605,661.105,667.595,595.6,705.6,,,0.0,0.0,0.0,13,55
2019-05-21 14:00:00,646.35,647.05,644.5,644.9,19192,2019-05-21,2019,638.7,623.1,666.2,678.1,662.5,635.0,635.0,654.3,650.6,640.095,633.605,661.105,667.595,595.6,705.6,,,0.0,0.0,0.0,14,0
2019-05-21 14:05:00,645.0,645.25,643.6,644.2,17212,2019-05-21,2019,638.7,623.1,666.2,678.1,662.5,635.0,635.0,654.3,650.6,640.095,633.605,661.105,667.595,595.6,705.6,,,0.0,0.0,0.0,14,5
2019-05-21 14:10:00,644.15,644.7,643.4,643.75,13793,2019-05-21,2019,638.7,623.1,666.2,678.1,662.5,635.0,635.0,654.3,650.6,640.095,633.605,661.105,667.595,595.6,705.6,,,0.0,0.0,0.0,14,10
2019-05-21 14:15:00,643.75,644.0,643.5,643.6,12344,2019-05-21,2019,638.7,623.1,666.2,678.1,662.5,635.0,635.0,654.3,650.6,640.095,633.605,661.105,667.595,595.6,705.6,,,0.0,0.0,0.0,14,15
2019-05-21 14:20:00,643.6,643.65,640.9,641.0,50408,2019-05-21,2019,638.7,623.1,666.2,678.1,662.5,635.0,635.0,654.3,650.6,640.095,633.605,661.105,667.595,595.6,705.6,,,0.0,0.0,0.0,14,20
2019-05-21 14:25:00,640.95,642.0,638.7,639.8,86972,2019-05-21,2019,638.7,623.1,666.2,678.1,662.5,635.0,635.0,654.3,650.6,640.095,633.605,661.105,667.595,595.6,705.6,,,0.0,0.0,0.0,14,25
2019-05-21 14:30:00,639.8,640.1,638.05,638.1,25252,2019-05-21,2019,638.7,623.1,666.2,678.1,662.5,635.0,635.0,654.3,650.6,640.095,633.605,661.105,667.595,595.6,705.6,,,0.0,0.0,0.0,14,30
2019-05-21 14:35:00,638.05,639.95,636.85,639.35,25626,2019-05-21,2019,638.7,623.1,666.2,678.1,662.5,635.0,635.0,654.3,650.6,640.095,633.605,661.105,667.595,595.6,705.6,,,0.0,0.0,0.0,14,35
2019-05-21 14:40:00,639.5,640.45,639.0,639.05,55700,2019-05-21,2019,638.7,623.1,666.2,678.1,662.5,635.0,635.0,654.3,650.6,640.095,633.605,661.105,667.595,595.6,705.6,,,0.0,0.0,0.0,14,40
2019-05-21 14:45:00,639.15,640.0,636.6,636.6,92383,2019-05-21,2019,638.7,623.1,666.2,678.1,662.5,635.0,635.0,654.3,650.6,640.095,633.605,661.105,667.595,595.6,705.6,,,0.0,0.0,0.0,14,45
2019-05-21 14:50:00,636.6,637.0,634.5,634.95,91542,2019-05-21,2019,638.7,623.1,666.2,678.1,662.5,635.0,635.0,654.3,650.6,640.095,633.605,661.105,667.595,595.6,705.6,,,0.0,0.0,0.0,14,50
2019-05-21 14:55:00,635.0,637.55,634.95,636.2,24594,2019-05-21,2019,638.7,623.1,666.2,678.1,662.5,635.0,635.0,654.3,650.6,640.095,633.605,661.105,667.595,595.6,705.6,,,0.0,0.0,0.0,14,55
2019-05-21 15:00:00,636.2,638.6,636.15,638.05,53557,2019-05-21,2019,638.7,623.1,666.2,678.1,662.5,635.0,635.0,654.3,650.6,640.095,633.605,661.105,667.595,595.6,705.6,,,0.0,0.0,0.0,15,0
2019-05-21 15:05:00,638.1,639.9,637.7,638.0,56698,2019-05-21,2019,638.7,623.1,666.2,678.1,662.5,635.0,635.0,654.3,650.6,640.095,633.605,661.105,667.595,595.6,705.6,,,0.0,0.0,0.0,15,5
2019-05-21 15:10:00,638.1,639.55,636.5,639.2,61549,2019-05-21,2019,638.7,623.1,666.2,678.1,662.5,635.0,635.0,654.3,650.6,640.095,633.605,661.105,667.595,595.6,705.6,,,0.0,0.0,0.0,15,10
2019-05-21 15:15:00,639.3,641.45,639.05,640.3,65996,2019-05-21,2019,638.7,623.1,666.2,678.1,662.5,635.0,635.0,654.3,650.6,640.095,633.605,661.105,667.595,595.6,705.6,,,0.0,0.0,0.0,15,15
2019-05-21 15:20:00,640.3,641.25,639.4,640.6,46133,2019-05-21,2019,638.7,623.1,666.2,678.1,662.5,635.0,635.0,654.3,650.6,640.095,633.605,661.105,667.595,595.6,705.6,,,0.0,0.0,0.0,15,20
2019-05-21 15:25:00,640.6,640.95,638.65,640.1,33358,2019-05-21,2019,638.7,623.1,666.2,678.1,662.5,635.0,635.0,654.3,650.6,640.095,633.605,661.105,667.595,595.6,705.6,,,0.0,0.0,0.0,15,25
2019-05-22 09:15:00,643.85,643.85,636.35,639.9,28155,2019-05-22,2019,628.85,617.6,657.0,673.9,662.65,634.5,660.0,640.1,645.75,634.9967,628.3533,656.5033,663.1467,589.45,702.05,,,0.0,0.0,0.0,9,15
2019-05-22 09:20:00,639.75,641.75,637.4,640.3,35771,2019-05-22,2019,628.85,617.6,657.0,673.9,662.65,634.5,660.0,640.1,645.75,634.9967,628.3533,656.5033,663.1467,589.45,702.05,,,0.0,0.0,0.0,9,20
2019-05-22 09:25:00,640.0,640.9,637.4,638.0,24486,2019-05-22,2019,628.85,617.6,657.0,673.9,662.65,634.5,660.0,640.1,645.75,634.9967,628.3533,656.5033,663.1467,589.45,702.05,,,0.0,0.0,0.0,9,25
2019-05-22 09:30:00,638.0,638.0,633.1,634.3,47024,2019-05-22,2019,628.85,617.6,657.0,673.9,662.65,634.5,660.0,640.1,645.75,634.9967,628.3533,656.5033,663.1467,589.45,702.05,Entry,Sell,634.3,628.85,643.85,9,30
2019-05-22 09:35:00,634.3,636.95,632.95,635.35,26244,2019-05-22,2019,628.85,617.6,657.0,673.9,662.65,634.5,660.0,640.1,645.75,634.9967,628.3533,656.5033,663.1467,589.45,702.05,,,0.0,0.0,0.0,9,35
2019-05-22 09:40:00,635.1,636.95,634.6,635.0,14327,2019-05-22,2019,628.85,617.6,657.0,673.9,662.65,634.5,660.0,640.1,645.75,634.9967,628.3533,656.5033,663.1467,589.45,702.05,,,0.0,0.0,0.0,9,40
2019-05-22 09:45:00,634.95,636.5,634.7,635.9,17905,2019-05-22,2019,628.85,617.6,657.0,673.9,662.65,634.5,660.0,640.1,645.75,634.9967,628.3533,656.5033,663.1467,589.45,702.05,,,0.0,0.0,0.0,9,45
2019-05-22 09:50:00,635.75,636.45,634.6,635.15,23968,2019-05-22,2019,628.85,617.6,657.0,673.9,662.65,634.5,660.0,640.1,645.75,634.9967,628.3533,656.5033,663.1467,589.45,702.05,,,0.0,0.0,0.0,9,50
2019-05-22 09:55:00,635.5,636.5,635.05,635.6,23555,2019-05-22,2019,628.85,617.6,657.0,673.9,662.65,634.5,660.0,640.1,645.75,634.9967,628.3533,656.5033,663.1467,589.45,702.05,,,0.0,0.0,0.0,9,55
2019-05-22 10:00:00,635.7,636.0,634.1,634.4,11355,2019-05-22,2019,628.85,617.6,657.0,673.9,662.65,634.5,660.0,640.1,645.75,634.9967,628.3533,656.5033,663.1467,589.45,702.05,,,0.0,0.0,0.0,10,0
2019-05-22 10:05:00,634.4,634.5,632.5,634.2,18510,2019-05-22,2019,628.85,617.6,657.0,673.9,662.65,634.5,660.0,640.1,645.75,634.9967,628.3533,656.5033,663.1467,589.45,702.05,,,0.0,0.0,0.0,10,5
2019-05-22 10:10:00,634.05,636.45,634.05,636.0,12382,2019-05-22,2019,628.85,617.6,657.0,673.9,662.65,634.5,660.0,640.1,645.75,634.9967,628.3533,656.5033,663.1467,589.45,702.05,,,0.0,0.0,0.0,10,10
2019-05-22 10:15:00,636.0,636.55,635.0,636.05,20108,2019-05-22,2019,628.85,617.6,657.0,673.9,662.65,634.5,660.0,640.1,645.75,634.9967,628.3533,656.5033,663.1467,589.45,702.05,,,0.0,0.0,0.0,10,15
2019-05-22 10:20:00,635.85,636.35,635.15,635.75,10891,2019-05-22,2019,628.85,617.6,657.0,673.9,662.65,634.5,660.0,640.1,645.75,634.9967,628.3533,656.5033,663.1467,589.45,702.05,,,0.0,0.0,0.0,10,20
2019-05-22 10:25:00,635.75,636.2,635.3,635.8,13738,2019-05-22,2019,628.85,617.6,657.0,673.9,662.65,634.5,660.0,640.1,645.75,634.9967,628.3533,656.5033,663.1467,589.45,702.05,,,0.0,0.0,0.0,10,25
2019-05-22 10:30:00,635.8,637.35,635.8,636.7,9960,2019-05-22,2019,628.85,617.6,657.0,673.9,662.65,634.5,660.0,640.1,645.75,634.9967,628.3533,656.5033,663.1467,589.45,702.05,,,0.0,0.0,0.0,10,30
2019-05-22 10:35:00,636.7,636.95,636.0,636.35,10916,2019-05-22,2019,628.85,617.6,657.0,673.9,662.65,634.5,660.0,640.1,645.75,634.9967,628.3533,656.5033,663.1467,589.45,702.05,,,0.0,0.0,0.0,10,35
2019-05-22 10:40:00,636.35,638.3,636.35,638.1,11825,2019-05-22,2019,628.85,617.6,657.0,673.9,662.65,634.5,660.0,640.1,645.75,634.9967,628.3533,656.5033,663.1467,589.45,702.05,,,0.0,0.0,0.0,10,40
2019-05-22 10:45:00,638.1,639.25,637.3,638.5,17475,2019-05-22,2019,628.85,617.6,657.0,673.9,662.65,634.5,660.0,640.1,645.75,634.9967,628.3533,656.5033,663.1467,589.45,702.05,,,0.0,0.0,0.0,10,45
2019-05-22 10:50:00,638.5,639.5,638.0,638.35,13766,2019-05-22,2019,628.85,617.6,657.0,673.9,662.65,634.5,660.0,640.1,645.75,634.9967,628.3533,656.5033,663.1467,589.45,702.05,,,0.0,0.0,0.0,10,50
2019-05-22 10:55:00,638.0,639.5,638.0,639.35,8518,2019-05-22,2019,628.85,617.6,657.0,673.9,662.65,634.5,660.0,640.1,645.75,634.9967,628.3533,656.5033,663.1467,589.45,702.05,,,0.0,0.0,0.0,10,55
2019-05-22 11:00:00,639.35,640.0,639.2,639.75,9991,2019-05-22,2019,628.85,617.6,657.0,673.9,662.65,634.5,660.0,640.1,645.75,634.9967,628.3533,656.5033,663.1467,589.45,702.05,,,0.0,0.0,0.0,11,0
2019-05-22 11:05:00,639.75,639.9,637.45,638.7,11304,2019-05-22,2019,628.85,617.6,657.0,673.9,662.65,634.5,660.0,640.1,645.75,634.9967,628.3533,656.5033,663.1467,589.45,702.05,,,0.0,0.0,0.0,11,5
2019-05-22 11:10:00,638.65,638.9,637.5,637.8,5119,2019-05-22,2019,628.85,617.6,657.0,673.9,662.65,634.5,660.0,640.1,645.75,634.9967,628.3533,656.5033,663.1467,589.45,702.05,,,0.0,0.0,0.0,11,10
2019-05-22 11:15:00,637.8,638.0,635.2,635.85,11371,2019-05-22,2019,628.85,617.6,657.0,673.9,662.65,634.5,660.0,640.1,645.75,634.9967,628.3533,656.5033,663.1467,589.45,702.05,,,0.0,0.0,0.0,11,15
2019-05-22 11:20:00,635.85,636.0,635.2,635.3,20675,2019-05-22,2019,628.85,617.6,657.0,673.9,662.65,634.5,660.0,640.1,645.75,634.9967,628.3533,656.5033,663.1467,589.45,702.05,,,0.0,0.0,0.0,11,20
2019-05-22 11:25:00,635.3,635.65,634.2,634.3,25941,2019-05-22,2019,628.85,617.6,657.0,673.9,662.65,634.5,660.0,640.1,645.75,634.9967,628.3533,656.5033,663.1467,589.45,702.05,,,0.0,0.0,0.0,11,25
2019-05-22 11:30:00,634.3,635.55,634.0,634.55,13791,2019-05-22,2019,628.85,617.6,657.0,673.9,662.65,634.5,660.0,640.1,645.75,634.9967,628.3533,656.5033,663.1467,589.45,702.05,,,0.0,0.0,0.0,11,30
2019-05-22 11:35:00,634.55,635.55,634.55,635.2,10528,2019-05-22,2019,628.85,617.6,657.0,673.9,662.65,634.5,660.0,640.1,645.75,634.9967,628.3533,656.5033,663.1467,589.45,702.05,,,0.0,0.0,0.0,11,35
2019-05-22 11:40:00,635.2,635.5,634.25,634.5,6844,2019-05-22,2019,628.85,617.6,657.0,673.9,662.65,634.5,660.0,640.1,645.75,634.9967,628.3533,656.5033,663.1467,589.45,702.05,,,0.0,0.0,0.0,11,40
2019-05-22 11:45:00,634.5,635.45,634.2,634.95,6620,2019-05-22,2019,628.85,617.6,657.0,673.9,662.65,634.5,660.0,640.1,645.75,634.9967,628.3533,656.5033,663.1467,589.45,702.05,,,0.0,0.0,0.0,11,45
2019-05-22 11:50:00,634.7,635.05,634.1,634.25,5819,2019-05-22,2019,628.85,617.6,657.0,673.9,662.65,634.5,660.0,640.1,645.75,634.9967,628.3533,656.5033,663.1467,589.45,702.05,,,0.0,0.0,0.0,11,50
2019-05-22 11:55:00,634.25,634.6,633.5,634.4,16502,2019-05-22,2019,628.85,617.6,657.0,673.9,662.65,634.5,660.0,640.1,645.75,634.9967,628.3533,656.5033,663.1467,589.45,702.05,,,0.0,0.0,0.0,11,55
2019-05-22 12:00:00,634.4,634.4,633.15,633.7,9678,2019-05-22,2019,628.85,617.6,657.0,673.9,662.65,634.5,660.0,640.1,645.75,634.9967,628.3533,656.5033,663.1467,589.45,702.05,,,0.0,0.0,0.0,12,0
2019-05-22 12:05:00,633.75,634.2,633.35,633.85,5363,2019-05-22,2019,628.85,617.6,657.0,673.9,662.65,634.5,660.0,640.1,645.75,634.9967,628.3533,656.5033,663.1467,589.45,702.05,,,0.0,0.0,0.0,12,5
2019-05-22 12:10:00,633.85,634.45,633.5,634.25,10692,2019-05-22,2019,628.85,617.6,657.0,673.9,662.65,634.5,660.0,640.1,645.75,634.9967,628.3533,656.5033,663.1467,589.45,702.05,,,0.0,0.0,0.0,12,10
2019-05-22 12:15:00,634.25,634.4,633.5,633.8,18517,2019-05-22,2019,628.85,617.6,657.0,673.9,662.65,634.5,660.0,640.1,645.75,634.9967,628.3533,656.5033,663.1467,589.45,702.05,,,0.0,0.0,0.0,12,15
2019-05-22 12:20:00,634.0,634.2,633.5,634.0,7371,2019-05-22,2019,628.85,617.6,657.0,673.9,662.65,634.5,660.0,640.1,645.75,634.9967,628.3533,656.5033,663.1467,589.45,702.05,,,0.0,0.0,0.0,12,20
2019-05-22 12:25:00,634.0,634.75,633.8,634.05,10452,2019-05-22,2019,628.85,617.6,657.0,673.9,662.65,634.5,660.0,640.1,645.75,634.9967,628.3533,656.5033,663.1467,589.45,702.05,,,0.0,0.0,0.0,12,25
2019-05-22 12:30:00,634.05,634.45,633.05,633.05,14908,2019-05-22,2019,628.85,617.6,657.0,673.9,662.65,634.5,660.0,640.1,645.75,634.9967,628.3533,656.5033,663.1467,589.45,702.05,,,0.0,0.0,0.0,12,30
2019-05-22 12:35:00,632.75,633.1,631.4,632.25,36979,2019-05-22,2019,628.85,617.6,657.0,673.9,662.65,634.5,660.0,640.1,645.75,634.9967,628.3533,656.5033,663.1467,589.45,702.05,,,0.0,0.0,0.0,12,35
2019-05-22 12:40:00,632.3,632.8,632.0,632.65,7874,2019-05-22,2019,628.85,617.6,657.0,673.9,662.65,634.5,660.0,640.1,645.75,634.9967,628.3533,656.5033,663.1467,589.45,702.05,,,0.0,0.0,0.0,12,40
2019-05-22 12:45:00,632.75,633.5,632.25,632.35,10732,2019-05-22,2019,628.85,617.6,657.0,673.9,662.65,634.5,660.0,640.1,645.75,634.9967,628.3533,656.5033,663.1467,589.45,702.05,,,0.0,0.0,0.0,12,45
2019-05-22 12:50:00,632.35,632.75,632.05,632.4,15650,2019-05-22,2019,628.85,617.6,657.0,673.9,662.65,634.5,660.0,640.1,645.75,634.9967,628.3533,656.5033,663.1467,589.45,702.05,,,0.0,0.0,0.0,12,50
2019-05-22 12:55:00,632.55,633.35,632.3,633.35,13775,2019-05-22,2019,628.85,617.6,657.0,673.9,662.65,634.5,660.0,640.1,645.75,634.9967,628.3533,656.5033,663.1467,589.45,702.05,,,0.0,0.0,0.0,12,55
2019-05-22 13:00:00,633.35,634.25,632.85,633.85,9419,2019-05-22,2019,628.85,617.6,657.0,673.9,662.65,634.5,660.0,640.1,645.75,634.9967,628.3533,656.5033,663.1467,589.45,702.05,,,0.0,0.0,0.0,13,0
2019-05-22 13:05:00,633.9,635.4,633.45,635.35,15488,2019-05-22,2019,628.85,617.6,657.0,673.9,662.65,634.5,660.0,640.1,645.75,634.9967,628.3533,656.5033,663.1467,589.45,702.05,,,0.0,0.0,0.0,13,5
2019-05-22 13:10:00,635.15,635.7,634.8,635.65,12636,2019-05-22,2019,628.85,617.6,657.0,673.9,662.65,634.5,660.0,640.1,645.75,634.9967,628.3533,656.5033,663.1467,589.45,702.05,,,0.0,0.0,0.0,13,10
2019-05-22 13:15:00,635.5,636.85,635.15,636.0,23533,2019-05-22,2019,628.85,617.6,657.0,673.9,662.65,634.5,660.0,640.1,645.75,634.9967,628.3533,656.5033,663.1467,589.45,702.05,,,0.0,0.0,0.0,13,15
2019-05-22 13:20:00,635.9,636.75,635.3,636.05,8647,2019-05-22,2019,628.85,617.6,657.0,673.9,662.65,634.5,660.0,640.1,645.75,634.9967,628.3533,656.5033,663.1467,589.45,702.05,,,0.0,0.0,0.0,13,20
2019-05-22 13:25:00,636.2,636.75,635.5,636.55,12077,2019-05-22,2019,628.85,617.6,657.0,673.9,662.65,634.5,660.0,640.1,645.75,634.9967,628.3533,656.5033,663.1467,589.45,702.05,,,0.0,0.0,0.0,13,25
2019-05-22 13:30:00,636.55,637.75,636.4,637.2,18956,2019-05-22,2019,628.85,617.6,657.0,673.9,662.65,634.5,660.0,640.1,645.75,634.9967,628.3533,656.5033,663.1467,589.45,702.05,,,0.0,0.0,0.0,13,30
2019-05-22 13:35:00,637.25,637.75,636.4,637.3,16077,2019-05-22,2019,628.85,617.6,657.0,673.9,662.65,634.5,660.0,640.1,645.75,634.9967,628.3533,656.5033,663.1467,589.45,702.05,,,0.0,0.0,0.0,13,35
2019-05-22 13:40:00,637.0,637.75,636.75,637.65,13102,2019-05-22,2019,628.85,617.6,657.0,673.9,662.65,634.5,660.0,640.1,645.75,634.9967,628.3533,656.5033,663.1467,589.45,702.05,,,0.0,0.0,0.0,13,40
2019-05-22 13:45:00,637.75,639.5,637.5,639.5,15396,2019-05-22,2019,628.85,617.6,657.0,673.9,662.65,634.5,660.0,640.1,645.75,634.9967,628.3533,656.5033,663.1467,589.45,702.05,,,0.0,0.0,0.0,13,45
2019-05-22 13:50:00,639.45,640.7,638.65,640.3,27700,2019-05-22,2019,628.85,617.6,657.0,673.9,662.65,634.5,660.0,640.1,645.75,634.9967,628.3533,656.5033,663.1467,589.45,702.05,,,0.0,0.0,0.0,13,50
2019-05-22 13:55:00,640.5,642.35,640.05,641.2,22869,2019-05-22,2019,628.85,617.6,657.0,673.9,662.65,634.5,660.0,640.1,645.75,634.9967,628.3533,656.5033,663.1467,589.45,702.05,,,0.0,0.0,0.0,13,55
2019-05-22 14:00:00,641.0,643.0,641.0,642.5,18586,2019-05-22,2019,628.85,617.6,657.0,673.9,662.65,634.5,660.0,640.1,645.75,634.9967,628.3533,656.5033,663.1467,589.45,702.05,,,0.0,0.0,0.0,14,0
2019-05-22 14:05:00,642.5,642.5,641.2,642.4,16979,2019-05-22,2019,628.85,617.6,657.0,673.9,662.65,634.5,660.0,640.1,645.75,634.9967,628.3533,656.5033,663.1467,589.45,702.05,,,0.0,0.0,0.0,14,5
2019-05-22 14:10:00,642.4,643.8,642.0,642.45,26886,2019-05-22,2019,628.85,617.6,657.0,673.9,662.65,634.5,660.0,640.1,645.75,634.9967,628.3533,656.5033,663.1467,589.45,702.05,,,0.0,0.0,0.0,14,10
2019-05-22 14:15:00,642.45,642.75,638.45,640.0,30067,2019-05-22,2019,628.85,617.6,657.0,673.9,662.65,634.5,660.0,640.1,645.75,634.9967,628.3533,656.5033,663.1467,589.45,702.05,,,0.0,0.0,0.0,14,15
2019-05-22 14:20:00,639.95,640.65,639.1,640.4,8186,2019-05-22,2019,628.85,617.6,657.0,673.9,662.65,634.5,660.0,640.1,645.75,634.9967,628.3533,656.5033,663.1467,589.45,702.05,,,0.0,0.0,0.0,14,20
2019-05-22 14:25:00,640.4,640.5,638.5,639.6,30911,2019-05-22,2019,628.85,617.6,657.0,673.9,662.65,634.5,660.0,640.1,645.75,634.9967,628.3533,656.5033,663.1467,589.45,702.05,,,0.0,0.0,0.0,14,25
2019-05-22 14:30:00,639.6,640.4,638.5,638.75,16872,2019-05-22,2019,628.85,617.6,657.0,673.9,662.65,634.5,660.0,640.1,645.75,634.9967,628.3533,656.5033,663.1467,589.45,702.05,,,0.0,0.0,0.0,14,30
2019-05-22 14:35:00,638.75,639.25,637.0,638.6,31543,2019-05-22,2019,628.85,617.6,657.0,673.9,662.65,634.5,660.0,640.1,645.75,634.9967,628.3533,656.5033,663.1467,589.45,702.05,,,0.0,0.0,0.0,14,35
2019-05-22 14:40:00,638.6,639.4,638.0,638.35,14261,2019-05-22,2019,628.85,617.6,657.0,673.9,662.65,634.5,660.0,640.1,645.75,634.9967,628.3533,656.5033,663.1467,589.45,702.05,,,0.0,0.0,0.0,14,40
2019-05-22 14:45:00,638.4,641.0,637.25,641.0,20523,2019-05-22,2019,628.85,617.6,657.0,673.9,662.65,634.5,660.0,640.1,645.75,634.9967,628.3533,656.5033,663.1467,589.45,702.05,,,0.0,0.0,0.0,14,45
2019-05-22 14:50:00,641.0,641.0,638.8,639.2,23376,2019-05-22,2019,628.85,617.6,657.0,673.9,662.65,634.5,660.0,640.1,645.75,634.9967,628.3533,656.5033,663.1467,589.45,702.05,,,0.0,0.0,0.0,14,50
2019-05-22 14:55:00,639.2,640.8,638.95,640.5,16057,2019-05-22,2019,628.85,617.6,657.0,673.9,662.65,634.5,660.0,640.1,645.75,634.9967,628.3533,656.5033,663.1467,589.45,702.05,,,0.0,0.0,0.0,14,55
2019-05-22 15:00:00,640.65,640.95,639.25,639.4,34487,2019-05-22,2019,628.85,617.6,657.0,673.9,662.65,634.5,660.0,640.1,645.75,634.9967,628.3533,656.5033,663.1467,589.45,702.05,,,0.0,0.0,0.0,15,0
2019-05-22 15:05:00,639.4,640.5,638.6,639.95,40237,2019-05-22,2019,628.85,617.6,657.0,673.9,662.65,634.5,660.0,640.1,645.75,634.9967,628.3533,656.5033,663.1467,589.45,702.05,,,0.0,0.0,0.0,15,5
2019-05-22 15:10:00,639.95,642.0,639.95,641.75,43081,2019-05-22,2019,628.85,617.6,657.0,673.9,662.65,634.5,660.0,640.1,645.75,634.9967,628.3533,656.5033,663.1467,589.45,702.05,,,0.0,0.0,0.0,15,10
2019-05-22 15:15:00,641.75,642.0,639.8,640.0,53223,2019-05-22,2019,628.85,617.6,657.0,673.9,662.65,634.5,660.0,640.1,645.75,634.9967,628.3533,656.5033,663.1467,589.45,702.05,,,0.0,0.0,0.0,15,15
2019-05-22 15:20:00,640.15,641.15,639.7,640.85,77586,2019-05-22,2019,628.85,617.6,657.0,673.9,662.65,634.5,660.0,640.1,645.75,634.9967,628.3533,656.5033,663.1467,589.45,702.05,Exit,Buy,640.85,0.0,0.0,15,20
2019-05-22 15:25:00,640.85,642.4,638.3,640.95,48901,2019-05-22,2019,628.85,617.6,657.0,673.9,662.65,634.5,660.0,640.1,645.75,634.9967,628.3533,656.5033,663.1467,589.45,702.05,,,0.0,0.0,0.0,15,25
2019-05-23 09:15:00,650.0,651.65,645.05,650.25,80368,2019-05-23,2019,633.6166666666667,626.2833333333333,646.0666666666667,651.1833333333334,643.85,631.4,643.85,640.95,638.7333333333333,633.9774333333334,631.0392333333333,643.4892333333333,646.4274333333334,613.8333333333333,663.6333333333334,,,0.0,0.0,0.0,9,15
2019-05-23 09:20:00,650.25,653.45,649.0,652.65,62043,2019-05-23,2019,633.6166666666667,626.2833333333333,646.0666666666667,651.1833333333334,643.85,631.4,643.85,640.95,638.7333333333333,633.9774333333334,631.0392333333333,643.4892333333333,646.4274333333334,613.8333333333333,663.6333333333334,Entry,Buy,652.65,663.6333333333334,645.05,9,20
2019-05-23 09:25:00,652.45,653.75,651.15,651.6,59385,2019-05-23,2019,633.6166666666667,626.2833333333333,646.0666666666667,651.1833333333334,643.85,631.4,643.85,640.95,638.7333333333333,633.9774333333334,631.0392333333333,643.4892333333333,646.4274333333334,613.8333333333333,663.6333333333334,,,0.0,0.0,0.0,9,25
2019-05-23 09:30:00,651.25,651.6,646.3,648.3,50497,2019-05-23,2019,633.6166666666667,626.2833333333333,646.0666666666667,651.1833333333334,643.85,631.4,643.85,640.95,638.7333333333333,633.9774333333334,631.0392333333333,643.4892333333333,646.4274333333334,613.8333333333333,663.6333333333334,,,0.0,0.0,0.0,9,30
2019-05-23 09:35:00,647.85,650.0,646.3,646.9,38412,2019-05-23,2019,633.6166666666667,626.2833333333333,646.0666666666667,651.1833333333334,643.85,631.4,643.85,640.95,638.7333333333333,633.9774333333334,631.0392333333333,643.4892333333333,646.4274333333334,613.8333333333333,663.6333333333334,,,0.0,0.0,0.0,9,35
2019-05-23 09:40:00,647.1,649.15,644.2,648.8,45185,2019-05-23,2019,633.6166666666667,626.2833333333333,646.0666666666667,651.1833333333334,643.85,631.4,643.85,640.95,638.7333333333333,633.9774333333334,631.0392333333333,643.4892333333333,646.4274333333334,613.8333333333333,663.6333333333334,Exit,Sell,645.05,639.7392333333333,653.75,9,40
2019-05-23 09:45:00,649.0,649.15,646.65,648.7,19601,2019-05-23,2019,633.6166666666667,626.2833333333333,646.0666666666667,651.1833333333334,643.85,631.4,643.85,640.95,638.7333333333333,633.9774333333334,631.0392333333333,643.4892333333333,646.4274333333334,613.8333333333333,663.6333333333334,,,0.0,0.0,0.0,9,45
2019-05-23 09:50:00,648.85,650.95,648.35,650.25,34440,2019-05-23,2019,633.6166666666667,626.2833333333333,646.0666666666667,651.1833333333334,643.85,631.4,643.85,640.95,638.7333333333333,633.9774333333334,631.0392333333333,643.4892333333333,646.4274333333334,613.8333333333333,663.6333333333334,,,0.0,0.0,0.0,9,50
2019-05-23 09:55:00,650.0,651.5,649.1,650.05,50109,2019-05-23,2019,633.6166666666667,626.2833333333333,646.0666666666667,651.1833333333334,643.85,631.4,643.85,640.95,638.7333333333333,633.9774333333334,631.0392333333333,643.4892333333333,646.4274333333334,613.8333333333333,663.6333333333334,,,0.0,0.0,0.0,9,55
2019-05-23 10:00:00,650.05,652.5,649.85,651.1,37447,2019-05-23,2019,633.6166666666667,626.2833333333333,646.0666666666667,651.1833333333334,643.85,631.4,643.85,640.95,638.7333333333333,633.9774333333334,631.0392333333333,643.4892333333333,646.4274333333334,613.8333333333333,663.6333333333334,,,0.0,0.0,0.0,10,0
2019-05-23 10:05:00,651.25,652.6,650.5,651.45,202015,2019-05-23,2019,633.6166666666667,626.2833333333333,646.0666666666667,651.1833333333334,643.85,631.4,643.85,640.95,638.7333333333333,633.9774333333334,631.0392333333333,643.4892333333333,646.4274333333334,613.8333333333333,663.6333333333334,,,0.0,0.0,0.0,10,5
2019-05-23 10:10:00,651.4,652.1,650.9,651.25,19230,2019-05-23,2019,633.6166666666667,626.2833333333333,646.0666666666667,651.1833333333334,643.85,631.4,643.85,640.95,638.7333333333333,633.9774333333334,631.0392333333333,643.4892333333333,646.4274333333334,613.8333333333333,663.6333333333334,,,0.0,0.0,0.0,10,10
2019-05-23 10:15:00,651.25,652.45,650.5,651.2,23444,2019-05-23,2019,633.6166666666667,626.2833333333333,646.0666666666667,651.1833333333334,643.85,631.4,643.85,640.95,638.7333333333333,633.9774333333334,631.0392333333333,643.4892333333333,646.4274333333334,613.8333333333333,663.6333333333334,,,0.0,0.0,0.0,10,15
2019-05-23 10:20:00,651.3,651.7,650.55,651.2,30318,2019-05-23,2019,633.6166666666667,626.2833333333333,646.0666666666667,651.1833333333334,643.85,631.4,643.85,640.95,638.7333333333333,633.9774333333334,631.0392333333333,643.4892333333333,646.4274333333334,613.8333333333333,663.6333333333334,,,0.0,0.0,0.0,10,20
2019-05-23 10:25:00,651.2,652.45,650.9,651.4,33093,2019-05-23,2019,633.6166666666667,626.2833333333333,646.0666666666667,651.1833333333334,643.85,631.4,643.85,640.95,638.7333333333333,633.9774333333334,631.0392333333333,643.4892333333333,646.4274333333334,613.8333333333333,663.6333333333334,,,0.0,0.0,0.0,10,25
2019-05-23 10:30:00,651.5,652.0,650.45,651.5,19373,2019-05-23,2019,633.6166666666667,626.2833333333333,646.0666666666667,651.1833333333334,643.85,631.4,643.85,640.95,638.7333333333333,633.9774333333334,631.0392333333333,643.4892333333333,646.4274333333334,613.8333333333333,663.6333333333334,,,0.0,0.0,0.0,10,30
2019-05-23 10:35:00,651.8,651.9,651.0,651.0,31350,2019-05-23,2019,633.6166666666667,626.2833333333333,646.0666666666667,651.1833333333334,643.85,631.4,643.85,640.95,638.7333333333333,633.9774333333334,631.0392333333333,643.4892333333333,646.4274333333334,613.8333333333333,663.6333333333334,,,0.0,0.0,0.0,10,35
2019-05-23 10:40:00,651.25,654.0,651.0,653.3,59343,2019-05-23,2019,633.6166666666667,626.2833333333333,646.0666666666667,651.1833333333334,643.85,631.4,643.85,640.95,638.7333333333333,633.9774333333334,631.0392333333333,643.4892333333333,646.4274333333334,613.8333333333333,663.6333333333334,Exit,Buy,653.75,664.0833333333335,644.2,10,40
2019-05-23 10:45:00,653.45,655.0,651.2,652.4,57791,2019-05-23,2019,633.6166666666667,626.2833333333333,646.0666666666667,651.1833333333334,643.85,631.4,643.85,640.95,638.7333333333333,633.9774333333334,631.0392333333333,643.4892333333333,646.4274333333334,613.8333333333333,663.6333333333334,,,0.0,0.0,0.0,10,45
2019-05-23 10:50:00,652.4,652.4,649.05,650.2,35230,2019-05-23,2019,633.6166666666667,626.2833333333333,646.0666666666667,651.1833333333334,643.85,631.4,643.85,640.95,638.7333333333333,633.9774333333334,631.0392333333333,643.4892333333333,646.4274333333334,613.8333333333333,663.6333333333334,,,0.0,0.0,0.0,10,50
2019-05-23 10:55:00,650.2,651.0,648.85,649.6,21455,2019-05-23,2019,633.6166666666667,626.2833333333333,646.0666666666667,651.1833333333334,643.85,631.4,643.85,640.95,638.7333333333333,633.9774333333334,631.0392333333333,643.4892333333333,646.4274333333334,613.8333333333333,663.6333333333334,,,0.0,0.0,0.0,10,55
2019-05-23 11:00:00,649.6,650.2,647.0,648.75,29836,2019-05-23,2019,633.6166666666667,626.2833333333333,646.0666666666667,651.1833333333334,643.85,631.4,643.85,640.95,638.7333333333333,633.9774333333334,631.0392333333333,643.4892333333333,646.4274333333334,613.8333333333333,663.6333333333334,,,0.0,0.0,0.0,11,0
2019-05-23 11:05:00,648.65,651.0,648.65,649.6,25261,2019-05-23,2019,633.6166666666667,626.2833333333333,646.0666666666667,651.1833333333334,643.85,631.4,643.85,640.95,638.7333333333333,633.9774333333334,631.0392333333333,643.4892333333333,646.4274333333334,613.8333333333333,663.6333333333334,,,0.0,0.0,0.0,11,5
2019-05-23 11:10:00,649.3,649.7,647.25,647.35,23171,2019-05-23,2019,633.6166666666667,626.2833333333333,646.0666666666667,651.1833333333334,643.85,631.4,643.85,640.95,638.7333333333333,633.9774333333334,631.0392333333333,643.4892333333333,646.4274333333334,613.8333333333333,663.6333333333334,,,0.0,0.0,0.0,11,10
2019-05-23 11:15:00,647.35,648.95,646.75,647.3,24537,2019-05-23,2019,633.6166666666667,626.2833333333333,646.0666666666667,651.1833333333334,643.85,631.4,643.85,640.95,638.7333333333333,633.9774333333334,631.0392333333333,643.4892333333333,646.4274333333334,613.8333333333333,663.6333333333334,,,0.0,0.0,0.0,11,15
2019-05-23 11:20:00,647.85,647.9,644.65,646.85,37754,2019-05-23,2019,633.6166666666667,626.2833333333333,646.0666666666667,651.1833333333334,643.85,631.4,643.85,640.95,638.7333333333333,633.9774333333334,631.0392333333333,643.4892333333333,646.4274333333334,613.8333333333333,663.6333333333334,,,0.0,0.0,0.0,11,20
2019-05-23 11:25:00,646.9,650.0,646.45,649.45,22617,2019-05-23,2019,633.6166666666667,626.2833333333333,646.0666666666667,651.1833333333334,643.85,631.4,643.85,640.95,638.7333333333333,633.9774333333334,631.0392333333333,643.4892333333333,646.4274333333334,613.8333333333333,663.6333333333334,,,0.0,0.0,0.0,11,25
2019-05-23 11:30:00,649.35,649.45,646.5,646.9,20272,2019-05-23,2019,633.6166666666667,626.2833333333333,646.0666666666667,651.1833333333334,643.85,631.4,643.85,640.95,638.7333333333333,633.9774333333334,631.0392333333333,643.4892333333333,646.4274333333334,613.8333333333333,663.6333333333334,,,0.0,0.0,0.0,11,30
2019-05-23 11:35:00,646.85,647.0,643.55,645.95,31033,2019-05-23,2019,633.6166666666667,626.2833333333333,646.0666666666667,651.1833333333334,643.85,631.4,643.85,640.95,638.7333333333333,633.9774333333334,631.0392333333333,643.4892333333333,646.4274333333334,613.8333333333333,663.6333333333334,Exit,Sell,644.2,636.9833333333333,655.0,11,35
2019-05-23 11:40:00,646.1,646.5,644.25,644.85,34240,2019-05-23,2019,633.6166666666667,626.2833333333333,646.0666666666667,651.1833333333334,643.85,631.4,643.85,640.95,638.7333333333333,633.9774333333334,631.0392333333333,643.4892333333333,646.4274333333334,613.8333333333333,663.6333333333334,,,0.0,0.0,0.0,11,40
2019-05-23 11:45:00,644.7,646.65,644.3,644.3,22009,2019-05-23,2019,633.6166666666667,626.2833333333333,646.0666666666667,651.1833333333334,643.85,631.4,643.85,640.95,638.7333333333333,633.9774333333334,631.0392333333333,643.4892333333333,646.4274333333334,613.8333333333333,663.6333333333334,,,0.0,0.0,0.0,11,45
2019-05-23 11:50:00,644.35,644.6,640.5,640.9,70563,2019-05-23,2019,633.6166666666667,626.2833333333333,646.0666666666667,651.1833333333334,643.85,631.4,643.85,640.95,638.7333333333333,633.9774333333334,631.0392333333333,643.4892333333333,646.4274333333334,613.8333333333333,663.6333333333334,,,0.0,0.0,0.0,11,50
2019-05-23 11:55:00,640.9,642.75,639.5,640.9,82879,2019-05-23,2019,633.6166666666667,626.2833333333333,646.0666666666667,651.1833333333334,643.85,631.4,643.85,640.95,638.7333333333333,633.9774333333334,631.0392333333333,643.4892333333333,646.4274333333334,613.8333333333333,663.6333333333334,Exit,Buy,641.6232,646.7898666666667,640.5,11,55
2019-05-23 12:00:00,640.9,640.9,638.6,639.5,59500,2019-05-23,2019,633.6166666666667,626.2833333333333,646.0666666666667,651.1833333333334,643.85,631.4,643.85,640.95,638.7333333333333,633.9774333333334,631.0392333333333,643.4892333333333,646.4274333333334,613.8333333333333,663.6333333333334,Exit,Sell,640.5,634.9774333333334,655.0,12,0
2019-05-23 12:05:00,639.55,640.45,638.15,639.0,40110,2019-05-23,2019,633.6166666666667,626.2833333333333,646.0666666666667,651.1833333333334,643.85,631.4,643.85,640.95,638.7333333333333,633.9774333333334,631.0392333333333,643.4892333333333,646.4274333333334,613.8333333333333,663.6333333333334,,,0.0,0.0,0.0,12,5
2019-05-23 12:10:00,639.05,640.0,638.1,639.7,53039,2019-05-23,2019,633.6166666666667,626.2833333333333,646.0666666666667,651.1833333333334,643.85,631.4,643.85,640.95,638.7333333333333,633.9774333333334,631.0392333333333,643.4892333333333,646.4274333333334,613.8333333333333,663.6333333333334,,,0.0,0.0,0.0,12,10
2019-05-23 12:15:00,639.75,639.95,638.0,638.1,19276,2019-05-23,2019,633.6166666666667,626.2833333333333,646.0666666666667,651.1833333333334,643.85,631.4,643.85,640.95,638.7333333333333,633.9774333333334,631.0392333333333,643.4892333333333,646.4274333333334,613.8333333333333,663.6333333333334,,,0.0,0.0,0.0,12,15
2019-05-23 12:20:00,638.1,639.0,637.0,638.15,28367,2019-05-23,2019,633.6166666666667,626.2833333333333,646.0666666666667,651.1833333333334,643.85,631.4,643.85,640.95,638.7333333333333,633.9774333333334,631.0392333333333,643.4892333333333,646.4274333333334,613.8333333333333,663.6333333333334,,,0.0,0.0,0.0,12,20
2019-05-23 12:25:00,638.15,638.75,635.3,636.1,41849,2019-05-23,2019,633.6166666666667,626.2833333333333,646.0666666666667,651.1833333333334,643.85,631.4,643.85,640.95,638.7333333333333,633.9774333333334,631.0392333333333,643.4892333333333,646.4274333333334,613.8333333333333,663.6333333333334,Exit,Buy,637.938,645.3272333333333,637.0,12,25
2019-05-23 12:30:00,636.1,638.5,635.55,636.85,39126,2019-05-23,2019,633.6166666666667,626.2833333333333,646.0666666666667,651.1833333333334,643.85,631.4,643.85,640.95,638.7333333333333,633.9774333333334,631.0392333333333,643.4892333333333,646.4274333333334,613.8333333333333,663.6333333333334,Exit,Sell,637.0,633.7666666666667,655.0,12,30
2019-05-23 12:35:00,636.8,638.65,636.55,638.0,24495,2019-05-23,2019,633.6166666666667,626.2833333333333,646.0666666666667,651.1833333333334,643.85,631.4,643.85,640.95,638.7333333333333,633.9774333333334,631.0392333333333,643.4892333333333,646.4274333333334,613.8333333333333,663.6333333333334,,,0.0,0.0,0.0,12,35
2019-05-23 12:40:00,638.0,640.0,638.0,639.55,25202,2019-05-23,2019,633.6166666666667,626.2833333333333,646.0666666666667,651.1833333333334,643.85,631.4,643.85,640.95,638.7333333333333,633.9774333333334,631.0392333333333,643.4892333333333,646.4274333333334,613.8333333333333,663.6333333333334,,,0.0,0.0,0.0,12,40
2019-05-23 12:45:00,639.55,641.5,639.05,640.45,53139,2019-05-23,2019,633.6166666666667,626.2833333333333,646.0666666666667,651.1833333333334,643.85,631.4,643.85,640.95,638.7333333333333,633.9774333333334,631.0392333333333,643.4892333333333,646.4274333333334,613.8333333333333,663.6333333333334,,,0.0,0.0,0.0,12,45
2019-05-23 12:50:00,640.4,642.95,640.15,642.45,34784,2019-05-23,2019,633.6166666666667,626.2833333333333,646.0666666666667,651.1833333333334,643.85,631.4,643.85,640.95,638.7333333333333,633.9774333333334,631.0392333333333,643.4892333333333,646.4274333333334,613.8333333333333,663.6333333333334,,,0.0,0.0,0.0,12,50
2019-05-23 12:55:00,642.4,642.65,641.05,642.5,20580,2019-05-23,2019,633.6166666666667,626.2833333333333,646.0666666666667,651.1833333333334,643.85,631.4,643.85,640.95,638.7333333333333,633.9774333333334,631.0392333333333,643.4892333333333,646.4274333333334,613.8333333333333,663.6333333333334,,,0.0,0.0,0.0,12,55
2019-05-23 13:00:00,642.8,643.05,641.55,642.75,14555,2019-05-23,2019,633.6166666666667,626.2833333333333,646.0666666666667,651.1833333333334,643.85,631.4,643.85,640.95,638.7333333333333,633.9774333333334,631.0392333333333,643.4892333333333,646.4274333333334,613.8333333333333,663.6333333333334,,,0.0,0.0,0.0,13,0
2019-05-23 13:05:00,642.75,644.0,642.65,643.95,18206,2019-05-23,2019,633.6166666666667,626.2833333333333,646.0666666666667,651.1833333333334,643.85,631.4,643.85,640.95,638.7333333333333,633.9774333333334,631.0392333333333,643.4892333333333,646.4274333333334,613.8333333333333,663.6333333333334,,,0.0,0.0,0.0,13,5
2019-05-23 13:10:00,643.95,644.0,642.4,643.3,18252,2019-05-23,2019,633.6166666666667,626.2833333333333,646.0666666666667,651.1833333333334,643.85,631.4,643.85,640.95,638.7333333333333,633.9774333333334,631.0392333333333,643.4892333333333,646.4274333333334,613.8333333333333,663.6333333333334,,,0.0,0.0,0.0,13,10
2019-05-23 13:15:00,643.3,645.0,643.25,644.5,26848,2019-05-23,2019,633.6166666666667,626.2833333333333,646.0666666666667,651.1833333333334,643.85,631.4,643.85,640.95,638.7333333333333,633.9774333333334,631.0392333333333,643.4892333333333,646.4274333333334,613.8333333333333,663.6333333333334,,,0.0,0.0,0.0,13,15
2019-05-23 13:20:00,644.5,644.75,643.1,643.6,16566,2019-05-23,2019,633.6166666666667,626.2833333333333,646.0666666666667,651.1833333333334,643.85,631.4,643.85,640.95,638.7333333333333,633.9774333333334,631.0392333333333,643.4892333333333,646.4274333333334,613.8333333333333,663.6333333333334,,,0.0,0.0,0.0,13,20
2019-05-23 13:25:00,643.6,644.4,643.35,643.75,12550,2019-05-23,2019,633.6166666666667,626.2833333333333,646.0666666666667,651.1833333333334,643.85,631.4,643.85,640.95,638.7333333333333,633.9774333333334,631.0392333333333,643.4892333333333,646.4274333333334,613.8333333333333,663.6333333333334,,,0.0,0.0,0.0,13,25
2019-05-23 13:30:00,643.75,644.55,642.3,642.65,235767,2019-05-23,2019,633.6166666666667,626.2833333333333,646.0666666666667,651.1833333333334,643.85,631.4,643.85,640.95,638.7333333333333,633.9774333333334,631.0392333333333,643.4892333333333,646.4274333333334,613.8333333333333,663.6333333333334,,,0.0,0.0,0.0,13,30
2019-05-23 13:35:00,642.65,643.75,642.45,643.2,72562,2019-05-23,2019,633.6166666666667,626.2833333333333,646.0666666666667,651.1833333333334,643.85,631.4,643.85,640.95,638.7333333333333,633.9774333333334,631.0392333333333,643.4892333333333,646.4274333333334,613.8333333333333,663.6333333333334,,,0.0,0.0,0.0,13,35
2019-05-23 13:40:00,643.1,644.0,643.0,643.85,27511,2019-05-23,2019,633.6166666666667,626.2833333333333,646.0666666666667,651.1833333333334,643.85,631.4,643.85,640.95,638.7333333333333,633.9774333333334,631.0392333333333,643.4892333333333,646.4274333333334,613.8333333333333,663.6333333333334,,,0.0,0.0,0.0,13,40
2019-05-23 13:45:00,643.85,644.55,643.8,644.1,24962,2019-05-23,2019,633.6166666666667,626.2833333333333,646.0666666666667,651.1833333333334,643.85,631.4,643.85,640.95,638.7333333333333,633.9774333333334,631.0392333333333,643.4892333333333,646.4274333333334,613.8333333333333,663.6333333333334,,,0.0,0.0,0.0,13,45
2019-05-23 13:50:00,644.1,644.5,643.0,643.4,62026,2019-05-23,2019,633.6166666666667,626.2833333333333,646.0666666666667,651.1833333333334,643.85,631.4,643.85,640.95,638.7333333333333,633.9774333333334,631.0392333333333,643.4892333333333,646.4274333333334,613.8333333333333,663.6333333333334,,,0.0,0.0,0.0,13,50
2019-05-23 13:55:00,643.55,645.0,642.65,644.9,59758,2019-05-23,2019,633.6166666666667,626.2833333333333,646.0666666666667,651.1833333333334,643.85,631.4,643.85,640.95,638.7333333333333,633.9774333333334,631.0392333333333,643.4892333333333,646.4274333333334,613.8333333333333,663.6333333333334,,,0.0,0.0,0.0,13,55
2019-05-23 14:00:00,644.9,644.9,641.75,643.5,37967,2019-05-23,2019,633.6166666666667,626.2833333333333,646.0666666666667,651.1833333333334,643.85,631.4,643.85,640.95,638.7333333333333,633.9774333333334,631.0392333333333,643.4892333333333,646.4274333333334,613.8333333333333,663.6333333333334,,,0.0,0.0,0.0,14,0
2019-05-23 14:05:00,643.5,644.7,642.45,644.35,21667,2019-05-23,2019,633.6166666666667,626.2833333333333,646.0666666666667,651.1833333333334,643.85,631.4,643.85,640.95,638.7333333333333,633.9774333333334,631.0392333333333,643.4892333333333,646.4274333333334,613.8333333333333,663.6333333333334,,,0.0,0.0,0.0,14,5
2019-05-23 14:10:00,644.35,644.95,643.3,644.5,15548,2019-05-23,2019,633.6166666666667,626.2833333333333,646.0666666666667,651.1833333333334,643.85,631.4,643.85,640.95,638.7333333333333,633.9774333333334,631.0392333333333,643.4892333333333,646.4274333333334,613.8333333333333,663.6333333333334,,,0.0,0.0,0.0,14,10
2019-05-23 14:15:00,644.65,647.25,644.5,646.9,37092,2019-05-23,2019,633.6166666666667,626.2833333333333,646.0666666666667,651.1833333333334,643.85,631.4,643.85,640.95,638.7333333333333,633.9774333333334,631.0392333333333,643.4892333333333,646.4274333333334,613.8333333333333,663.6333333333334,,,0.0,0.0,0.0,14,15
2019-05-23 14:20:00,646.85,647.0,644.75,645.05,23489,2019-05-23,2019,633.6166666666667,626.2833333333333,646.0666666666667,651.1833333333334,643.85,631.4,643.85,640.95,638.7333333333333,633.9774333333334,631.0392333333333,643.4892333333333,646.4274333333334,613.8333333333333,663.6333333333334,,,0.0,0.0,0.0,14,20
2019-05-23 14:25:00,645.05,645.6,643.95,644.5,27844,2019-05-23,2019,633.6166666666667,626.2833333333333,646.0666666666667,651.1833333333334,643.85,631.4,643.85,640.95,638.7333333333333,633.9774333333334,631.0392333333333,643.4892333333333,646.4274333333334,613.8333333333333,663.6333333333334,,,0.0,0.0,0.0,14,25
2019-05-23 14:30:00,644.5,645.1,642.4,642.5,23352,2019-05-23,2019,633.6166666666667,626.2833333333333,646.0666666666667,651.1833333333334,643.85,631.4,643.85,640.95,638.7333333333333,633.9774333333334,631.0392333333333,643.4892333333333,646.4274333333334,613.8333333333333,663.6333333333334,,,0.0,0.0,0.0,14,30
2019-05-23 14:35:00,642.15,644.15,641.75,643.7,23222,2019-05-23,2019,633.6166666666667,626.2833333333333,646.0666666666667,651.1833333333334,643.85,631.4,643.85,640.95,638.7333333333333,633.9774333333334,631.0392333333333,643.4892333333333,646.4274333333334,613.8333333333333,663.6333333333334,,,0.0,0.0,0.0,14,35
2019-05-23 14:40:00,643.8,643.8,641.2,641.6,43354,2019-05-23,2019,633.6166666666667,626.2833333333333,646.0666666666667,651.1833333333334,643.85,631.4,643.85,640.95,638.7333333333333,633.9774333333334,631.0392333333333,643.4892333333333,646.4274333333334,613.8333333333333,663.6333333333334,,,0.0,0.0,0.0,14,40
2019-05-23 14:45:00,641.6,641.75,640.0,640.4,40186,2019-05-23,2019,633.6166666666667,626.2833333333333,646.0666666666667,651.1833333333334,643.85,631.4,643.85,640.95,638.7333333333333,633.9774333333334,631.0392333333333,643.4892333333333,646.4274333333334,613.8333333333333,663.6333333333334,,,0.0,0.0,0.0,14,45
2019-05-23 14:50:00,640.4,641.3,640.05,640.9,39033,2019-05-23,2019,633.6166666666667,626.2833333333333,646.0666666666667,651.1833333333334,643.85,631.4,643.85,640.95,638.7333333333333,633.9774333333334,631.0392333333333,643.4892333333333,646.4274333333334,613.8333333333333,663.6333333333334,,,0.0,0.0,0.0,14,50
2019-05-23 14:55:00,640.9,640.95,637.55,638.25,38490,2019-05-23,2019,633.6166666666667,626.2833333333333,646.0666666666667,651.1833333333334,643.85,631.4,643.85,640.95,638.7333333333333,633.9774333333334,631.0392333333333,643.4892333333333,646.4274333333334,613.8333333333333,663.6333333333334,,,0.0,0.0,0.0,14,55
2019-05-23 15:00:00,638.05,641.9,637.6,641.9,62813,2019-05-23,2019,633.6166666666667,626.2833333333333,646.0666666666667,651.1833333333334,643.85,631.4,643.85,640.95,638.7333333333333,633.9774333333334,631.0392333333333,643.4892333333333,646.4274333333334,613.8333333333333,663.6333333333334,,,0.0,0.0,0.0,15,0
2019-05-23 15:05:00,641.75,642.05,638.85,639.55,46473,2019-05-23,2019,633.6166666666667,626.2833333333333,646.0666666666667,651.1833333333334,643.85,631.4,643.85,640.95,638.7333333333333,633.9774333333334,631.0392333333333,643.4892333333333,646.4274333333334,613.8333333333333,663.6333333333334,,,0.0,0.0,0.0,15,5
2019-05-23 15:10:00,639.9,640.5,638.55,639.55,42029,2019-05-23,2019,633.6166666666667,626.2833333333333,646.0666666666667,651.1833333333334,643.85,631.4,643.85,640.95,638.7333333333333,633.9774333333334,631.0392333333333,643.4892333333333,646.4274333333334,613.8333333333333,663.6333333333334,,,0.0,0.0,0.0,15,10
2019-05-23 15:15:00,639.55,640.8,637.85,640.05,91530,2019-05-23,2019,633.6166666666667,626.2833333333333,646.0666666666667,651.1833333333334,643.85,631.4,643.85,640.95,638.7333333333333,633.9774333333334,631.0392333333333,643.4892333333333,646.4274333333334,613.8333333333333,663.6333333333334,,,0.0,0.0,0.0,15,15
2019-05-23 15:20:00,640.0,641.0,639.4,639.8,37344,2019-05-23,2019,633.6166666666667,626.2833333333333,646.0666666666667,651.1833333333334,643.85,631.4,643.85,640.95,638.7333333333333,633.9774333333334,631.0392333333333,643.4892333333333,646.4274333333334,613.8333333333333,663.6333333333334,Exit,Buy,639.8,0.0,0.0,15,20
2019-05-23 15:25:00,639.75,640.6,639.35,639.55,43782,2019-05-23,2019,633.6166666666667,626.2833333333333,646.0666666666667,651.1833333333334,643.85,631.4,643.85,640.95,638.7333333333333,633.9774333333334,631.0392333333333,643.4892333333333,646.4274333333334,613.8333333333333,663.6333333333334,,,0.0,0.0,0.0,15,25
2019-05-24 09:15:00,644.75,647.3,639.1,644.1,110125,2019-05-24,2019,631.5666666666666,623.5833333333333,651.2666666666667,662.9833333333333,655.0,635.3,650.0,639.55,643.2833333333333,635.7579333333333,631.1087333333332,650.8087333333333,655.4579333333334,603.8833333333332,682.6833333333334,,,0.0,0.0,0.0,9,15
2019-05-24 09:20:00,644.1,644.95,642.65,644.25,33224,2019-05-24,2019,631.5666666666666,623.5833333333333,651.2666666666667,662.9833333333333,655.0,635.3,650.0,639.55,643.2833333333333,635.7579333333333,631.1087333333332,650.8087333333333,655.4579333333334,603.8833333333332,682.6833333333334,,,0.0,0.0,0.0,9,20
2019-05-24 09:25:00,644.0,644.8,641.15,643.55,34876,2019-05-24,2019,631.5666666666666,623.5833333333333,651.2666666666667,662.9833333333333,655.0,635.3,650.0,639.55,643.2833333333333,635.7579333333333,631.1087333333332,650.8087333333333,655.4579333333334,603.8833333333332,682.6833333333334,,,0.0,0.0,0.0,9,25
2019-05-24 09:30:00,643.45,644.6,642.5,644.35,29031,2019-05-24,2019,631.5666666666666,623.5833333333333,651.2666666666667,662.9833333333333,655.0,635.3,650.0,639.55,643.2833333333333,635.7579333333333,631.1087333333332,650.8087333333333,655.4579333333334,603.8833333333332,682.6833333333334,,,0.0,0.0,0.0,9,30
2019-05-24 09:35:00,644.35,646.35,644.0,645.85,42041,2019-05-24,2019,631.5666666666666,623.5833333333333,651.2666666666667,662.9833333333333,655.0,635.3,650.0,639.55,643.2833333333333,635.7579333333333,631.1087333333332,650.8087333333333,655.4579333333334,603.8833333333332,682.6833333333334,,,0.0,0.0,0.0,9,35
2019-05-24 09:40:00,645.7,647.0,645.15,646.3,30220,2019-05-24,2019,631.5666666666666,623.5833333333333,651.2666666666667,662.9833333333333,655.0,635.3,650.0,639.55,643.2833333333333,635.7579333333333,631.1087333333332,650.8087333333333,655.4579333333334,603.8833333333332,682.6833333333334,,,0.0,0.0,0.0,9,40
2019-05-24 09:45:00,646.35,648.75,645.55,648.35,26998,2019-05-24,2019,631.5666666666666,623.5833333333333,651.2666666666667,662.9833333333333,655.0,635.3,650.0,639.55,643.2833333333333,635.7579333333333,631.1087333333332,650.8087333333333,655.4579333333334,603.8833333333332,682.6833333333334,Entry,Buy,648.35,655.4579333333334,639.1,9,45
2019-05-24 09:50:00,648.4,649.9,647.85,649.25,35452,2019-05-24,2019,631.5666666666666,623.5833333333333,651.2666666666667,662.9833333333333,655.0,635.3,650.0,639.55,643.2833333333333,635.7579333333333,631.1087333333332,650.8087333333333,655.4579333333334,603.8833333333332,682.6833333333334,,,0.0,0.0,0.0,9,50
2019-05-24 09:55:00,649.25,653.45,649.25,653.25,83661,2019-05-24,2019,631.5666666666666,623.5833333333333,651.2666666666667,662.9833333333333,655.0,635.3,650.0,639.55,643.2833333333333,635.7579333333333,631.1087333333332,650.8087333333333,655.4579333333334,603.8833333333332,682.6833333333334,,,0.0,0.0,0.0,9,55
2019-05-24 10:00:00,653.0,653.45,650.75,651.7,36421,2019-05-24,2019,631.5666666666666,623.5833333333333,651.2666666666667,662.9833333333333,655.0,635.3,650.0,639.55,643.2833333333333,635.7579333333333,631.1087333333332,650.8087333333333,655.4579333333334,603.8833333333332,682.6833333333334,Exit,Sell,650.9434,642.5267333333333,653.45,10,0
2019-05-24 10:05:00,651.65,652.2,648.55,649.35,44532,2019-05-24,2019,631.5666666666666,623.5833333333333,651.2666666666667,662.9833333333333,655.0,635.3,650.0,639.55,643.2833333333333,635.7579333333333,631.1087333333332,650.8087333333333,655.4579333333334,603.8833333333332,682.6833333333334,,,0.0,0.0,0.0,10,5
2019-05-24 10:10:00,649.6,649.9,647.45,648.95,28152,2019-05-24,2019,631.5666666666666,623.5833333333333,651.2666666666667,662.9833333333333,655.0,635.3,650.0,639.55,643.2833333333333,635.7579333333333,631.1087333333332,650.8087333333333,655.4579333333334,603.8833333333332,682.6833333333334,,,0.0,0.0,0.0,10,10
2019-05-24 10:15:00,648.95,650.25,648.25,649.9,27964,2019-05-24,2019,631.5666666666666,623.5833333333333,651.2666666666667,662.9833333333333,655.0,635.3,650.0,639.55,643.2833333333333,635.7579333333333,631.1087333333332,650.8087333333333,655.4579333333334,603.8833333333332,682.6833333333334,Exit,Buy,648.3396264,653.8975597333334,639.1,10,15
2019-05-24 10:20:00,649.9,651.85,649.65,651.2,24375,2019-05-24,2019,631.5666666666666,623.5833333333333,651.2666666666667,662.9833333333333,655.0,635.3,650.0,639.55,643.2833333333333,635.7579333333333,631.1087333333332,650.8087333333333,655.4579333333334,603.8833333333332,682.6833333333334,,,0.0,0.0,0.0,10,20
2019-05-24 10:25:00,651.05,652.55,650.7,651.2,19062,2019-05-24,2019,631.5666666666666,623.5833333333333,651.2666666666667,662.9833333333333,655.0,635.3,650.0,639.55,643.2833333333333,635.7579333333333,631.1087333333332,650.8087333333333,655.4579333333334,603.8833333333332,682.6833333333334,Exit,Sell,650.9329849056,643.0163182389333,653.45,10,25
2019-05-24 10:30:00,651.05,651.2,648.55,649.2,17344,2019-05-24,2019,631.5666666666666,623.5833333333333,651.2666666666667,662.9833333333333,655.0,635.3,650.0,639.55,643.2833333333333,635.7579333333333,631.1087333333332,650.8087333333333,655.4579333333334,603.8833333333332,682.6833333333334,,,0.0,0.0,0.0,10,30
2019-05-24 10:35:00,649.2,650.5,649.0,650.05,20024,2019-05-24,2019,631.5666666666666,623.5833333333333,651.2666666666667,662.9833333333333,655.0,635.3,650.0,639.55,643.2833333333333,635.7579333333333,631.1087333333332,650.8087333333333,655.4579333333334,603.8833333333332,682.6833333333334,,,0.0,0.0,0.0,10,35
2019-05-24 10:40:00,650.05,651.25,649.7,650.6,12972,2019-05-24,2019,631.5666666666666,623.5833333333333,651.2666666666667,662.9833333333333,655.0,635.3,650.0,639.55,643.2833333333333,635.7579333333333,631.1087333333332,650.8087333333333,655.4579333333334,603.8833333333332,682.6833333333334,,,0.0,0.0,0.0,10,40
2019-05-24 10:45:00,650.6,651.4,649.1,649.15,21198,2019-05-24,2019,631.5666666666666,623.5833333333333,651.2666666666667,662.9833333333333,655.0,635.3,650.0,639.55,643.2833333333333,635.7579333333333,631.1087333333332,650.8087333333333,655.4579333333334,603.8833333333332,682.6833333333334,,,0.0,0.0,0.0,10,45
2019-05-24 10:50:00,649.15,649.8,649.0,649.2,24195,2019-05-24,2019,631.5666666666666,623.5833333333333,651.2666666666667,662.9833333333333,655.0,635.3,650.0,639.55,643.2833333333333,635.7579333333333,631.1087333333332,650.8087333333333,655.4579333333334,603.8833333333332,682.6833333333334,,,0.0,0.0,0.0,10,50
2019-05-24 10:55:00,649.2,649.65,648.1,648.8,34701,2019-05-24,2019,631.5666666666666,623.5833333333333,651.2666666666667,662.9833333333333,655.0,635.3,650.0,639.55,643.2833333333333,635.7579333333333,631.1087333333332,650.8087333333333,655.4579333333334,603.8833333333332,682.6833333333334,,,0.0,0.0,0.0,10,55
2019-05-24 11:00:00,648.8,651.3,648.5,650.95,25903,2019-05-24,2019,631.5666666666666,623.5833333333333,651.2666666666667,662.9833333333333,655.0,635.3,650.0,639.55,643.2833333333333,635.7579333333333,631.1087333333332,650.8087333333333,655.4579333333334,603.8833333333332,682.6833333333334,,,0.0,0.0,0.0,11,0
2019-05-24 11:05:00,650.9,652.35,650.7,651.85,20099,2019-05-24,2019,631.5666666666666,623.5833333333333,651.2666666666667,662.9833333333333,655.0,635.3,650.0,639.55,643.2833333333333,635.7579333333333,631.1087333333332,650.8087333333333,655.4579333333334,603.8833333333332,682.6833333333334,,,0.0,0.0,0.0,11,5
2019-05-24 11:10:00,651.45,652.0,651.1,651.3,28147,2019-05-24,2019,631.5666666666666,623.5833333333333,651.2666666666667,662.9833333333333,655.0,635.3,650.0,639.55,643.2833333333333,635.7579333333333,631.1087333333332,650.8087333333333,655.4579333333334,603.8833333333332,682.6833333333334,,,0.0,0.0,0.0,11,10
2019-05-24 11:15:00,651.3,651.9,650.3,651.75,18151,2019-05-24,2019,631.5666666666666,623.5833333333333,651.2666666666667,662.9833333333333,655.0,635.3,650.0,639.55,643.2833333333333,635.7579333333333,631.1087333333332,650.8087333333333,655.4579333333334,603.8833333333332,682.6833333333334,,,0.0,0.0,0.0,11,15
2019-05-24 11:20:00,651.75,652.0,651.3,651.6,13131,2019-05-24,2019,631.5666666666666,623.5833333333333,651.2666666666667,662.9833333333333,655.0,635.3,650.0,639.55,643.2833333333333,635.7579333333333,631.1087333333332,650.8087333333333,655.4579333333334,603.8833333333332,682.6833333333334,,,0.0,0.0,0.0,11,20
2019-05-24 11:25:00,651.6,653.25,651.25,653.25,51764,2019-05-24,2019,631.5666666666666,623.5833333333333,651.2666666666667,662.9833333333333,655.0,635.3,650.0,639.55,643.2833333333333,635.7579333333333,631.1087333333332,650.8087333333333,655.4579333333334,603.8833333333332,682.6833333333334,,,0.0,0.0,0.0,11,25
2019-05-24 11:30:00,653.5,654.75,653.15,653.15,55862,2019-05-24,2019,631.5666666666666,623.5833333333333,651.2666666666667,662.9833333333333,655.0,635.3,650.0,639.55,643.2833333333333,635.7579333333333,631.1087333333332,650.8087333333333,655.4579333333334,603.8833333333332,682.6833333333334,Exit,Buy,653.45,663.2833333333334,639.1,11,30
2019-05-24 11:35:00,653.0,653.1,652.2,652.7,20784,2019-05-24,2019,631.5666666666666,623.5833333333333,651.2666666666667,662.9833333333333,655.0,635.3,650.0,639.55,643.2833333333333,635.7579333333333,631.1087333333332,650.8087333333333,655.4579333333334,603.8833333333332,682.6833333333334,,,0.0,0.0,0.0,11,35
2019-05-24 11:40:00,652.7,653.75,652.5,653.4,23902,2019-05-24,2019,631.5666666666666,623.5833333333333,651.2666666666667,662.9833333333333,655.0,635.3,650.0,639.55,643.2833333333333,635.7579333333333,631.1087333333332,650.8087333333333,655.4579333333334,603.8833333333332,682.6833333333334,,,0.0,0.0,0.0,11,40
2019-05-24 11:45:00,653.3,654.85,653.25,653.95,56191,2019-05-24,2019,631.5666666666666,623.5833333333333,651.2666666666667,662.9833333333333,655.0,635.3,650.0,639.55,643.2833333333333,635.7579333333333,631.1087333333332,650.8087333333333,655.4579333333334,603.8833333333332,682.6833333333334,,,0.0,0.0,0.0,11,45
2019-05-24 11:50:00,653.95,654.5,653.5,653.8,44901,2019-05-24,2019,631.5666666666666,623.5833333333333,651.2666666666667,662.9833333333333,655.0,635.3,650.0,639.55,643.2833333333333,635.7579333333333,631.1087333333332,650.8087333333333,655.4579333333334,603.8833333333332,682.6833333333334,,,0.0,0.0,0.0,11,50
2019-05-24 11:55:00,653.8,656.95,653.65,656.45,98243,2019-05-24,2019,631.5666666666666,623.5833333333333,651.2666666666667,662.9833333333333,655.0,635.3,650.0,639.55,643.2833333333333,635.7579333333333,631.1087333333332,650.8087333333333,655.4579333333334,603.8833333333332,682.6833333333334,,,0.0,0.0,0.0,11,55
2019-05-24 12:00:00,656.5,657.95,656.2,656.2,65378,2019-05-24,2019,631.5666666666666,623.5833333333333,651.2666666666667,662.9833333333333,655.0,635.3,650.0,639.55,643.2833333333333,635.7579333333333,631.1087333333332,650.8087333333333,655.4579333333334,603.8833333333332,682.6833333333334,,,0.0,0.0,0.0,12,0
2019-05-24 12:05:00,656.2,658.9,656.15,657.7,76371,2019-05-24,2019,631.5666666666666,623.5833333333333,651.2666666666667,662.9833333333333,655.0,635.3,650.0,639.55,643.2833333333333,635.7579333333333,631.1087333333332,650.8087333333333,655.4579333333334,603.8833333333332,682.6833333333334,,,0.0,0.0,0.0,12,5
2019-05-24 12:10:00,657.8,658.9,655.9,657.0,66612,2019-05-24,2019,631.5666666666666,623.5833333333333,651.2666666666667,662.9833333333333,655.0,635.3,650.0,639.55,643.2833333333333,635.7579333333333,631.1087333333332,650.8087333333333,655.4579333333334,603.8833333333332,682.6833333333334,Exit,Sell,656.0638,650.3304666666667,658.9,12,10
2019-05-24 12:15:00,656.75,657.0,655.25,656.6,29303,2019-05-24,2019,631.5666666666666,623.5833333333333,651.2666666666667,662.9833333333333,655.0,635.3,650.0,639.55,643.2833333333333,635.7579333333333,631.1087333333332,650.8087333333333,655.4579333333334,603.8833333333332,682.6833333333334,,,0.0,0.0,0.0,12,15
2019-05-24 12:20:00,656.9,657.45,656.15,657.0,14658,2019-05-24,2019,631.5666666666666,623.5833333333333,651.2666666666667,662.9833333333333,655.0,635.3,650.0,639.55,643.2833333333333,635.7579333333333,631.1087333333332,650.8087333333333,655.4579333333334,603.8833333333332,682.6833333333334,,,0.0,0.0,0.0,12,20
2019-05-24 12:25:00,657.0,657.8,656.8,657.2,23719,2019-05-24,2019,631.5666666666666,623.5833333333333,651.2666666666667,662.9833333333333,655.0,635.3,650.0,639.55,643.2833333333333,635.7579333333333,631.1087333333332,650.8087333333333,655.4579333333334,603.8833333333332,682.6833333333334,,,0.0,0.0,0.0,12,25
2019-05-24 12:30:00,657.2,657.95,656.45,656.45,17361,2019-05-24,2019,631.5666666666666,623.5833333333333,651.2666666666667,662.9833333333333,655.0,635.3,650.0,639.55,643.2833333333333,635.7579333333333,631.1087333333332,650.8087333333333,655.4579333333334,603.8833333333332,682.6833333333334,,,0.0,0.0,0.0,12,30
2019-05-24 12:35:00,656.45,658.0,656.2,658.0,18934,2019-05-24,2019,631.5666666666666,623.5833333333333,651.2666666666667,662.9833333333333,655.0,635.3,650.0,639.55,643.2833333333333,635.7579333333333,631.1087333333332,650.8087333333333,655.4579333333334,603.8833333333332,682.6833333333334,,,0.0,0.0,0.0,12,35
2019-05-24 12:40:00,658.0,659.0,657.5,658.95,38579,2019-05-24,2019,631.5666666666666,623.5833333333333,651.2666666666667,662.9833333333333,655.0,635.3,650.0,639.55,643.2833333333333,635.7579333333333,631.1087333333332,650.8087333333333,655.4579333333334,603.8833333333332,682.6833333333334,Exit,Buy,658.9,662.9333333333333,639.1,12,40
2019-05-24 12:45:00,659.0,661.9,658.7,660.35,104833,2019-05-24,2019,631.5666666666666,623.5833333333333,651.2666666666667,662.9833333333333,655.0,635.3,650.0,639.55,643.2833333333333,635.7579333333333,631.1087333333332,650.8087333333333,655.4579333333334,603.8833333333332,682.6833333333334,,,0.0,0.0,0.0,12,45
2019-05-24 12:50:00,660.35,661.0,659.0,659.55,53245,2019-05-24,2019,631.5666666666666,623.5833333333333,651.2666666666667,662.9833333333333,655.0,635.3,650.0,639.55,643.2833333333333,635.7579333333333,631.1087333333332,650.8087333333333,655.4579333333334,603.8833333333332,682.6833333333334,,,0.0,0.0,0.0,12,50
2019-05-24 12:55:00,659.55,660.5,659.0,660.2,22374,2019-05-24,2019,631.5666666666666,623.5833333333333,651.2666666666667,662.9833333333333,655.0,635.3,650.0,639.55,643.2833333333333,635.7579333333333,631.1087333333332,650.8087333333333,655.4579333333334,603.8833333333332,682.6833333333334,,,0.0,0.0,0.0,12,55
2019-05-24 13:00:00,660.2,661.5,660.05,660.6,45059,2019-05-24,2019,631.5666666666666,623.5833333333333,651.2666666666667,662.9833333333333,655.0,635.3,650.0,639.55,643.2833333333333,635.7579333333333,631.1087333333332,650.8087333333333,655.4579333333334,603.8833333333332,682.6833333333334,,,0.0,0.0,0.0,13,0
2019-05-24 13:05:00,660.55,661.3,660.0,661.3,21364,2019-05-24,2019,631.5666666666666,623.5833333333333,651.2666666666667,662.9833333333333,655.0,635.3,650.0,639.55,643.2833333333333,635.7579333333333,631.1087333333332,650.8087333333333,655.4579333333334,603.8833333333332,682.6833333333334,,,0.0,0.0,0.0,13,5
2019-05-24 13:10:00,661.3,661.5,660.5,660.85,34736,2019-05-24,2019,631.5666666666666,623.5833333333333,651.2666666666667,662.9833333333333,655.0,635.3,650.0,639.55,643.2833333333333,635.7579333333333,631.1087333333332,650.8087333333333,655.4579333333334,603.8833333333332,682.6833333333334,,,0.0,0.0,0.0,13,10
2019-05-24 13:15:00,660.85,661.25,659.65,661.2,33600,2019-05-24,2019,631.5666666666666,623.5833333333333,651.2666666666667,662.9833333333333,655.0,635.3,650.0,639.55,643.2833333333333,635.7579333333333,631.1087333333332,650.8087333333333,655.4579333333334,603.8833333333332,682.6833333333334,,,0.0,0.0,0.0,13,15
2019-05-24 13:20:00,661.2,661.5,660.25,660.75,16985,2019-05-24,2019,631.5666666666666,623.5833333333333,651.2666666666667,662.9833333333333,655.0,635.3,650.0,639.55,643.2833333333333,635.7579333333333,631.1087333333332,650.8087333333333,655.4579333333334,603.8833333333332,682.6833333333334,,,0.0,0.0,0.0,13,20
2019-05-24 13:25:00,660.6,660.95,660.15,660.35,38503,2019-05-24,2019,631.5666666666666,623.5833333333333,651.2666666666667,662.9833333333333,655.0,635.3,650.0,639.55,643.2833333333333,635.7579333333333,631.1087333333332,650.8087333333333,655.4579333333334,603.8833333333332,682.6833333333334,,,0.0,0.0,0.0,13,25
2019-05-24 13:30:00,660.35,661.0,659.65,660.75,39260,2019-05-24,2019,631.5666666666666,623.5833333333333,651.2666666666667,662.9833333333333,655.0,635.3,650.0,639.55,643.2833333333333,635.7579333333333,631.1087333333332,650.8087333333333,655.4579333333334,603.8833333333332,682.6833333333334,,,0.0,0.0,0.0,13,30
2019-05-24 13:35:00,660.55,662.1,660.35,661.9,40867,2019-05-24,2019,631.5666666666666,623.5833333333333,651.2666666666667,662.9833333333333,655.0,635.3,650.0,639.55,643.2833333333333,635.7579333333333,631.1087333333332,650.8087333333333,655.4579333333334,603.8833333333332,682.6833333333334,,,0.0,0.0,0.0,13,35
2019-05-24 13:40:00,661.9,664.6,661.5,663.85,93208,2019-05-24,2019,631.5666666666666,623.5833333333333,651.2666666666667,662.9833333333333,655.0,635.3,650.0,639.55,643.2833333333333,635.7579333333333,631.1087333333332,650.8087333333333,655.4579333333334,603.8833333333332,682.6833333333334,Exit,Sell,662.9333333333333,0.0,0.0,13,40
2019-05-24 13:45:00,663.85,666.0,663.85,666.0,90644,2019-05-24,2019,631.5666666666666,623.5833333333333,651.2666666666667,662.9833333333333,655.0,635.3,650.0,639.55,643.2833333333333,635.7579333333333,631.1087333333332,650.8087333333333,655.4579333333334,603.8833333333332,682.6833333333334,,,0.0,0.0,0.0,13,45
2019-05-24 13:50:00,665.95,666.0,664.5,664.55,46633,2019-05-24,2019,631.5666666666666,623.5833333333333,651.2666666666667,662.9833333333333,655.0,635.3,650.0,639.55,643.2833333333333,635.7579333333333,631.1087333333332,650.8087333333333,655.4579333333334,603.8833333333332,682.6833333333334,,,0.0,0.0,0.0,13,50
2019-05-24 13:55:00,664.55,665.6,663.15,663.5,43225,2019-05-24,2019,631.5666666666666,623.5833333333333,651.2666666666667,662.9833333333333,655.0,635.3,650.0,639.55,643.2833333333333,635.7579333333333,631.1087333333332,650.8087333333333,655.4579333333334,603.8833333333332,682.6833333333334,,,0.0,0.0,0.0,13,55
2019-05-24 14:00:00,663.7,664.0,663.5,663.95,28197,2019-05-24,2019,631.5666666666666,623.5833333333333,651.2666666666667,662.9833333333333,655.0,635.3,650.0,639.55,643.2833333333333,635.7579333333333,631.1087333333332,650.8087333333333,655.4579333333334,603.8833333333332,682.6833333333334,,,0.0,0.0,0.0,14,0
2019-05-24 14:05:00,663.95,665.85,663.95,665.5,29441,2019-05-24,2019,631.5666666666666,623.5833333333333,651.2666666666667,662.9833333333333,655.0,635.3,650.0,639.55,643.2833333333333,635.7579333333333,631.1087333333332,650.8087333333333,655.4579333333334,603.8833333333332,682.6833333333334,,,0.0,0.0,0.0,14,5
2019-05-24 14:10:00,665.5,665.65,664.1,664.9,18563,2019-05-24,2019,631.5666666666666,623.5833333333333,651.2666666666667,662.9833333333333,655.0,635.3,650.0,639.55,643.2833333333333,635.7579333333333,631.1087333333332,650.8087333333333,655.4579333333334,603.8833333333332,682.6833333333334,,,0.0,0.0,0.0,14,10
2019-05-24 14:15:00,664.9,665.5,664.55,665.0,26993,2019-05-24,2019,631.5666666666666,623.5833333333333,651.2666666666667,662.9833333333333,655.0,635.3,650.0,639.55,643.2833333333333,635.7579333333333,631.1087333333332,650.8087333333333,655.4579333333334,603.8833333333332,682.6833333333334,,,0.0,0.0,0.0,14,15
2019-05-24 14:20:00,665.0,665.5,664.5,664.6,26973,2019-05-24,2019,631.5666666666666,623.5833333333333,651.2666666666667,662.9833333333333,655.0,635.3,650.0,639.55,643.2833333333333,635.7579333333333,631.1087333333332,650.8087333333333,655.4579333333334,603.8833333333332,682.6833333333334,,,0.0,0.0,0.0,14,20
2019-05-24 14:25:00,664.6,665.35,664.5,665.2,25939,2019-05-24,2019,631.5666666666666,623.5833333333333,651.2666666666667,662.9833333333333,655.0,635.3,650.0,639.55,643.2833333333333,635.7579333333333,631.1087333333332,650.8087333333333,655.4579333333334,603.8833333333332,682.6833333333334,,,0.0,0.0,0.0,14,25
2019-05-24 14:30:00,665.2,666.0,665.0,665.75,36823,2019-05-24,2019,631.5666666666666,623.5833333333333,651.2666666666667,662.9833333333333,655.0,635.3,650.0,639.55,643.2833333333333,635.7579333333333,631.1087333333332,650.8087333333333,655.4579333333334,603.8833333333332,682.6833333333334,,,0.0,0.0,0.0,14,30
2019-05-24 14:35:00,665.75,667.4,665.5,666.65,59967,2019-05-24,2019,631.5666666666666,623.5833333333333,651.2666666666667,662.9833333333333,655.0,635.3,650.0,639.55,643.2833333333333,635.7579333333333,631.1087333333332,650.8087333333333,655.4579333333334,603.8833333333332,682.6833333333334,,,0.0,0.0,0.0,14,35
2019-05-24 14:40:00,666.6,666.95,664.55,665.8,33433,2019-05-24,2019,631.5666666666666,623.5833333333333,651.2666666666667,662.9833333333333,655.0,635.3,650.0,639.55,643.2833333333333,635.7579333333333,631.1087333333332,650.8087333333333,655.4579333333334,603.8833333333332,682.6833333333334,,,0.0,0.0,0.0,14,40
2019-05-24 14:45:00,665.8,666.6,665.2,666.2,37225,2019-05-24,2019,631.5666666666666,623.5833333333333,651.2666666666667,662.9833333333333,655.0,635.3,650.0,639.55,643.2833333333333,635.7579333333333,631.1087333333332,650.8087333333333,655.4579333333334,603.8833333333332,682.6833333333334,,,0.0,0.0,0.0,14,45
2019-05-24 14:50:00,666.0,666.5,665.5,666.15,29377,2019-05-24,2019,631.5666666666666,623.5833333333333,651.2666666666667,662.9833333333333,655.0,635.3,650.0,639.55,643.2833333333333,635.7579333333333,631.1087333333332,650.8087333333333,655.4579333333334,603.8833333333332,682.6833333333334,,,0.0,0.0,0.0,14,50
2019-05-24 14:55:00,666.15,666.85,664.6,664.7,44550,2019-05-24,2019,631.5666666666666,623.5833333333333,651.2666666666667,662.9833333333333,655.0,635.3,650.0,639.55,643.2833333333333,635.7579333333333,631.1087333333332,650.8087333333333,655.4579333333334,603.8833333333332,682.6833333333334,,,0.0,0.0,0.0,14,55
2019-05-24 15:00:00,664.75,665.5,663.55,665.0,81420,2019-05-24,2019,631.5666666666666,623.5833333333333,651.2666666666667,662.9833333333333,655.0,635.3,650.0,639.55,643.2833333333333,635.7579333333333,631.1087333333332,650.8087333333333,655.4579333333334,603.8833333333332,682.6833333333334,,,0.0,0.0,0.0,15,0
2019-05-24 15:05:00,664.95,666.35,664.8,665.75,61954,2019-05-24,2019,631.5666666666666,623.5833333333333,651.2666666666667,662.9833333333333,655.0,635.3,650.0,639.55,643.2833333333333,635.7579333333333,631.1087333333332,650.8087333333333,655.4579333333334,603.8833333333332,682.6833333333334,,,0.0,0.0,0.0,15,5
2019-05-24 15:10:00,665.7,666.25,664.8,665.3,107448,2019-05-24,2019,631.5666666666666,623.5833333333333,651.2666666666667,662.9833333333333,655.0,635.3,650.0,639.55,643.2833333333333,635.7579333333333,631.1087333333332,650.8087333333333,655.4579333333334,603.8833333333332,682.6833333333334,,,0.0,0.0,0.0,15,10
2019-05-24 15:15:00,665.3,666.6,664.2,666.35,115106,2019-05-24,2019,631.5666666666666,623.5833333333333,651.2666666666667,662.9833333333333,655.0,635.3,650.0,639.55,643.2833333333333,635.7579333333333,631.1087333333332,650.8087333333333,655.4579333333334,603.8833333333332,682.6833333333334,,,0.0,0.0,0.0,15,15
2019-05-24 15:20:00,666.35,666.5,664.8,665.9,70214,2019-05-24,2019,631.5666666666666,623.5833333333333,651.2666666666667,662.9833333333333,655.0,635.3,650.0,639.55,643.2833333333333,635.7579333333333,631.1087333333332,650.8087333333333,655.4579333333334,603.8833333333332,682.6833333333334,,,0.0,0.0,0.0,15,20
2019-05-24 15:25:00,665.9,667.0,665.0,665.7,60513,2019-05-24,2019,631.5666666666666,623.5833333333333,651.2666666666667,662.9833333333333,655.0,635.3,650.0,639.55,643.2833333333333,635.7579333333333,631.1087333333332,650.8087333333333,655.4579333333334,603.8833333333332,682.6833333333334,,,0.0,0.0,0.0,15,25
2019-05-27 09:15:00,667.7,671.6,665.4,670.8,87522,2019-05-27,2019,647.4,629.1,675.6999999999999,685.6999999999999,667.4,639.1,644.75,665.7,657.4,646.5894,639.9106,668.2106,674.8893999999999,600.8000000000001,713.9999999999999,,,0.0,0.0,0.0,9,15
2019-05-27 09:20:00,670.85,673.0,670.2,671.95,97565,2019-05-27,2019,647.4,629.1,675.6999999999999,685.6999999999999,667.4,639.1,644.75,665.7,657.4,646.5894,639.9106,668.2106,674.8893999999999,600.8000000000001,713.9999999999999,Entry,Buy,671.95,675.6999999999999,665.4,9,20
2019-05-27 09:25:00,671.9,673.6,671.0,671.65,65202,2019-05-27,2019,647.4,629.1,675.6999999999999,685.6999999999999,667.4,639.1,644.75,665.7,657.4,646.5894,639.9106,668.2106,674.8893999999999,600.8000000000001,713.9999999999999,,,0.0,0.0,0.0,9,25
2019-05-27 09:30:00,671.5,672.1,669.1,670.2,51341,2019-05-27,2019,647.4,629.1,675.6999999999999,685.6999999999999,667.4,639.1,644.75,665.7,657.4,646.5894,639.9106,668.2106,674.8893999999999,600.8000000000001,713.9999999999999,,,0.0,0.0,0.0,9,30
2019-05-27 09:35:00,670.2,671.25,669.1,669.8,58603,2019-05-27,2019,647.4,629.1,675.6999999999999,685.6999999999999,667.4,639.1,644.75,665.7,657.4,646.5894,639.9106,668.2106,674.8893999999999,600.8000000000001,713.9999999999999,,,0.0,0.0,0.0,9,35
2019-05-27 09:40:00,669.55,671.0,669.25,670.3,53559,2019-05-27,2019,647.4,629.1,675.6999999999999,685.6999999999999,667.4,639.1,644.75,665.7,657.4,646.5894,639.9106,668.2106,674.8893999999999,600.8000000000001,713.9999999999999,,,0.0,0.0,0.0,9,40
2019-05-27 09:45:00,670.3,671.2,669.3,671.0,42249,2019-05-27,2019,647.4,629.1,675.6999999999999,685.6999999999999,667.4,639.1,644.75,665.7,657.4,646.5894,639.9106,668.2106,674.8893999999999,600.8000000000001,713.9999999999999,,,0.0,0.0,0.0,9,45
2019-05-27 09:50:00,671.2,671.2,669.1,669.7,21727,2019-05-27,2019,647.4,629.1,675.6999999999999,685.6999999999999,667.4,639.1,644.75,665.7,657.4,646.5894,639.9106,668.2106,674.8893999999999,600.8000000000001,713.9999999999999,,,0.0,0.0,0.0,9,50
2019-05-27 09:55:00,669.7,670.0,668.75,669.0,40135,2019-05-27,2019,647.4,629.1,675.6999999999999,685.6999999999999,667.4,639.1,644.75,665.7,657.4,646.5894,639.9106,668.2106,674.8893999999999,600.8000000000001,713.9999999999999,,,0.0,0.0,0.0,9,55
2019-05-27 10:00:00,669.0,670.0,668.35,668.5,19129,2019-05-27,2019,647.4,629.1,675.6999999999999,685.6999999999999,667.4,639.1,644.75,665.7,657.4,646.5894,639.9106,668.2106,674.8893999999999,600.8000000000001,713.9999999999999,,,0.0,0.0,0.0,10,0
2019-05-27 10:05:00,668.5,669.5,668.05,669.2,28811,2019-05-27,2019,647.4,629.1,675.6999999999999,685.6999999999999,667.4,639.1,644.75,665.7,657.4,646.5894,639.9106,668.2106,674.8893999999999,600.8000000000001,713.9999999999999,,,0.0,0.0,0.0,10,5
2019-05-27 10:10:00,669.2,670.45,669.05,669.6,16135,2019-05-27,2019,647.4,629.1,675.6999999999999,685.6999999999999,667.4,639.1,644.75,665.7,657.4,646.5894,639.9106,668.2106,674.8893999999999,600.8000000000001,713.9999999999999,,,0.0,0.0,0.0,10,10
2019-05-27 10:15:00,669.6,671.9,669.05,671.9,43466,2019-05-27,2019,647.4,629.1,675.6999999999999,685.6999999999999,667.4,639.1,644.75,665.7,657.4,646.5894,639.9106,668.2106,674.8893999999999,600.8000000000001,713.9999999999999,,,0.0,0.0,0.0,10,15
2019-05-27 10:20:00,671.9,671.95,670.0,670.25,30797,2019-05-27,2019,647.4,629.1,675.6999999999999,685.6999999999999,667.4,639.1,644.75,665.7,657.4,646.5894,639.9106,668.2106,674.8893999999999,600.8000000000001,713.9999999999999,,,0.0,0.0,0.0,10,20
2019-05-27 10:25:00,670.25,671.75,670.25,670.65,19071,2019-05-27,2019,647.4,629.1,675.6999999999999,685.6999999999999,667.4,639.1,644.75,665.7,657.4,646.5894,639.9106,668.2106,674.8893999999999,600.8000000000001,713.9999999999999,,,0.0,0.0,0.0,10,25
2019-05-27 10:30:00,670.65,671.0,669.25,669.55,22931,2019-05-27,2019,647.4,629.1,675.6999999999999,685.6999999999999,667.4,639.1,644.75,665.7,657.4,646.5894,639.9106,668.2106,674.8893999999999,600.8000000000001,713.9999999999999,,,0.0,0.0,0.0,10,30
2019-05-27 10:35:00,669.55,670.05,668.55,668.9,18156,2019-05-27,2019,647.4,629.1,675.6999999999999,685.6999999999999,667.4,639.1,644.75,665.7,657.4,646.5894,639.9106,668.2106,674.8893999999999,600.8000000000001,713.9999999999999,,,0.0,0.0,0.0,10,35
2019-05-27 10:40:00,668.9,669.0,668.25,668.65,14248,2019-05-27,2019,647.4,629.1,675.6999999999999,685.6999999999999,667.4,639.1,644.75,665.7,657.4,646.5894,639.9106,668.2106,674.8893999999999,600.8000000000001,713.9999999999999,,,0.0,0.0,0.0,10,40
2019-05-27 10:45:00,668.65,668.9,668.3,668.4,8361,2019-05-27,2019,647.4,629.1,675.6999999999999,685.6999999999999,667.4,639.1,644.75,665.7,657.4,646.5894,639.9106,668.2106,674.8893999999999,600.8000000000001,713.9999999999999,,,0.0,0.0,0.0,10,45
2019-05-27 10:50:00,668.4,668.65,667.35,667.5,30889,2019-05-27,2019,647.4,629.1,675.6999999999999,685.6999999999999,667.4,639.1,644.75,665.7,657.4,646.5894,639.9106,668.2106,674.8893999999999,600.8000000000001,713.9999999999999,,,0.0,0.0,0.0,10,50
2019-05-27 10:55:00,667.4,668.45,666.15,666.95,56949,2019-05-27,2019,647.4,629.1,675.6999999999999,685.6999999999999,667.4,639.1,644.75,665.7,657.4,646.5894,639.9106,668.2106,674.8893999999999,600.8000000000001,713.9999999999999,,,0.0,0.0,0.0,10,55
2019-05-27 11:00:00,666.95,668.95,666.55,668.8,22037,2019-05-27,2019,647.4,629.1,675.6999999999999,685.6999999999999,667.4,639.1,644.75,665.7,657.4,646.5894,639.9106,668.2106,674.8893999999999,600.8000000000001,713.9999999999999,,,0.0,0.0,0.0,11,0
2019-05-27 11:05:00,668.8,671.6,668.55,671.0,38394,2019-05-27,2019,647.4,629.1,675.6999999999999,685.6999999999999,667.4,639.1,644.75,665.7,657.4,646.5894,639.9106,668.2106,674.8893999999999,600.8000000000001,713.9999999999999,,,0.0,0.0,0.0,11,5
2019-05-27 11:10:00,671.0,673.5,671.0,673.05,171921,2019-05-27,2019,647.4,629.1,675.6999999999999,685.6999999999999,667.4,639.1,644.75,665.7,657.4,646.5894,639.9106,668.2106,674.8893999999999,600.8000000000001,713.9999999999999,,,0.0,0.0,0.0,11,10
2019-05-27 11:15:00,673.05,675.5,673.05,675.5,181697,2019-05-27,2019,647.4,629.1,675.6999999999999,685.6999999999999,667.4,639.1,644.75,665.7,657.4,646.5894,639.9106,668.2106,674.8893999999999,600.8000000000001,713.9999999999999,,,0.0,0.0,0.0,11,15
2019-05-27 11:20:00,675.5,675.8,673.85,674.0,43190,2019-05-27,2019,647.4,629.1,675.6999999999999,685.6999999999999,667.4,639.1,644.75,665.7,657.4,646.5894,639.9106,668.2106,674.8893999999999,600.8000000000001,713.9999999999999,Exit,Sell,674.6378000000001,668.8484000000001,675.5,11,20
2019-05-27 11:25:00,673.85,675.35,673.85,675.0,31662,2019-05-27,2019,647.4,629.1,675.6999999999999,685.6999999999999,667.4,639.1,644.75,665.7,657.4,646.5894,639.9106,668.2106,674.8893999999999,600.8000000000001,713.9999999999999,,,0.0,0.0,0.0,11,25
2019-05-27 11:30:00,674.9,675.0,674.25,674.5,28599,2019-05-27,2019,647.4,629.1,675.6999999999999,685.6999999999999,667.4,639.1,644.75,665.7,657.4,646.5894,639.9106,668.2106,674.8893999999999,600.8000000000001,713.9999999999999,,,0.0,0.0,0.0,11,30
2019-05-27 11:35:00,674.5,675.0,673.8,674.15,29983,2019-05-27,2019,647.4,629.1,675.6999999999999,685.6999999999999,667.4,639.1,644.75,665.7,657.4,646.5894,639.9106,668.2106,674.8893999999999,600.8000000000001,713.9999999999999,,,0.0,0.0,0.0,11,35
2019-05-27 11:40:00,674.15,674.9,674.05,674.9,24825,2019-05-27,2019,647.4,629.1,675.6999999999999,685.6999999999999,667.4,639.1,644.75,665.7,657.4,646.5894,639.9106,668.2106,674.8893999999999,600.8000000000001,713.9999999999999,,,0.0,0.0,0.0,11,40
2019-05-27 11:45:00,674.9,677.8,674.65,677.55,82900,2019-05-27,2019,647.4,629.1,675.6999999999999,685.6999999999999,667.4,639.1,644.75,665.7,657.4,646.5894,639.9106,668.2106,674.8893999999999,600.8000000000001,713.9999999999999,Exit,Buy,675.5,683.65,665.4,11,45
2019-05-27 11:50:00,677.55,677.8,676.8,677.2,54330,2019-05-27,2019,647.4,629.1,675.6999999999999,685.6999999999999,667.4,639.1,644.75,665.7,657.4,646.5894,639.9106,668.2106,674.8893999999999,600.8000000000001,713.9999999999999,,,0.0,0.0,0.0,11,50
2019-05-27 11:55:00,677.3,677.4,676.8,677.2,19513,2019-05-27,2019,647.4,629.1,675.6999999999999,685.6999999999999,667.4,639.1,644.75,665.7,657.4,646.5894,639.9106,668.2106,674.8893999999999,600.8000000000001,713.9999999999999,,,0.0,0.0,0.0,11,55
2019-05-27 12:00:00,677.2,678.95,677.05,677.9,36845,2019-05-27,2019,647.4,629.1,675.6999999999999,685.6999999999999,667.4,639.1,644.75,665.7,657.4,646.5894,639.9106,668.2106,674.8893999999999,600.8000000000001,713.9999999999999,,,0.0,0.0,0.0,12,0
2019-05-27 12:05:00,677.55,678.4,677.55,678.15,16451,2019-05-27,2019,647.4,629.1,675.6999999999999,685.6999999999999,667.4,639.1,644.75,665.7,657.4,646.5894,639.9106,668.2106,674.8893999999999,600.8000000000001,713.9999999999999,Exit,Sell,678.202,668.2626,678.95,12,5
2019-05-27 12:10:00,678.15,678.25,677.5,678.0,14657,2019-05-27,2019,647.4,629.1,675.6999999999999,685.6999999999999,667.4,639.1,644.75,665.7,657.4,646.5894,639.9106,668.2106,674.8893999999999,600.8000000000001,713.9999999999999,,,0.0,0.0,0.0,12,10
2019-05-27 12:15:00,678.0,679.0,677.55,678.95,28612,2019-05-27,2019,647.4,629.1,675.6999999999999,685.6999999999999,667.4,639.1,644.75,665.7,657.4,646.5894,639.9106,668.2106,674.8893999999999,600.8000000000001,713.9999999999999,Exit,Buy,678.95,685.6999999999999,665.4,12,15
2019-05-27 12:20:00,678.9,679.0,678.15,678.7,16628,2019-05-27,2019,647.4,629.1,675.6999999999999,685.6999999999999,667.4,639.1,644.75,665.7,657.4,646.5894,639.9106,668.2106,674.8893999999999,600.8000000000001,713.9999999999999,,,0.0,0.0,0.0,12,20
2019-05-27 12:25:00,678.4,680.9,678.35,680.4,72684,2019-05-27,2019,647.4,629.1,675.6999999999999,685.6999999999999,667.4,639.1,644.75,665.7,657.4,646.5894,639.9106,668.2106,674.8893999999999,600.8000000000001,713.9999999999999,,,0.0,0.0,0.0,12,25
2019-05-27 12:30:00,680.55,680.55,677.65,677.95,34575,2019-05-27,2019,647.4,629.1,675.6999999999999,685.6999999999999,667.4,639.1,644.75,665.7,657.4,646.5894,639.9106,668.2106,674.8893999999999,600.8000000000001,713.9999999999999,,,0.0,0.0,0.0,12,30
2019-05-27 12:35:00,678.0,679.2,677.7,678.8,10442,2019-05-27,2019,647.4,629.1,675.6999999999999,685.6999999999999,667.4,639.1,644.75,665.7,657.4,646.5894,639.9106,668.2106,674.8893999999999,600.8000000000001,713.9999999999999,,,0.0,0.0,0.0,12,35
2019-05-27 12:40:00,678.65,678.7,677.65,677.95,19549,2019-05-27,2019,647.4,629.1,675.6999999999999,685.6999999999999,667.4,639.1,644.75,665.7,657.4,646.5894,639.9106,668.2106,674.8893999999999,600.8000000000001,713.9999999999999,,,0.0,0.0,0.0,12,40
2019-05-27 12:45:00,677.85,677.95,676.85,677.3,19485,2019-05-27,2019,647.4,629.1,675.6999999999999,685.6999999999999,667.4,639.1,644.75,665.7,657.4,646.5894,639.9106,668.2106,674.8893999999999,600.8000000000001,713.9999999999999,,,0.0,0.0,0.0,12,45
2019-05-27 12:50:00,677.1,677.3,675.85,676.0,24048,2019-05-27,2019,647.4,629.1,675.6999999999999,685.6999999999999,667.4,639.1,644.75,665.7,657.4,646.5894,639.9106,668.2106,674.8893999999999,600.8000000000001,713.9999999999999,,,0.0,0.0,0.0,12,50
2019-05-27 12:55:00,676.0,676.45,675.0,675.0,38726,2019-05-27,2019,647.4,629.1,675.6999999999999,685.6999999999999,667.4,639.1,644.75,665.7,657.4,646.5894,639.9106,668.2106,674.8893999999999,600.8000000000001,713.9999999999999,,,0.0,0.0,0.0,12,55
2019-05-27 13:00:00,675.25,676.8,675.0,676.15,17064,2019-05-27,2019,647.4,629.1,675.6999999999999,685.6999999999999,667.4,639.1,644.75,665.7,657.4,646.5894,639.9106,668.2106,674.8893999999999,600.8000000000001,713.9999999999999,,,0.0,0.0,0.0,13,0
2019-05-27 13:05:00,676.15,676.95,676.0,676.35,15925,2019-05-27,2019,647.4,629.1,675.6999999999999,685.6999999999999,667.4,639.1,644.75,665.7,657.4,646.5894,639.9106,668.2106,674.8893999999999,600.8000000000001,713.9999999999999,,,0.0,0.0,0.0,13,5
2019-05-27 13:10:00,676.05,677.25,675.4,675.95,24033,2019-05-27,2019,647.4,629.1,675.6999999999999,685.6999999999999,667.4,639.1,644.75,665.7,657.4,646.5894,639.9106,668.2106,674.8893999999999,600.8000000000001,713.9999999999999,,,0.0,0.0,0.0,13,10
2019-05-27 13:15:00,675.95,679.0,675.75,679.0,130824,2019-05-27,2019,647.4,629.1,675.6999999999999,685.6999999999999,667.4,639.1,644.75,665.7,657.4,646.5894,639.9106,668.2106,674.8893999999999,600.8000000000001,713.9999999999999,,,0.0,0.0,0.0,13,15
2019-05-27 13:20:00,679.0,683.0,679.0,682.15,98891,2019-05-27,2019,647.4,629.1,675.6999999999999,685.6999999999999,667.4,639.1,644.75,665.7,657.4,646.5894,639.9106,668.2106,674.8893999999999,600.8000000000001,713.9999999999999,,,0.0,0.0,0.0,13,20
2019-05-27 13:25:00,682.15,682.4,679.7,680.45,26977,2019-05-27,2019,647.4,629.1,675.6999999999999,685.6999999999999,667.4,639.1,644.75,665.7,657.4,646.5894,639.9106,668.2106,674.8893999999999,600.8000000000001,713.9999999999999,Exit,Sell,681.6658,676.9157999999999,683.0,13,25
2019-05-27 13:30:00,680.45,680.45,678.45,679.5,22327,2019-05-27,2019,647.4,629.1,675.6999999999999,685.6999999999999,667.4,639.1,644.75,665.7,657.4,646.5894,639.9106,668.2106,674.8893999999999,600.8000000000001,713.9999999999999,,,0.0,0.0,0.0,13,30
2019-05-27 13:35:00,679.5,680.85,678.6,680.85,16979,2019-05-27,2019,647.4,629.1,675.6999999999999,685.6999999999999,667.4,639.1,644.75,665.7,657.4,646.5894,639.9106,668.2106,674.8893999999999,600.8000000000001,713.9999999999999,,,0.0,0.0,0.0,13,35
2019-05-27 13:40:00,680.85,681.5,680.1,680.9,17250,2019-05-27,2019,647.4,629.1,675.6999999999999,685.6999999999999,667.4,639.1,644.75,665.7,657.4,646.5894,639.9106,668.2106,674.8893999999999,600.8000000000001,713.9999999999999,,,0.0,0.0,0.0,13,40
2019-05-27 13:45:00,680.9,680.9,678.8,680.2,14015,2019-05-27,2019,647.4,629.1,675.6999999999999,685.6999999999999,667.4,639.1,644.75,665.7,657.4,646.5894,639.9106,668.2106,674.8893999999999,600.8000000000001,713.9999999999999,,,0.0,0.0,0.0,13,45
2019-05-27 13:50:00,680.45,680.45,678.05,678.7,29245,2019-05-27,2019,647.4,629.1,675.6999999999999,685.6999999999999,667.4,639.1,644.75,665.7,657.4,646.5894,639.9106,668.2106,674.8893999999999,600.8000000000001,713.9999999999999,,,0.0,0.0,0.0,13,50
2019-05-27 13:55:00,678.5,679.0,678.0,678.85,19603,2019-05-27,2019,647.4,629.1,675.6999999999999,685.6999999999999,667.4,639.1,644.75,665.7,657.4,646.5894,639.9106,668.2106,674.8893999999999,600.8000000000001,713.9999999999999,Exit,Buy,678.9391368,685.7891367999999,665.4,13,55
2019-05-27 14:00:00,678.85,680.5,678.85,679.6,17268,2019-05-27,2019,647.4,629.1,675.6999999999999,685.6999999999999,667.4,639.1,644.75,665.7,657.4,646.5894,639.9106,668.2106,674.8893999999999,600.8000000000001,713.9999999999999,,,0.0,0.0,0.0,14,0
2019-05-27 14:05:00,679.6,680.05,678.6,679.8,17839,2019-05-27,2019,647.4,629.1,675.6999999999999,685.6999999999999,667.4,639.1,644.75,665.7,657.4,646.5894,639.9106,668.2106,674.8893999999999,600.8000000000001,713.9999999999999,,,0.0,0.0,0.0,14,5
2019-05-27 14:10:00,679.8,680.0,678.05,679.0,12897,2019-05-27,2019,647.4,629.1,675.6999999999999,685.6999999999999,667.4,639.1,644.75,665.7,657.4,646.5894,639.9106,668.2106,674.8893999999999,600.8000000000001,713.9999999999999,,,0.0,0.0,0.0,14,10
2019-05-27 14:15:00,679.0,679.4,678.0,679.0,20464,2019-05-27,2019,647.4,629.1,675.6999999999999,685.6999999999999,667.4,639.1,644.75,665.7,657.4,646.5894,639.9106,668.2106,674.8893999999999,600.8000000000001,713.9999999999999,,,0.0,0.0,0.0,14,15
2019-05-27 14:20:00,679.1,679.4,678.5,678.6,10110,2019-05-27,2019,647.4,629.1,675.6999999999999,685.6999999999999,667.4,639.1,644.75,665.7,657.4,646.5894,639.9106,668.2106,674.8893999999999,600.8000000000001,713.9999999999999,,,0.0,0.0,0.0,14,20
2019-05-27 14:25:00,678.6,679.1,678.0,678.0,17877,2019-05-27,2019,647.4,629.1,675.6999999999999,685.6999999999999,667.4,639.1,644.75,665.7,657.4,646.5894,639.9106,668.2106,674.8893999999999,600.8000000000001,713.9999999999999,,,0.0,0.0,0.0,14,25
2019-05-27 14:30:00,678.3,679.95,678.1,678.5,19129,2019-05-27,2019,647.4,629.1,675.6999999999999,685.6999999999999,667.4,639.1,644.75,665.7,657.4,646.5894,639.9106,668.2106,674.8893999999999,600.8000000000001,713.9999999999999,,,0.0,0.0,0.0,14,30
2019-05-27 14:35:00,678.5,679.15,678.0,678.55,12465,2019-05-27,2019,647.4,629.1,675.6999999999999,685.6999999999999,667.4,639.1,644.75,665.7,657.4,646.5894,639.9106,668.2106,674.8893999999999,600.8000000000001,713.9999999999999,,,0.0,0.0,0.0,14,35
2019-05-27 14:40:00,678.5,679.15,678.05,678.35,15095,2019-05-27,2019,647.4,629.1,675.6999999999999,685.6999999999999,667.4,639.1,644.75,665.7,657.4,646.5894,639.9106,668.2106,674.8893999999999,600.8000000000001,713.9999999999999,,,0.0,0.0,0.0,14,40
2019-05-27 14:45:00,678.05,678.5,677.65,677.8,20327,2019-05-27,2019,647.4,629.1,675.6999999999999,685.6999999999999,667.4,639.1,644.75,665.7,657.4,646.5894,639.9106,668.2106,674.8893999999999,600.8000000000001,713.9999999999999,,,0.0,0.0,0.0,14,45
2019-05-27 14:50:00,677.85,678.75,676.85,676.95,135357,2019-05-27,2019,647.4,629.1,675.6999999999999,685.6999999999999,667.4,639.1,644.75,665.7,657.4,646.5894,639.9106,668.2106,674.8893999999999,600.8000000000001,713.9999999999999,,,0.0,0.0,0.0,14,50
2019-05-27 14:55:00,677.15,678.0,676.6,678.0,20454,2019-05-27,2019,647.4,629.1,675.6999999999999,685.6999999999999,667.4,639.1,644.75,665.7,657.4,646.5894,639.9106,668.2106,674.8893999999999,600.8000000000001,713.9999999999999,,,0.0,0.0,0.0,14,55
2019-05-27 15:00:00,677.75,679.5,677.55,679.1,46424,2019-05-27,2019,647.4,629.1,675.6999999999999,685.6999999999999,667.4,639.1,644.75,665.7,657.4,646.5894,639.9106,668.2106,674.8893999999999,600.8000000000001,713.9999999999999,,,0.0,0.0,0.0,15,0
2019-05-27 15:05:00,679.25,679.95,678.35,679.55,40253,2019-05-27,2019,647.4,629.1,675.6999999999999,685.6999999999999,667.4,639.1,644.75,665.7,657.4,646.5894,639.9106,668.2106,674.8893999999999,600.8000000000001,713.9999999999999,,,0.0,0.0,0.0,15,5
2019-05-27 15:10:00,679.55,681.0,679.2,680.85,53005,2019-05-27,2019,647.4,629.1,675.6999999999999,685.6999999999999,667.4,639.1,644.75,665.7,657.4,646.5894,639.9106,668.2106,674.8893999999999,600.8000000000001,713.9999999999999,,,0.0,0.0,0.0,15,10
2019-05-27 15:15:00,680.75,680.85,679.0,679.55,65316,2019-05-27,2019,647.4,629.1,675.6999999999999,685.6999999999999,667.4,639.1,644.75,665.7,657.4,646.5894,639.9106,668.2106,674.8893999999999,600.8000000000001,713.9999999999999,,,0.0,0.0,0.0,15,15
2019-05-27 15:20:00,679.7,680.95,678.6,680.0,73788,2019-05-27,2019,647.4,629.1,675.6999999999999,685.6999999999999,667.4,639.1,644.75,665.7,657.4,646.5894,639.9106,668.2106,674.8893999999999,600.8000000000001,713.9999999999999,Exit,Sell,680.0,0.0,0.0,15,20
2019-05-27 15:25:00,680.0,680.0,675.75,678.2,61490,2019-05-27,2019,647.4,629.1,675.6999999999999,685.6999999999999,667.4,639.1,644.75,665.7,657.4,646.5894,639.9106,668.2106,674.8893999999999,600.8000000000001,713.9999999999999,,,0.0,0.0,0.0,15,25
2019-05-28 09:15:00,680.0,682.25,678.35,681.0,57946,2019-05-28,2019,668.0666666666668,657.9333333333334,685.6666666666669,693.1333333333334,683.0,665.4,667.7,678.2,675.5333333333334,668.8101333333334,664.6565333333334,682.2565333333334,686.4101333333334,640.3333333333334,710.7333333333335,,,0.0,0.0,0.0,9,15
2019-05-28 09:20:00,681.25,682.0,680.05,681.8,247230,2019-05-28,2019,668.0666666666668,657.9333333333334,685.6666666666669,693.1333333333334,683.0,665.4,667.7,678.2,675.5333333333334,668.8101333333334,664.6565333333334,682.2565333333334,686.4101333333334,640.3333333333334,710.7333333333335,,,0.0,0.0,0.0,9,20
2019-05-28 09:25:00,682.0,682.1,678.8,679.0,144885,2019-05-28,2019,668.0666666666668,657.9333333333334,685.6666666666669,693.1333333333334,683.0,665.4,667.7,678.2,675.5333333333334,668.8101333333334,664.6565333333334,682.2565333333334,686.4101333333334,640.3333333333334,710.7333333333335,,,0.0,0.0,0.0,9,25
2019-05-28 09:30:00,679.0,680.15,677.6,679.45,45281,2019-05-28,2019,668.0666666666668,657.9333333333334,685.6666666666669,693.1333333333334,683.0,665.4,667.7,678.2,675.5333333333334,668.8101333333334,664.6565333333334,682.2565333333334,686.4101333333334,640.3333333333334,710.7333333333335,,,0.0,0.0,0.0,9,30
2019-05-28 09:35:00,679.45,679.45,675.5,675.5,52022,2019-05-28,2019,668.0666666666668,657.9333333333334,685.6666666666669,693.1333333333334,683.0,665.4,667.7,678.2,675.5333333333334,668.8101333333334,664.6565333333334,682.2565333333334,686.4101333333334,640.3333333333334,710.7333333333335,Entry,Sell,675.5,668.8101333333334,682.25,9,35
2019-05-28 09:40:00,675.55,676.4,674.5,674.8,46925,2019-05-28,2019,668.0666666666668,657.9333333333334,685.6666666666669,693.1333333333334,683.0,665.4,667.7,678.2,675.5333333333334,668.8101333333334,664.6565333333334,682.2565333333334,686.4101333333334,640.3333333333334,710.7333333333335,,,0.0,0.0,0.0,9,40
2019-05-28 09:45:00,674.6,677.0,674.5,676.9,25948,2019-05-28,2019,668.0666666666668,657.9333333333334,685.6666666666669,693.1333333333334,683.0,665.4,667.7,678.2,675.5333333333334,668.8101333333334,664.6565333333334,682.2565333333334,686.4101333333334,640.3333333333334,710.7333333333335,,,0.0,0.0,0.0,9,45
2019-05-28 09:50:00,677.0,679.05,676.1,678.8,36209,2019-05-28,2019,668.0666666666668,657.9333333333334,685.6666666666669,693.1333333333334,683.0,665.4,667.7,678.2,675.5333333333334,668.8101333333334,664.6565333333334,682.2565333333334,686.4101333333334,640.3333333333334,710.7333333333335,,,0.0,0.0,0.0,9,50
2019-05-28 09:55:00,678.8,678.8,676.0,676.0,16334,2019-05-28,2019,668.0666666666668,657.9333333333334,685.6666666666669,693.1333333333334,683.0,665.4,667.7,678.2,675.5333333333334,668.8101333333334,664.6565333333334,682.2565333333334,686.4101333333334,640.3333333333334,710.7333333333335,,,0.0,0.0,0.0,9,55
2019-05-28 10:00:00,676.0,676.0,672.75,673.35,53367,2019-05-28,2019,668.0666666666668,657.9333333333334,685.6666666666669,693.1333333333334,683.0,665.4,667.7,678.2,675.5333333333334,668.8101333333334,664.6565333333334,682.2565333333334,686.4101333333334,640.3333333333334,710.7333333333335,,,0.0,0.0,0.0,10,0
2019-05-28 10:05:00,673.35,673.45,671.35,671.55,36084,2019-05-28,2019,668.0666666666668,657.9333333333334,685.6666666666669,693.1333333333334,683.0,665.4,667.7,678.2,675.5333333333334,668.8101333333334,664.6565333333334,682.2565333333334,686.4101333333334,640.3333333333334,710.7333333333335,,,0.0,0.0,0.0,10,5
2019-05-28 10:10:00,671.55,671.8,670.25,671.0,27289,2019-05-28,2019,668.0666666666668,657.9333333333334,685.6666666666669,693.1333333333334,683.0,665.4,667.7,678.2,675.5333333333334,668.8101333333334,664.6565333333334,682.2565333333334,686.4101333333334,640.3333333333334,710.7333333333335,,,0.0,0.0,0.0,10,10
2019-05-28 10:15:00,670.8,673.85,670.6,673.05,32675,2019-05-28,2019,668.0666666666668,657.9333333333334,685.6666666666669,693.1333333333334,683.0,665.4,667.7,678.2,675.5333333333334,668.8101333333334,664.6565333333334,682.2565333333334,686.4101333333334,640.3333333333334,710.7333333333335,Exit,Buy,672.798,682.0045333333335,670.25,10,15
2019-05-28 10:20:00,673.05,675.4,671.75,674.8,29948,2019-05-28,2019,668.0666666666668,657.9333333333334,685.6666666666669,693.1333333333334,683.0,665.4,667.7,678.2,675.5333333333334,668.8101333333334,664.6565333333334,682.2565333333334,686.4101333333334,640.3333333333334,710.7333333333335,,,0.0,0.0,0.0,10,20
2019-05-28 10:25:00,674.75,675.0,671.65,672.8,18942,2019-05-28,2019,668.0666666666668,657.9333333333334,685.6666666666669,693.1333333333334,683.0,665.4,667.7,678.2,675.5333333333334,668.8101333333334,664.6565333333334,682.2565333333334,686.4101333333334,640.3333333333334,710.7333333333335,,,0.0,0.0,0.0,10,25
2019-05-28 10:30:00,672.8,673.0,672.35,672.35,8015,2019-05-28,2019,668.0666666666668,657.9333333333334,685.6666666666669,693.1333333333334,683.0,665.4,667.7,678.2,675.5333333333334,668.8101333333334,664.6565333333334,682.2565333333334,686.4101333333334,640.3333333333334,710.7333333333335,,,0.0,0.0,0.0,10,30
2019-05-28 10:35:00,672.35,673.5,672.05,672.25,414219,2019-05-28,2019,668.0666666666668,657.9333333333334,685.6666666666669,693.1333333333334,683.0,665.4,667.7,678.2,675.5333333333334,668.8101333333334,664.6565333333334,682.2565333333334,686.4101333333334,640.3333333333334,710.7333333333335,,,0.0,0.0,0.0,10,35
2019-05-28 10:40:00,672.25,673.15,671.1,671.1,17310,2019-05-28,2019,668.0666666666668,657.9333333333334,685.6666666666669,693.1333333333334,683.0,665.4,667.7,678.2,675.5333333333334,668.8101333333334,664.6565333333334,682.2565333333334,686.4101333333334,640.3333333333334,710.7333333333335,,,0.0,0.0,0.0,10,40
2019-05-28 10:45:00,671.15,672.35,670.3,672.35,18143,2019-05-28,2019,668.0666666666668,657.9333333333334,685.6666666666669,693.1333333333334,683.0,665.4,667.7,678.2,675.5333333333334,668.8101333333334,664.6565333333334,682.2565333333334,686.4101333333334,640.3333333333334,710.7333333333335,,,0.0,0.0,0.0,10,45
2019-05-28 10:50:00,672.05,673.05,671.4,671.8,19217,2019-05-28,2019,668.0666666666668,657.9333333333334,685.6666666666669,693.1333333333334,683.0,665.4,667.7,678.2,675.5333333333334,668.8101333333334,664.6565333333334,682.2565333333334,686.4101333333334,640.3333333333334,710.7333333333335,,,0.0,0.0,0.0,10,50
2019-05-28 10:55:00,671.8,672.9,671.5,672.2,18064,2019-05-28,2019,668.0666666666668,657.9333333333334,685.6666666666669,693.1333333333334,683.0,665.4,667.7,678.2,675.5333333333334,668.8101333333334,664.6565333333334,682.2565333333334,686.4101333333334,640.3333333333334,710.7333333333335,,,0.0,0.0,0.0,10,55
2019-05-28 11:00:00,672.2,676.5,672.15,675.55,35543,2019-05-28,2019,668.0666666666668,657.9333333333334,685.6666666666669,693.1333333333334,683.0,665.4,667.7,678.2,675.5333333333334,668.8101333333334,664.6565333333334,682.2565333333334,686.4101333333334,640.3333333333334,710.7333333333335,,,0.0,0.0,0.0,11,0
2019-05-28 11:05:00,675.55,677.75,674.9,674.9,45544,2019-05-28,2019,668.0666666666668,657.9333333333334,685.6666666666669,693.1333333333334,683.0,665.4,667.7,678.2,675.5333333333334,668.8101333333334,664.6565333333334,682.2565333333334,686.4101333333334,640.3333333333334,710.7333333333335,Exit,Sell,675.489192,669.3993253333334,682.25,11,5
2019-05-28 11:10:00,674.7,676.3,673.5,673.6,20307,2019-05-28,2019,668.0666666666668,657.9333333333334,685.6666666666669,693.1333333333334,683.0,665.4,667.7,678.2,675.5333333333334,668.8101333333334,664.6565333333334,682.2565333333334,686.4101333333334,640.3333333333334,710.7333333333335,,,0.0,0.0,0.0,11,10
2019-05-28 11:15:00,673.6,677.15,673.0,676.15,36803,2019-05-28,2019,668.0666666666668,657.9333333333334,685.6666666666669,693.1333333333334,683.0,665.4,667.7,678.2,675.5333333333334,668.8101333333334,664.6565333333334,682.2565333333334,686.4101333333334,640.3333333333334,710.7333333333335,,,0.0,0.0,0.0,11,15
2019-05-28 11:20:00,676.15,678.5,676.0,676.4,27906,2019-05-28,2019,668.0666666666668,657.9333333333334,685.6666666666669,693.1333333333334,683.0,665.4,667.7,678.2,675.5333333333334,668.8101333333334,664.6565333333334,682.2565333333334,686.4101333333334,640.3333333333334,710.7333333333335,,,0.0,0.0,0.0,11,20
2019-05-28 11:25:00,676.4,676.85,675.25,676.4,20158,2019-05-28,2019,668.0666666666668,657.9333333333334,685.6666666666669,693.1333333333334,683.0,665.4,667.7,678.2,675.5333333333334,668.8101333333334,664.6565333333334,682.2565333333334,686.4101333333334,640.3333333333334,710.7333333333335,,,0.0,0.0,0.0,11,25
2019-05-28 11:30:00,676.4,678.4,675.85,677.8,33771,2019-05-28,2019,668.0666666666668,657.9333333333334,685.6666666666669,693.1333333333334,683.0,665.4,667.7,678.2,675.5333333333334,668.8101333333334,664.6565333333334,682.2565333333334,686.4101333333334,640.3333333333334,710.7333333333335,,,0.0,0.0,0.0,11,30
2019-05-28 11:35:00,677.8,678.0,674.8,674.85,23527,2019-05-28,2019,668.0666666666668,657.9333333333334,685.6666666666669,693.1333333333334,683.0,665.4,667.7,678.2,675.5333333333334,668.8101333333334,664.6565333333334,682.2565333333334,686.4101333333334,640.3333333333334,710.7333333333335,,,0.0,0.0,0.0,11,35
2019-05-28 11:40:00,674.85,675.75,674.0,674.3,15163,2019-05-28,2019,668.0666666666668,657.9333333333334,685.6666666666669,693.1333333333334,683.0,665.4,667.7,678.2,675.5333333333334,668.8101333333334,664.6565333333334,682.2565333333334,686.4101333333334,640.3333333333334,710.7333333333335,,,0.0,0.0,0.0,11,40
2019-05-28 11:45:00,674.3,676.7,674.25,675.2,447423,2019-05-28,2019,668.0666666666668,657.9333333333334,685.6666666666669,693.1333333333334,683.0,665.4,667.7,678.2,675.5333333333334,668.8101333333334,664.6565333333334,682.2565333333334,686.4101333333334,640.3333333333334,710.7333333333335,,,0.0,0.0,0.0,11,45
2019-05-28 11:50:00,675.2,675.45,674.1,674.95,11999,2019-05-28,2019,668.0666666666668,657.9333333333334,685.6666666666669,693.1333333333334,683.0,665.4,667.7,678.2,675.5333333333334,668.8101333333334,664.6565333333334,682.2565333333334,686.4101333333334,640.3333333333334,710.7333333333335,,,0.0,0.0,0.0,11,50
2019-05-28 11:55:00,675.0,675.0,672.5,673.2,21990,2019-05-28,2019,668.0666666666668,657.9333333333334,685.6666666666669,693.1333333333334,683.0,665.4,667.7,678.2,675.5333333333334,668.8101333333334,664.6565333333334,682.2565333333334,686.4101333333334,640.3333333333334,710.7333333333335,,,0.0,0.0,0.0,11,55
2019-05-28 12:00:00,673.25,673.3,672.15,672.35,19164,2019-05-28,2019,668.0666666666668,657.9333333333334,685.6666666666669,693.1333333333334,683.0,665.4,667.7,678.2,675.5333333333334,668.8101333333334,664.6565333333334,682.2565333333334,686.4101333333334,640.3333333333334,710.7333333333335,,,0.0,0.0,0.0,12,0
2019-05-28 12:05:00,672.35,674.8,672.3,673.45,15724,2019-05-28,2019,668.0666666666668,657.9333333333334,685.6666666666669,693.1333333333334,683.0,665.4,667.7,678.2,675.5333333333334,668.8101333333334,664.6565333333334,682.2565333333334,686.4101333333334,640.3333333333334,710.7333333333335,,,0.0,0.0,0.0,12,5
2019-05-28 12:10:00,673.45,674.2,673.0,673.15,8655,2019-05-28,2019,668.0666666666668,657.9333333333334,685.6666666666669,693.1333333333334,683.0,665.4,667.7,678.2,675.5333333333334,668.8101333333334,664.6565333333334,682.2565333333334,686.4101333333334,640.3333333333334,710.7333333333335,,,0.0,0.0,0.0,12,10
2019-05-28 12:15:00,673.1,673.2,672.6,672.6,14635,2019-05-28,2019,668.0666666666668,657.9333333333334,685.6666666666669,693.1333333333334,683.0,665.4,667.7,678.2,675.5333333333334,668.8101333333334,664.6565333333334,682.2565333333334,686.4101333333334,640.3333333333334,710.7333333333335,,,0.0,0.0,0.0,12,15
2019-05-28 12:20:00,672.6,673.05,672.0,672.6,14182,2019-05-28,2019,668.0666666666668,657.9333333333334,685.6666666666669,693.1333333333334,683.0,665.4,667.7,678.2,675.5333333333334,668.8101333333334,664.6565333333334,682.2565333333334,686.4101333333334,640.3333333333334,710.7333333333335,,,0.0,0.0,0.0,12,20
2019-05-28 12:25:00,672.3,673.45,672.1,672.5,14953,2019-05-28,2019,668.0666666666668,657.9333333333334,685.6666666666669,693.1333333333334,683.0,665.4,667.7,678.2,675.5333333333334,668.8101333333334,664.6565333333334,682.2565333333334,686.4101333333334,640.3333333333334,710.7333333333335,Exit,Buy,672.7872352320001,682.5437685653335,670.25,12,25
2019-05-28 12:30:00,672.5,673.3,672.05,672.05,11628,2019-05-28,2019,668.0666666666668,657.9333333333334,685.6666666666669,693.1333333333334,683.0,665.4,667.7,678.2,675.5333333333334,668.8101333333334,664.6565333333334,682.2565333333334,686.4101333333334,640.3333333333334,710.7333333333335,,,0.0,0.0,0.0,12,30
2019-05-28 12:35:00,672.05,672.6,671.25,671.45,14829,2019-05-28,2019,668.0666666666668,657.9333333333334,685.6666666666669,693.1333333333334,683.0,665.4,667.7,678.2,675.5333333333334,668.8101333333334,664.6565333333334,682.2565333333334,686.4101333333334,640.3333333333334,710.7333333333335,,,0.0,0.0,0.0,12,35
2019-05-28 12:40:00,671.5,671.6,670.15,671.05,24053,2019-05-28,2019,668.0666666666668,657.9333333333334,685.6666666666669,693.1333333333334,683.0,665.4,667.7,678.2,675.5333333333334,668.8101333333334,664.6565333333334,682.2565333333334,686.4101333333334,640.3333333333334,710.7333333333335,Exit,Sell,670.25,663.8565333333335,682.25,12,40
2019-05-28 12:45:00,671.05,671.45,670.2,670.75,15586,2019-05-28,2019,668.0666666666668,657.9333333333334,685.6666666666669,693.1333333333334,683.0,665.4,667.7,678.2,675.5333333333334,668.8101333333334,664.6565333333334,682.2565333333334,686.4101333333334,640.3333333333334,710.7333333333335,,,0.0,0.0,0.0,12,45
2019-05-28 12:50:00,670.75,671.4,670.3,671.2,18645,2019-05-28,2019,668.0666666666668,657.9333333333334,685.6666666666669,693.1333333333334,683.0,665.4,667.7,678.2,675.5333333333334,668.8101333333334,664.6565333333334,682.2565333333334,686.4101333333334,640.3333333333334,710.7333333333335,,,0.0,0.0,0.0,12,50
2019-05-28 12:55:00,671.2,671.3,668.25,670.35,42632,2019-05-28,2019,668.0666666666668,657.9333333333334,685.6666666666669,693.1333333333334,683.0,665.4,667.7,678.2,675.5333333333334,668.8101333333334,664.6565333333334,682.2565333333334,686.4101333333334,640.3333333333334,710.7333333333335,,,0.0,0.0,0.0,12,55
2019-05-28 13:00:00,670.3,670.7,669.55,670.2,14153,2019-05-28,2019,668.0666666666668,657.9333333333334,685.6666666666669,693.1333333333334,683.0,665.4,667.7,678.2,675.5333333333334,668.8101333333334,664.6565333333334,682.2565333333334,686.4101333333334,640.3333333333334,710.7333333333335,,,0.0,0.0,0.0,13,0
2019-05-28 13:05:00,670.2,671.85,669.85,671.4,21375,2019-05-28,2019,668.0666666666668,657.9333333333334,685.6666666666669,693.1333333333334,683.0,665.4,667.7,678.2,675.5333333333334,668.8101333333334,664.6565333333334,682.2565333333334,686.4101333333334,640.3333333333334,710.7333333333335,,,0.0,0.0,0.0,13,5
2019-05-28 13:10:00,671.55,672.5,671.0,671.05,17304,2019-05-28,2019,668.0666666666668,657.9333333333334,685.6666666666669,693.1333333333334,683.0,665.4,667.7,678.2,675.5333333333334,668.8101333333334,664.6565333333334,682.2565333333334,686.4101333333334,640.3333333333334,710.7333333333335,,,0.0,0.0,0.0,13,10
2019-05-28 13:15:00,671.1,671.15,670.0,670.1,12701,2019-05-28,2019,668.0666666666668,657.9333333333334,685.6666666666669,693.1333333333334,683.0,665.4,667.7,678.2,675.5333333333334,668.8101333333334,664.6565333333334,682.2565333333334,686.4101333333334,640.3333333333334,710.7333333333335,,,0.0,0.0,0.0,13,15
2019-05-28 13:20:00,670.1,670.8,669.2,669.2,17614,2019-05-28,2019,668.0666666666668,657.9333333333334,685.6666666666669,693.1333333333334,683.0,665.4,667.7,678.2,675.5333333333334,668.8101333333334,664.6565333333334,682.2565333333334,686.4101333333334,640.3333333333334,710.7333333333335,,,0.0,0.0,0.0,13,20
2019-05-28 13:25:00,669.2,670.95,669.15,670.7,18482,2019-05-28,2019,668.0666666666668,657.9333333333334,685.6666666666669,693.1333333333334,683.0,665.4,667.7,678.2,675.5333333333334,668.8101333333334,664.6565333333334,682.2565333333334,686.4101333333334,640.3333333333334,710.7333333333335,,,0.0,0.0,0.0,13,25
2019-05-28 13:30:00,670.5,670.7,669.05,670.1,23767,2019-05-28,2019,668.0666666666668,657.9333333333334,685.6666666666669,693.1333333333334,683.0,665.4,667.7,678.2,675.5333333333334,668.8101333333334,664.6565333333334,682.2565333333334,686.4101333333334,640.3333333333334,710.7333333333335,,,0.0,0.0,0.0,13,30
2019-05-28 13:35:00,670.1,670.6,668.7,669.9,20399,2019-05-28,2019,668.0666666666668,657.9333333333334,685.6666666666669,693.1333333333334,683.0,665.4,667.7,678.2,675.5333333333334,668.8101333333334,664.6565333333334,682.2565333333334,686.4101333333334,640.3333333333334,710.7333333333335,,,0.0,0.0,0.0,13,35
2019-05-28 13:40:00,669.9,669.95,667.45,668.0,48997,2019-05-28,2019,668.0666666666668,657.9333333333334,685.6666666666669,693.1333333333334,683.0,665.4,667.7,678.2,675.5333333333334,668.8101333333334,664.6565333333334,682.2565333333334,686.4101333333334,640.3333333333334,710.7333333333335,,,0.0,0.0,0.0,13,40
2019-05-28 13:45:00,668.0,668.75,667.25,668.15,39826,2019-05-28,2019,668.0666666666668,657.9333333333334,685.6666666666669,693.1333333333334,683.0,665.4,667.7,678.2,675.5333333333334,668.8101333333334,664.6565333333334,682.2565333333334,686.4101333333334,640.3333333333334,710.7333333333335,,,0.0,0.0,0.0,13,45
2019-05-28 13:50:00,668.15,669.6,667.5,668.4,24541,2019-05-28,2019,668.0666666666668,657.9333333333334,685.6666666666669,693.1333333333334,683.0,665.4,667.7,678.2,675.5333333333334,668.8101333333334,664.6565333333334,682.2565333333334,686.4101333333334,640.3333333333334,710.7333333333335,,,0.0,0.0,0.0,13,50
2019-05-28 13:55:00,668.4,669.0,668.1,668.95,18827,2019-05-28,2019,668.0666666666668,657.9333333333334,685.6666666666669,693.1333333333334,683.0,665.4,667.7,678.2,675.5333333333334,668.8101333333334,664.6565333333334,682.2565333333334,686.4101333333334,640.3333333333334,710.7333333333335,,,0.0,0.0,0.0,13,55
2019-05-28 14:00:00,668.95,669.9,668.95,669.9,24840,2019-05-28,2019,668.0666666666668,657.9333333333334,685.6666666666669,693.1333333333334,683.0,665.4,667.7,678.2,675.5333333333334,668.8101333333334,664.6565333333334,682.2565333333334,686.4101333333334,640.3333333333334,710.7333333333335,,,0.0,0.0,0.0,14,0
2019-05-28 14:05:00,669.9,671.3,669.9,671.1,32622,2019-05-28,2019,668.0666666666668,657.9333333333334,685.6666666666669,693.1333333333334,683.0,665.4,667.7,678.2,675.5333333333334,668.8101333333334,664.6565333333334,682.2565333333334,686.4101333333334,640.3333333333334,710.7333333333335,,,0.0,0.0,0.0,14,5
2019-05-28 14:10:00,671.15,671.75,670.25,671.5,25790,2019-05-28,2019,668.0666666666668,657.9333333333334,685.6666666666669,693.1333333333334,683.0,665.4,667.7,678.2,675.5333333333334,668.8101333333334,664.6565333333334,682.2565333333334,686.4101333333334,640.3333333333334,710.7333333333335,,,0.0,0.0,0.0,14,10
2019-05-28 14:15:00,671.5,671.95,671.0,671.4,25599,2019-05-28,2019,668.0666666666668,657.9333333333334,685.6666666666669,693.1333333333334,683.0,665.4,667.7,678.2,675.5333333333334,668.8101333333334,664.6565333333334,682.2565333333334,686.4101333333334,640.3333333333334,710.7333333333335,,,0.0,0.0,0.0,14,15
2019-05-28 14:20:00,671.4,671.8,670.8,670.8,23502,2019-05-28,2019,668.0666666666668,657.9333333333334,685.6666666666669,693.1333333333334,683.0,665.4,667.7,678.2,675.5333333333334,668.8101333333334,664.6565333333334,682.2565333333334,686.4101333333334,640.3333333333334,710.7333333333335,,,0.0,0.0,0.0,14,20
2019-05-28 14:25:00,670.8,670.8,669.0,670.0,25451,2019-05-28,2019,668.0666666666668,657.9333333333334,685.6666666666669,693.1333333333334,683.0,665.4,667.7,678.2,675.5333333333334,668.8101333333334,664.6565333333334,682.2565333333334,686.4101333333334,640.3333333333334,710.7333333333335,,,0.0,0.0,0.0,14,25
2019-05-28 14:30:00,670.0,671.4,669.0,671.1,30428,2019-05-28,2019,668.0666666666668,657.9333333333334,685.6666666666669,693.1333333333334,683.0,665.4,667.7,678.2,675.5333333333334,668.8101333333334,664.6565333333334,682.2565333333334,686.4101333333334,640.3333333333334,710.7333333333335,,,0.0,0.0,0.0,14,30
2019-05-28 14:35:00,671.1,671.9,671.1,671.65,26049,2019-05-28,2019,668.0666666666668,657.9333333333334,685.6666666666669,693.1333333333334,683.0,665.4,667.7,678.2,675.5333333333334,668.8101333333334,664.6565333333334,682.2565333333334,686.4101333333334,640.3333333333334,710.7333333333335,,,0.0,0.0,0.0,14,35
2019-05-28 14:40:00,671.75,671.75,670.45,670.9,25402,2019-05-28,2019,668.0666666666668,657.9333333333334,685.6666666666669,693.1333333333334,683.0,665.4,667.7,678.2,675.5333333333334,668.8101333333334,664.6565333333334,682.2565333333334,686.4101333333334,640.3333333333334,710.7333333333335,,,0.0,0.0,0.0,14,40
2019-05-28 14:45:00,670.95,671.6,669.0,669.15,37504,2019-05-28,2019,668.0666666666668,657.9333333333334,685.6666666666669,693.1333333333334,683.0,665.4,667.7,678.2,675.5333333333334,668.8101333333334,664.6565333333334,682.2565333333334,686.4101333333334,640.3333333333334,710.7333333333335,,,0.0,0.0,0.0,14,45
2019-05-28 14:50:00,669.15,670.05,667.6,668.6,57167,2019-05-28,2019,668.0666666666668,657.9333333333334,685.6666666666669,693.1333333333334,683.0,665.4,667.7,678.2,675.5333333333334,668.8101333333334,664.6565333333334,682.2565333333334,686.4101333333334,640.3333333333334,710.7333333333335,,,0.0,0.0,0.0,14,50
2019-05-28 14:55:00,668.85,671.0,668.6,670.4,36629,2019-05-28,2019,668.0666666666668,657.9333333333334,685.6666666666669,693.1333333333334,683.0,665.4,667.7,678.2,675.5333333333334,668.8101333333334,664.6565333333334,682.2565333333334,686.4101333333334,640.3333333333334,710.7333333333335,,,0.0,0.0,0.0,14,55
2019-05-28 15:00:00,670.4,671.4,669.2,671.35,325856,2019-05-28,2019,668.0666666666668,657.9333333333334,685.6666666666669,693.1333333333334,683.0,665.4,667.7,678.2,675.5333333333334,668.8101333333334,664.6565333333334,682.2565333333334,686.4101333333334,640.3333333333334,710.7333333333335,,,0.0,0.0,0.0,15,0
2019-05-28 15:05:00,671.45,671.55,670.15,670.35,506850,2019-05-28,2019,668.0666666666668,657.9333333333334,685.6666666666669,693.1333333333334,683.0,665.4,667.7,678.2,675.5333333333334,668.8101333333334,664.6565333333334,682.2565333333334,686.4101333333334,640.3333333333334,710.7333333333335,,,0.0,0.0,0.0,15,5
2019-05-28 15:10:00,670.4,670.4,669.3,670.05,439119,2019-05-28,2019,668.0666666666668,657.9333333333334,685.6666666666669,693.1333333333334,683.0,665.4,667.7,678.2,675.5333333333334,668.8101333333334,664.6565333333334,682.2565333333334,686.4101333333334,640.3333333333334,710.7333333333335,,,0.0,0.0,0.0,15,10
2019-05-28 15:15:00,670.05,670.1,669.15,669.8,505515,2019-05-28,2019,668.0666666666668,657.9333333333334,685.6666666666669,693.1333333333334,683.0,665.4,667.7,678.2,675.5333333333334,668.8101333333334,664.6565333333334,682.2565333333334,686.4101333333334,640.3333333333334,710.7333333333335,,,0.0,0.0,0.0,15,15
2019-05-28 15:20:00,669.85,672.95,669.85,672.95,415098,2019-05-28,2019,668.0666666666668,657.9333333333334,685.6666666666669,693.1333333333334,683.0,665.4,667.7,678.2,675.5333333333334,668.8101333333334,664.6565333333334,682.2565333333334,686.4101333333334,640.3333333333334,710.7333333333335,Exit,Buy,672.95,0.0,0.0,15,20
2019-05-28 15:25:00,672.95,673.2,669.05,669.6,244693,2019-05-28,2019,668.0666666666668,657.9333333333334,685.6666666666669,693.1333333333334,683.0,665.4,667.7,678.2,675.5333333333334,668.8101333333334,664.6565333333334,682.2565333333334,686.4101333333334,640.3333333333334,710.7333333333335,,,0.0,0.0,0.0,15,25
2019-05-29 09:15:00,668.0,672.5,665.15,672.5,87929,2019-05-29,2019,663.8166666666666,658.0333333333333,678.8166666666666,688.0333333333333,682.25,667.25,680.0,669.6,673.0333333333333,667.3033333333333,663.7633333333333,678.7633333333333,682.3033333333333,643.0333333333333,703.0333333333333,,,0.0,0.0,0.0,9,15
2019-05-29 09:20:00,672.75,672.75,669.75,670.7,80513,2019-05-29,2019,663.8166666666666,658.0333333333333,678.8166666666666,688.0333333333333,682.25,667.25,680.0,669.6,673.0333333333333,667.3033333333333,663.7633333333333,678.7633333333333,682.3033333333333,643.0333333333333,703.0333333333333,,,0.0,0.0,0.0,9,20
2019-05-29 09:25:00,670.95,673.7,670.05,673.6,67688,2019-05-29,2019,663.8166666666666,658.0333333333333,678.8166666666666,688.0333333333333,682.25,667.25,680.0,669.6,673.0333333333333,667.3033333333333,663.7633333333333,678.7633333333333,682.3033333333333,643.0333333333333,703.0333333333333,Entry,Buy,673.6,678.7633333333333,665.15,9,25
2019-05-29 09:30:00,673.3,675.0,673.3,673.5,90870,2019-05-29,2019,663.8166666666666,658.0333333333333,678.8166666666666,688.0333333333333,682.25,667.25,680.0,669.6,673.0333333333333,667.3033333333333,663.7633333333333,678.7633333333333,682.3033333333333,643.0333333333333,703.0333333333333,,,0.0,0.0,0.0,9,30
2019-05-29 09:35:00,673.9,674.5,671.5,671.85,55962,2019-05-29,2019,663.8166666666666,658.0333333333333,678.8166666666666,688.0333333333333,682.25,667.25,680.0,669.6,673.0333333333333,667.3033333333333,663.7633333333333,678.7633333333333,682.3033333333333,643.0333333333333,703.0333333333333,,,0.0,0.0,0.0,9,35
2019-05-29 09:40:00,671.65,671.9,669.0,670.6,65744,2019-05-29,2019,663.8166666666666,658.0333333333333,678.8166666666666,688.0333333333333,682.25,667.25,680.0,669.6,673.0333333333333,667.3033333333333,663.7633333333333,678.7633333333333,682.3033333333333,643.0333333333333,703.0333333333333,,,0.0,0.0,0.0,9,40
2019-05-29 09:45:00,670.85,670.95,669.4,669.65,28511,2019-05-29,2019,663.8166666666666,658.0333333333333,678.8166666666666,688.0333333333333,682.25,667.25,680.0,669.6,673.0333333333333,667.3033333333333,663.7633333333333,678.7633333333333,682.3033333333333,643.0333333333333,703.0333333333333,,,0.0,0.0,0.0,9,45
2019-05-29 09:50:00,669.95,670.55,668.3,669.3,44979,2019-05-29,2019,663.8166666666666,658.0333333333333,678.8166666666666,688.0333333333333,682.25,667.25,680.0,669.6,673.0333333333333,667.3033333333333,663.7633333333333,678.7633333333333,682.3033333333333,643.0333333333333,703.0333333333333,,,0.0,0.0,0.0,9,50
2019-05-29 09:55:00,669.35,669.95,668.75,669.35,17918,2019-05-29,2019,663.8166666666666,658.0333333333333,678.8166666666666,688.0333333333333,682.25,667.25,680.0,669.6,673.0333333333333,667.3033333333333,663.7633333333333,678.7633333333333,682.3033333333333,643.0333333333333,703.0333333333333,,,0.0,0.0,0.0,9,55
2019-05-29 10:00:00,669.35,669.6,667.65,667.9,23799,2019-05-29,2019,663.8166666666666,658.0333333333333,678.8166666666666,688.0333333333333,682.25,667.25,680.0,669.6,673.0333333333333,667.3033333333333,663.7633333333333,678.7633333333333,682.3033333333333,643.0333333333333,703.0333333333333,,,0.0,0.0,0.0,10,0
2019-05-29 10:05:00,667.9,667.9,666.5,667.05,23492,2019-05-29,2019,663.8166666666666,658.0333333333333,678.8166666666666,688.0333333333333,682.25,667.25,680.0,669.6,673.0333333333333,667.3033333333333,663.7633333333333,678.7633333333333,682.3033333333333,643.0333333333333,703.0333333333333,,,0.0,0.0,0.0,10,5
2019-05-29 10:10:00,667.05,668.95,667.0,668.15,180344,2019-05-29,2019,663.8166666666666,658.0333333333333,678.8166666666666,688.0333333333333,682.25,667.25,680.0,669.6,673.0333333333333,667.3033333333333,663.7633333333333,678.7633333333333,682.3033333333333,643.0333333333333,703.0333333333333,,,0.0,0.0,0.0,10,10
2019-05-29 10:15:00,668.15,669.4,667.1,667.5,21582,2019-05-29,2019,663.8166666666666,658.0333333333333,678.8166666666666,688.0333333333333,682.25,667.25,680.0,669.6,673.0333333333333,667.3033333333333,663.7633333333333,678.7633333333333,682.3033333333333,643.0333333333333,703.0333333333333,,,0.0,0.0,0.0,10,15
2019-05-29 10:20:00,667.5,667.65,666.0,666.6,26223,2019-05-29,2019,663.8166666666666,658.0333333333333,678.8166666666666,688.0333333333333,682.25,667.25,680.0,669.6,673.0333333333333,667.3033333333333,663.7633333333333,678.7633333333333,682.3033333333333,643.0333333333333,703.0333333333333,,,0.0,0.0,0.0,10,20
2019-05-29 10:25:00,666.6,667.6,666.3,667.05,215163,2019-05-29,2019,663.8166666666666,658.0333333333333,678.8166666666666,688.0333333333333,682.25,667.25,680.0,669.6,673.0333333333333,667.3033333333333,663.7633333333333,678.7633333333333,682.3033333333333,643.0333333333333,703.0333333333333,,,0.0,0.0,0.0,10,25
2019-05-29 10:30:00,667.05,667.2,665.5,666.45,20562,2019-05-29,2019,663.8166666666666,658.0333333333333,678.8166666666666,688.0333333333333,682.25,667.25,680.0,669.6,673.0333333333333,667.3033333333333,663.7633333333333,678.7633333333333,682.3033333333333,643.0333333333333,703.0333333333333,,,0.0,0.0,0.0,10,30
2019-05-29 10:35:00,666.45,666.8,665.5,666.35,26796,2019-05-29,2019,663.8166666666666,658.0333333333333,678.8166666666666,688.0333333333333,682.25,667.25,680.0,669.6,673.0333333333333,667.3033333333333,663.7633333333333,678.7633333333333,682.3033333333333,643.0333333333333,703.0333333333333,,,0.0,0.0,0.0,10,35
2019-05-29 10:40:00,666.35,666.45,665.8,666.25,11870,2019-05-29,2019,663.8166666666666,658.0333333333333,678.8166666666666,688.0333333333333,682.25,667.25,680.0,669.6,673.0333333333333,667.3033333333333,663.7633333333333,678.7633333333333,682.3033333333333,643.0333333333333,703.0333333333333,,,0.0,0.0,0.0,10,40
2019-05-29 10:45:00,666.25,666.45,665.5,665.9,19139,2019-05-29,2019,663.8166666666666,658.0333333333333,678.8166666666666,688.0333333333333,682.25,667.25,680.0,669.6,673.0333333333333,667.3033333333333,663.7633333333333,678.7633333333333,682.3033333333333,643.0333333333333,703.0333333333333,,,0.0,0.0,0.0,10,45
2019-05-29 10:50:00,665.9,666.35,665.15,665.65,16734,2019-05-29,2019,663.8166666666666,658.0333333333333,678.8166666666666,688.0333333333333,682.25,667.25,680.0,669.6,673.0333333333333,667.3033333333333,663.7633333333333,678.7633333333333,682.3033333333333,643.0333333333333,703.0333333333333,Exit,Sell,665.15,657.5333333333333,675.0,10,50
2019-05-29 10:55:00,665.55,665.8,665.15,665.2,13270,2019-05-29,2019,663.8166666666666,658.0333333333333,678.8166666666666,688.0333333333333,682.25,667.25,680.0,669.6,673.0333333333333,667.3033333333333,663.7633333333333,678.7633333333333,682.3033333333333,643.0333333333333,703.0333333333333,,,0.0,0.0,0.0,10,55
2019-05-29 11:00:00,665.2,665.85,664.75,665.0,57972,2019-05-29,2019,663.8166666666666,658.0333333333333,678.8166666666666,688.0333333333333,682.25,667.25,680.0,669.6,673.0333333333333,667.3033333333333,663.7633333333333,678.7633333333333,682.3033333333333,643.0333333333333,703.0333333333333,,,0.0,0.0,0.0,11,0
2019-05-29 11:05:00,665.0,666.6,664.35,665.55,43430,2019-05-29,2019,663.8166666666666,658.0333333333333,678.8166666666666,688.0333333333333,682.25,667.25,680.0,669.6,673.0333333333333,667.3033333333333,663.7633333333333,678.7633333333333,682.3033333333333,643.0333333333333,703.0333333333333,,,0.0,0.0,0.0,11,5
2019-05-29 11:10:00,665.55,666.25,665.3,665.55,14357,2019-05-29,2019,663.8166666666666,658.0333333333333,678.8166666666666,688.0333333333333,682.25,667.25,680.0,669.6,673.0333333333333,667.3033333333333,663.7633333333333,678.7633333333333,682.3033333333333,643.0333333333333,703.0333333333333,,,0.0,0.0,0.0,11,10
2019-05-29 11:15:00,665.55,665.55,664.4,665.35,21637,2019-05-29,2019,663.8166666666666,658.0333333333333,678.8166666666666,688.0333333333333,682.25,667.25,680.0,669.6,673.0333333333333,667.3033333333333,663.7633333333333,678.7633333333333,682.3033333333333,643.0333333333333,703.0333333333333,,,0.0,0.0,0.0,11,15
2019-05-29 11:20:00,665.35,665.35,664.4,665.0,14266,2019-05-29,2019,663.8166666666666,658.0333333333333,678.8166666666666,688.0333333333333,682.25,667.25,680.0,669.6,673.0333333333333,667.3033333333333,663.7633333333333,678.7633333333333,682.3033333333333,643.0333333333333,703.0333333333333,,,0.0,0.0,0.0,11,20
2019-05-29 11:25:00,665.0,665.05,664.25,664.25,18801,2019-05-29,2019,663.8166666666666,658.0333333333333,678.8166666666666,688.0333333333333,682.25,667.25,680.0,669.6,673.0333333333333,667.3033333333333,663.7633333333333,678.7633333333333,682.3033333333333,643.0333333333333,703.0333333333333,,,0.0,0.0,0.0,11,25
2019-05-29 11:30:00,664.25,664.8,663.75,664.2,34895,2019-05-29,2019,663.8166666666666,658.0333333333333,678.8166666666666,688.0333333333333,682.25,667.25,680.0,669.6,673.0333333333333,667.3033333333333,663.7633333333333,678.7633333333333,682.3033333333333,643.0333333333333,703.0333333333333,,,0.0,0.0,0.0,11,30
2019-05-29 11:35:00,664.2,664.35,663.75,664.0,15663,2019-05-29,2019,663.8166666666666,658.0333333333333,678.8166666666666,688.0333333333333,682.25,667.25,680.0,669.6,673.0333333333333,667.3033333333333,663.7633333333333,678.7633333333333,682.3033333333333,643.0333333333333,703.0333333333333,,,0.0,0.0,0.0,11,35
2019-05-29 11:40:00,664.0,665.0,663.5,665.0,27042,2019-05-29,2019,663.8166666666666,658.0333333333333,678.8166666666666,688.0333333333333,682.25,667.25,680.0,669.6,673.0333333333333,667.3033333333333,663.7633333333333,678.7633333333333,682.3033333333333,643.0333333333333,703.0333333333333,,,0.0,0.0,0.0,11,40
2019-05-29 11:45:00,665.0,665.0,663.15,663.55,25162,2019-05-29,2019,663.8166666666666,658.0333333333333,678.8166666666666,688.0333333333333,682.25,667.25,680.0,669.6,673.0333333333333,667.3033333333333,663.7633333333333,678.7633333333333,682.3033333333333,643.0333333333333,703.0333333333333,,,0.0,0.0,0.0,11,45
2019-05-29 11:50:00,663.55,663.9,662.85,663.5,41582,2019-05-29,2019,663.8166666666666,658.0333333333333,678.8166666666666,688.0333333333333,682.25,667.25,680.0,669.6,673.0333333333333,667.3033333333333,663.7633333333333,678.7633333333333,682.3033333333333,643.0333333333333,703.0333333333333,,,0.0,0.0,0.0,11,50
2019-05-29 11:55:00,663.5,663.9,662.25,663.3,47545,2019-05-29,2019,663.8166666666666,658.0333333333333,678.8166666666666,688.0333333333333,682.25,667.25,680.0,669.6,673.0333333333333,667.3033333333333,663.7633333333333,678.7633333333333,682.3033333333333,643.0333333333333,703.0333333333333,,,0.0,0.0,0.0,11,55
2019-05-29 12:00:00,663.3,663.55,662.3,662.6,17789,2019-05-29,2019,663.8166666666666,658.0333333333333,678.8166666666666,688.0333333333333,682.25,667.25,680.0,669.6,673.0333333333333,667.3033333333333,663.7633333333333,678.7633333333333,682.3033333333333,643.0333333333333,703.0333333333333,,,0.0,0.0,0.0,12,0
2019-05-29 12:05:00,662.6,663.9,662.0,663.9,27355,2019-05-29,2019,663.8166666666666,658.0333333333333,678.8166666666666,688.0333333333333,682.25,667.25,680.0,669.6,673.0333333333333,667.3033333333333,663.7633333333333,678.7633333333333,682.3033333333333,643.0333333333333,703.0333333333333,,,0.0,0.0,0.0,12,5
2019-05-29 12:10:00,663.9,664.75,663.85,663.85,8474,2019-05-29,2019,663.8166666666666,658.0333333333333,678.8166666666666,688.0333333333333,682.25,667.25,680.0,669.6,673.0333333333333,667.3033333333333,663.7633333333333,678.7633333333333,682.3033333333333,643.0333333333333,703.0333333333333,,,0.0,0.0,0.0,12,10
2019-05-29 12:15:00,663.85,664.0,663.0,663.5,6688,2019-05-29,2019,663.8166666666666,658.0333333333333,678.8166666666666,688.0333333333333,682.25,667.25,680.0,669.6,673.0333333333333,667.3033333333333,663.7633333333333,678.7633333333333,682.3033333333333,643.0333333333333,703.0333333333333,,,0.0,0.0,0.0,12,15
2019-05-29 12:20:00,663.8,664.0,662.6,663.05,15293,2019-05-29,2019,663.8166666666666,658.0333333333333,678.8166666666666,688.0333333333333,682.25,667.25,680.0,669.6,673.0333333333333,667.3033333333333,663.7633333333333,678.7633333333333,682.3033333333333,643.0333333333333,703.0333333333333,,,0.0,0.0,0.0,12,20
2019-05-29 12:25:00,662.7,663.0,662.25,662.9,17468,2019-05-29,2019,663.8166666666666,658.0333333333333,678.8166666666666,688.0333333333333,682.25,667.25,680.0,669.6,673.0333333333333,667.3033333333333,663.7633333333333,678.7633333333333,682.3033333333333,643.0333333333333,703.0333333333333,,,0.0,0.0,0.0,12,25
2019-05-29 12:30:00,662.9,663.55,662.8,663.55,5938,2019-05-29,2019,663.8166666666666,658.0333333333333,678.8166666666666,688.0333333333333,682.25,667.25,680.0,669.6,673.0333333333333,667.3033333333333,663.7633333333333,678.7633333333333,682.3033333333333,643.0333333333333,703.0333333333333,,,0.0,0.0,0.0,12,30
2019-05-29 12:35:00,663.55,663.7,662.9,663.2,10316,2019-05-29,2019,663.8166666666666,658.0333333333333,678.8166666666666,688.0333333333333,682.25,667.25,680.0,669.6,673.0333333333333,667.3033333333333,663.7633333333333,678.7633333333333,682.3033333333333,643.0333333333333,703.0333333333333,,,0.0,0.0,0.0,12,35
2019-05-29 12:40:00,663.2,663.7,662.9,663.3,8498,2019-05-29,2019,663.8166666666666,658.0333333333333,678.8166666666666,688.0333333333333,682.25,667.25,680.0,669.6,673.0333333333333,667.3033333333333,663.7633333333333,678.7633333333333,682.3033333333333,643.0333333333333,703.0333333333333,,,0.0,0.0,0.0,12,40
2019-05-29 12:45:00,663.3,663.3,661.75,662.35,20829,2019-05-29,2019,663.8166666666666,658.0333333333333,678.8166666666666,688.0333333333333,682.25,667.25,680.0,669.6,673.0333333333333,667.3033333333333,663.7633333333333,678.7633333333333,682.3033333333333,643.0333333333333,703.0333333333333,,,0.0,0.0,0.0,12,45
2019-05-29 12:50:00,662.35,663.0,662.0,662.1,17920,2019-05-29,2019,663.8166666666666,658.0333333333333,678.8166666666666,688.0333333333333,682.25,667.25,680.0,669.6,673.0333333333333,667.3033333333333,663.7633333333333,678.7633333333333,682.3033333333333,643.0333333333333,703.0333333333333,Exit,Buy,662.4893999999999,667.6927333333332,661.75,12,50
2019-05-29 12:55:00,662.1,662.65,661.75,662.55,15574,2019-05-29,2019,663.8166666666666,658.0333333333333,678.8166666666666,688.0333333333333,682.25,667.25,680.0,669.6,673.0333333333333,667.3033333333333,663.7633333333333,678.7633333333333,682.3033333333333,643.0333333333333,703.0333333333333,Exit,Sell,661.75,657.2333333333333,675.0,12,55
2019-05-29 13:00:00,662.55,662.8,661.9,662.2,13929,2019-05-29,2019,663.8166666666666,658.0333333333333,678.8166666666666,688.0333333333333,682.25,667.25,680.0,669.6,673.0333333333333,667.3033333333333,663.7633333333333,678.7633333333333,682.3033333333333,643.0333333333333,703.0333333333333,,,0.0,0.0,0.0,13,0
2019-05-29 13:05:00,662.2,662.45,661.35,661.45,25355,2019-05-29,2019,663.8166666666666,658.0333333333333,678.8166666666666,688.0333333333333,682.25,667.25,680.0,669.6,673.0333333333333,667.3033333333333,663.7633333333333,678.7633333333333,682.3033333333333,643.0333333333333,703.0333333333333,,,0.0,0.0,0.0,13,5
2019-05-29 13:10:00,661.45,662.15,661.05,661.5,26257,2019-05-29,2019,663.8166666666666,658.0333333333333,678.8166666666666,688.0333333333333,682.25,667.25,680.0,669.6,673.0333333333333,667.3033333333333,663.7633333333333,678.7633333333333,682.3033333333333,643.0333333333333,703.0333333333333,,,0.0,0.0,0.0,13,10
2019-05-29 13:15:00,661.4,662.0,660.85,661.95,27392,2019-05-29,2019,663.8166666666666,658.0333333333333,678.8166666666666,688.0333333333333,682.25,667.25,680.0,669.6,673.0333333333333,667.3033333333333,663.7633333333333,678.7633333333333,682.3033333333333,643.0333333333333,703.0333333333333,,,0.0,0.0,0.0,13,15
2019-05-29 13:20:00,661.95,662.4,661.25,661.75,27929,2019-05-29,2019,663.8166666666666,658.0333333333333,678.8166666666666,688.0333333333333,682.25,667.25,680.0,669.6,673.0333333333333,667.3033333333333,663.7633333333333,678.7633333333333,682.3033333333333,643.0333333333333,703.0333333333333,,,0.0,0.0,0.0,13,20
2019-05-29 13:25:00,661.75,662.8,661.4,662.45,15227,2019-05-29,2019,663.8166666666666,658.0333333333333,678.8166666666666,688.0333333333333,682.25,667.25,680.0,669.6,673.0333333333333,667.3033333333333,663.7633333333333,678.7633333333333,682.3033333333333,643.0333333333333,703.0333333333333,,,0.0,0.0,0.0,13,25
2019-05-29 13:30:00,662.45,664.25,662.3,664.0,34392,2019-05-29,2019,663.8166666666666,658.0333333333333,678.8166666666666,688.0333333333333,682.25,667.25,680.0,669.6,673.0333333333333,667.3033333333333,663.7633333333333,678.7633333333333,682.3033333333333,643.0333333333333,703.0333333333333,,,0.0,0.0,0.0,13,30
2019-05-29 13:35:00,664.0,665.05,664.0,664.8,177854,2019-05-29,2019,663.8166666666666,658.0333333333333,678.8166666666666,688.0333333333333,682.25,667.25,680.0,669.6,673.0333333333333,667.3033333333333,663.7633333333333,678.7633333333333,682.3033333333333,643.0333333333333,703.0333333333333,,,0.0,0.0,0.0,13,35
2019-05-29 13:40:00,664.8,665.4,664.6,664.8,22084,2019-05-29,2019,663.8166666666666,658.0333333333333,678.8166666666666,688.0333333333333,682.25,667.25,680.0,669.6,673.0333333333333,667.3033333333333,663.7633333333333,678.7633333333333,682.3033333333333,643.0333333333333,703.0333333333333,,,0.0,0.0,0.0,13,40
2019-05-29 13:45:00,664.8,666.9,664.6,666.9,40699,2019-05-29,2019,663.8166666666666,658.0333333333333,678.8166666666666,688.0333333333333,682.25,667.25,680.0,669.6,673.0333333333333,667.3033333333333,663.7633333333333,678.7633333333333,682.3033333333333,643.0333333333333,703.0333333333333,,,0.0,0.0,0.0,13,45
2019-05-29 13:50:00,666.9,675.0,666.4,670.9,611320,2019-05-29,2019,663.8166666666666,658.0333333333333,678.8166666666666,688.0333333333333,682.25,667.25,680.0,669.6,673.0333333333333,667.3033333333333,663.7633333333333,678.7633333333333,682.3033333333333,643.0333333333333,703.0333333333333,Exit,Buy,675.0,682.8633333333333,660.85,13,50
2019-05-29 13:55:00,670.95,677.45,667.5,676.4,800550,2019-05-29,2019,663.8166666666666,658.0333333333333,678.8166666666666,688.0333333333333,682.25,667.25,680.0,669.6,673.0333333333333,667.3033333333333,663.7633333333333,678.7633333333333,682.3033333333333,643.0333333333333,703.0333333333333,,,0.0,0.0,0.0,13,55
2019-05-29 14:00:00,675.55,676.4,672.8,674.9,240955,2019-05-29,2019,663.8166666666666,658.0333333333333,678.8166666666666,688.0333333333333,682.25,667.25,680.0,669.6,673.0333333333333,667.3033333333333,663.7633333333333,678.7633333333333,682.3033333333333,643.0333333333333,703.0333333333333,,,0.0,0.0,0.0,14,0
2019-05-29 14:05:00,674.8,675.45,669.75,670.7,162265,2019-05-29,2019,663.8166666666666,658.0333333333333,678.8166666666666,688.0333333333333,682.25,667.25,680.0,669.6,673.0333333333333,667.3033333333333,663.7633333333333,678.7633333333333,682.3033333333333,643.0333333333333,703.0333333333333,,,0.0,0.0,0.0,14,5
2019-05-29 14:10:00,670.75,671.85,667.5,670.6,186794,2019-05-29,2019,663.8166666666666,658.0333333333333,678.8166666666666,688.0333333333333,682.25,667.25,680.0,669.6,673.0333333333333,667.3033333333333,663.7633333333333,678.7633333333333,682.3033333333333,643.0333333333333,703.0333333333333,,,0.0,0.0,0.0,14,10
2019-05-29 14:15:00,671.0,675.5,670.2,674.3,154128,2019-05-29,2019,663.8166666666666,658.0333333333333,678.8166666666666,688.0333333333333,682.25,667.25,680.0,669.6,673.0333333333333,667.3033333333333,663.7633333333333,678.7633333333333,682.3033333333333,643.0333333333333,703.0333333333333,,,0.0,0.0,0.0,14,15
2019-05-29 14:20:00,674.3,674.9,671.3,671.95,66090,2019-05-29,2019,663.8166666666666,658.0333333333333,678.8166666666666,688.0333333333333,682.25,667.25,680.0,669.6,673.0333333333333,667.3033333333333,663.7633333333333,678.7633333333333,682.3033333333333,643.0333333333333,703.0333333333333,,,0.0,0.0,0.0,14,20
2019-05-29 14:25:00,672.0,673.25,671.1,671.65,52489,2019-05-29,2019,663.8166666666666,658.0333333333333,678.8166666666666,688.0333333333333,682.25,667.25,680.0,669.6,673.0333333333333,667.3033333333333,663.7633333333333,678.7633333333333,682.3033333333333,643.0333333333333,703.0333333333333,,,0.0,0.0,0.0,14,25
2019-05-29 14:30:00,671.95,673.75,671.15,673.5,56685,2019-05-29,2019,663.8166666666666,658.0333333333333,678.8166666666666,688.0333333333333,682.25,667.25,680.0,669.6,673.0333333333333,667.3033333333333,663.7633333333333,678.7633333333333,682.3033333333333,643.0333333333333,703.0333333333333,,,0.0,0.0,0.0,14,30
2019-05-29 14:35:00,673.6,675.75,672.95,674.7,94892,2019-05-29,2019,663.8166666666666,658.0333333333333,678.8166666666666,688.0333333333333,682.25,667.25,680.0,669.6,673.0333333333333,667.3033333333333,663.7633333333333,678.7633333333333,682.3033333333333,643.0333333333333,703.0333333333333,,,0.0,0.0,0.0,14,35
2019-05-29 14:40:00,674.95,675.2,672.6,673.5,36243,2019-05-29,2019,663.8166666666666,658.0333333333333,678.8166666666666,688.0333333333333,682.25,667.25,680.0,669.6,673.0333333333333,667.3033333333333,663.7633333333333,678.7633333333333,682.3033333333333,643.0333333333333,703.0333333333333,,,0.0,0.0,0.0,14,40
2019-05-29 14:45:00,673.15,674.35,672.0,672.0,36994,2019-05-29,2019,663.8166666666666,658.0333333333333,678.8166666666666,688.0333333333333,682.25,667.25,680.0,669.6,673.0333333333333,667.3033333333333,663.7633333333333,678.7633333333333,682.3033333333333,643.0333333333333,703.0333333333333,,,0.0,0.0,0.0,14,45
2019-05-29 14:50:00,671.95,673.0,671.0,672.7,52994,2019-05-29,2019,663.8166666666666,658.0333333333333,678.8166666666666,688.0333333333333,682.25,667.25,680.0,669.6,673.0333333333333,667.3033333333333,663.7633333333333,678.7633333333333,682.3033333333333,643.0333333333333,703.0333333333333,,,0.0,0.0,0.0,14,50
2019-05-29 14:55:00,672.7,677.45,672.05,675.15,153763,2019-05-29,2019,663.8166666666666,658.0333333333333,678.8166666666666,688.0333333333333,682.25,667.25,680.0,669.6,673.0333333333333,667.3033333333333,663.7633333333333,678.7633333333333,682.3033333333333,643.0333333333333,703.0333333333333,,,0.0,0.0,0.0,14,55
2019-05-29 15:00:00,674.65,676.4,672.5,673.4,121130,2019-05-29,2019,663.8166666666666,658.0333333333333,678.8166666666666,688.0333333333333,682.25,667.25,680.0,669.6,673.0333333333333,667.3033333333333,663.7633333333333,678.7633333333333,682.3033333333333,643.0333333333333,703.0333333333333,,,0.0,0.0,0.0,15,0
2019-05-29 15:05:00,673.1,673.55,670.5,671.35,104535,2019-05-29,2019,663.8166666666666,658.0333333333333,678.8166666666666,688.0333333333333,682.25,667.25,680.0,669.6,673.0333333333333,667.3033333333333,663.7633333333333,678.7633333333333,682.3033333333333,643.0333333333333,703.0333333333333,,,0.0,0.0,0.0,15,5
2019-05-29 15:10:00,671.3,672.45,669.6,672.1,125641,2019-05-29,2019,663.8166666666666,658.0333333333333,678.8166666666666,688.0333333333333,682.25,667.25,680.0,669.6,673.0333333333333,667.3033333333333,663.7633333333333,678.7633333333333,682.3033333333333,643.0333333333333,703.0333333333333,,,0.0,0.0,0.0,15,10
2019-05-29 15:15:00,672.1,673.5,671.5,671.5,120644,2019-05-29,2019,663.8166666666666,658.0333333333333,678.8166666666666,688.0333333333333,682.25,667.25,680.0,669.6,673.0333333333333,667.3033333333333,663.7633333333333,678.7633333333333,682.3033333333333,643.0333333333333,703.0333333333333,,,0.0,0.0,0.0,15,15
2019-05-29 15:20:00,671.65,673.0,670.3,673.0,97619,2019-05-29,2019,663.8166666666666,658.0333333333333,678.8166666666666,688.0333333333333,682.25,667.25,680.0,669.6,673.0333333333333,667.3033333333333,663.7633333333333,678.7633333333333,682.3033333333333,643.0333333333333,703.0333333333333,Exit,Sell,673.0,0.0,0.0,15,20
2019-05-29 15:25:00,672.85,673.0,671.05,671.15,54531,2019-05-29,2019,663.8166666666666,658.0333333333333,678.8166666666666,688.0333333333333,682.25,667.25,680.0,669.6,673.0333333333333,667.3033333333333,663.7633333333333,678.7633333333333,682.3033333333333,643.0333333333333,703.0333333333333,,,0.0,0.0,0.0,15,25
2019-05-30 09:15:00,660.0,665.0,659.65,663.75,296361,2019-05-30,2019,662.1833333333334,653.2166666666667,678.7833333333334,686.4166666666667,677.45,660.85,668.0,671.15,669.8166666666667,663.4754666666668,659.5578666666667,676.1578666666667,680.0754666666668,636.6166666666667,703.0166666666668,,,0.0,0.0,0.0,9,15
2019-05-30 09:20:00,663.9,667.5,663.5,665.15,182970,2019-05-30,2019,662.1833333333334,653.2166666666667,678.7833333333334,686.4166666666667,677.45,660.85,668.0,671.15,669.8166666666667,663.4754666666668,659.5578666666667,676.1578666666667,680.0754666666668,636.6166666666667,703.0166666666668,Entry,Buy,665.15,669.8166666666667,659.65,9,20
2019-05-30 09:25:00,665.7,665.8,661.4,663.1,127222,2019-05-30,2019,662.1833333333334,653.2166666666667,678.7833333333334,686.4166666666667,677.45,660.85,668.0,671.15,669.8166666666667,663.4754666666668,659.5578666666667,676.1578666666667,680.0754666666668,636.6166666666667,703.0166666666668,,,0.0,0.0,0.0,9,25
2019-05-30 09:30:00,663.15,666.55,663.0,664.25,94106,2019-05-30,2019,662.1833333333334,653.2166666666667,678.7833333333334,686.4166666666667,677.45,660.85,668.0,671.15,669.8166666666667,663.4754666666668,659.5578666666667,676.1578666666667,680.0754666666668,636.6166666666667,703.0166666666668,,,0.0,0.0,0.0,9,30
2019-05-30 09:35:00,664.65,664.65,662.4,662.8,75693,2019-05-30,2019,662.1833333333334,653.2166666666667,678.7833333333334,686.4166666666667,677.45,660.85,668.0,671.15,669.8166666666667,663.4754666666668,659.5578666666667,676.1578666666667,680.0754666666668,636.6166666666667,703.0166666666668,,,0.0,0.0,0.0,9,35
2019-05-30 09:40:00,663.15,663.4,659.0,661.6,216364,2019-05-30,2019,662.1833333333334,653.2166666666667,678.7833333333334,686.4166666666667,677.45,660.85,668.0,671.15,669.8166666666667,663.4754666666668,659.5578666666667,676.1578666666667,680.0754666666668,636.6166666666667,703.0166666666668,Exit,Sell,659.65,651.2666666666667,667.5,9,40
2019-05-30 09:45:00,661.25,661.6,660.0,660.65,156037,2019-05-30,2019,662.1833333333334,653.2166666666667,678.7833333333334,686.4166666666667,677.45,660.85,668.0,671.15,669.8166666666667,663.4754666666668,659.5578666666667,676.1578666666667,680.0754666666668,636.6166666666667,703.0166666666668,,,0.0,0.0,0.0,9,45
2019-05-30 09:50:00,660.3,661.25,658.7,659.8,123558,2019-05-30,2019,662.1833333333334,653.2166666666667,678.7833333333334,686.4166666666667,677.45,660.85,668.0,671.15,669.8166666666667,663.4754666666668,659.5578666666667,676.1578666666667,680.0754666666668,636.6166666666667,703.0166666666668,,,0.0,0.0,0.0,9,50
2019-05-30 09:55:00,659.8,660.45,658.65,660.15,108507,2019-05-30,2019,662.1833333333334,653.2166666666667,678.7833333333334,686.4166666666667,677.45,660.85,668.0,671.15,669.8166666666667,663.4754666666668,659.5578666666667,676.1578666666667,680.0754666666668,636.6166666666667,703.0166666666668,,,0.0,0.0,0.0,9,55
2019-05-30 10:00:00,660.1,663.6,660.0,661.8,146474,2019-05-30,2019,662.1833333333334,653.2166666666667,678.7833333333334,686.4166666666667,677.45,660.85,668.0,671.15,669.8166666666667,663.4754666666668,659.5578666666667,676.1578666666667,680.0754666666668,636.6166666666667,703.0166666666668,,,0.0,0.0,0.0,10,0
2019-05-30 10:05:00,661.95,662.15,659.3,659.85,102020,2019-05-30,2019,662.1833333333334,653.2166666666667,678.7833333333334,686.4166666666667,677.45,660.85,668.0,671.15,669.8166666666667,663.4754666666668,659.5578666666667,676.1578666666667,680.0754666666668,636.6166666666667,703.0166666666668,,,0.0,0.0,0.0,10,5
2019-05-30 10:10:00,659.85,661.4,658.5,661.15,94625,2019-05-30,2019,662.1833333333334,653.2166666666667,678.7833333333334,686.4166666666667,677.45,660.85,668.0,671.15,669.8166666666667,663.4754666666668,659.5578666666667,676.1578666666667,680.0754666666668,636.6166666666667,703.0166666666668,,,0.0,0.0,0.0,10,10
2019-05-30 10:15:00,661.25,661.6,660.05,660.95,47313,2019-05-30,2019,662.1833333333334,653.2166666666667,678.7833333333334,686.4166666666667,677.45,660.85,668.0,671.15,669.8166666666667,663.4754666666668,659.5578666666667,676.1578666666667,680.0754666666668,636.6166666666667,703.0166666666668,,,0.0,0.0,0.0,10,15
2019-05-30 10:20:00,660.85,661.85,660.55,661.8,29420,2019-05-30,2019,662.1833333333334,653.2166666666667,678.7833333333334,686.4166666666667,677.45,660.85,668.0,671.15,669.8166666666667,663.4754666666668,659.5578666666667,676.1578666666667,680.0754666666668,636.6166666666667,703.0166666666668,,,0.0,0.0,0.0,10,20
2019-05-30 10:25:00,661.75,661.95,660.55,661.75,28043,2019-05-30,2019,662.1833333333334,653.2166666666667,678.7833333333334,686.4166666666667,677.45,660.85,668.0,671.15,669.8166666666667,663.4754666666668,659.5578666666667,676.1578666666667,680.0754666666668,636.6166666666667,703.0166666666668,,,0.0,0.0,0.0,10,25
2019-05-30 10:30:00,661.75,662.15,661.05,661.55,34320,2019-05-30,2019,662.1833333333334,653.2166666666667,678.7833333333334,686.4166666666667,677.45,660.85,668.0,671.15,669.8166666666667,663.4754666666668,659.5578666666667,676.1578666666667,680.0754666666668,636.6166666666667,703.0166666666668,,,0.0,0.0,0.0,10,30
2019-05-30 10:35:00,661.85,662.7,661.3,662.3,44089,2019-05-30,2019,662.1833333333334,653.2166666666667,678.7833333333334,686.4166666666667,677.45,660.85,668.0,671.15,669.8166666666667,663.4754666666668,659.5578666666667,676.1578666666667,680.0754666666668,636.6166666666667,703.0166666666668,,,0.0,0.0,0.0,10,35
2019-05-30 10:40:00,662.3,662.6,661.2,662.6,54876,2019-05-30,2019,662.1833333333334,653.2166666666667,678.7833333333334,686.4166666666667,677.45,660.85,668.0,671.15,669.8166666666667,663.4754666666668,659.5578666666667,676.1578666666667,680.0754666666668,636.6166666666667,703.0166666666668,,,0.0,0.0,0.0,10,40
2019-05-30 10:45:00,662.6,662.6,661.25,662.0,26367,2019-05-30,2019,662.1833333333334,653.2166666666667,678.7833333333334,686.4166666666667,677.45,660.85,668.0,671.15,669.8166666666667,663.4754666666668,659.5578666666667,676.1578666666667,680.0754666666668,636.6166666666667,703.0166666666668,,,0.0,0.0,0.0,10,45
2019-05-30 10:50:00,662.0,662.0,660.8,660.8,18710,2019-05-30,2019,662.1833333333334,653.2166666666667,678.7833333333334,686.4166666666667,677.45,660.85,668.0,671.15,669.8166666666667,663.4754666666668,659.5578666666667,676.1578666666667,680.0754666666668,636.6166666666667,703.0166666666668,,,0.0,0.0,0.0,10,50
2019-05-30 10:55:00,660.8,662.0,660.1,661.15,25964,2019-05-30,2019,662.1833333333334,653.2166666666667,678.7833333333334,686.4166666666667,677.45,660.85,668.0,671.15,669.8166666666667,663.4754666666668,659.5578666666667,676.1578666666667,680.0754666666668,636.6166666666667,703.0166666666668,,,0.0,0.0,0.0,10,55
2019-05-30 11:00:00,661.15,661.65,660.7,661.05,20267,2019-05-30,2019,662.1833333333334,653.2166666666667,678.7833333333334,686.4166666666667,677.45,660.85,668.0,671.15,669.8166666666667,663.4754666666668,659.5578666666667,676.1578666666667,680.0754666666668,636.6166666666667,703.0166666666668,,,0.0,0.0,0.0,11,0
2019-05-30 11:05:00,661.05,661.25,659.3,660.75,38001,2019-05-30,2019,662.1833333333334,653.2166666666667,678.7833333333334,686.4166666666667,677.45,660.85,668.0,671.15,669.8166666666667,663.4754666666668,659.5578666666667,676.1578666666667,680.0754666666668,636.6166666666667,703.0166666666668,,,0.0,0.0,0.0,11,5
2019-05-30 11:10:00,660.75,661.4,660.05,661.05,20646,2019-05-30,2019,662.1833333333334,653.2166666666667,678.7833333333334,686.4166666666667,677.45,660.85,668.0,671.15,669.8166666666667,663.4754666666668,659.5578666666667,676.1578666666667,680.0754666666668,636.6166666666667,703.0166666666668,,,0.0,0.0,0.0,11,10
2019-05-30 11:15:00,661.2,661.25,659.65,660.0,30141,2019-05-30,2019,662.1833333333334,653.2166666666667,678.7833333333334,686.4166666666667,677.45,660.85,668.0,671.15,669.8166666666667,663.4754666666668,659.5578666666667,676.1578666666667,680.0754666666668,636.6166666666667,703.0166666666668,,,0.0,0.0,0.0,11,15
2019-05-30 11:20:00,660.0,660.7,659.2,660.6,32907,2019-05-30,2019,662.1833333333334,653.2166666666667,678.7833333333334,686.4166666666667,677.45,660.85,668.0,671.15,669.8166666666667,663.4754666666668,659.5578666666667,676.1578666666667,680.0754666666668,636.6166666666667,703.0166666666668,,,0.0,0.0,0.0,11,20
2019-05-30 11:25:00,660.65,660.65,659.55,659.85,19044,2019-05-30,2019,662.1833333333334,653.2166666666667,678.7833333333334,686.4166666666667,677.45,660.85,668.0,671.15,669.8166666666667,663.4754666666668,659.5578666666667,676.1578666666667,680.0754666666668,636.6166666666667,703.0166666666668,,,0.0,0.0,0.0,11,25
2019-05-30 11:30:00,659.85,660.6,659.5,660.1,32097,2019-05-30,2019,662.1833333333334,653.2166666666667,678.7833333333334,686.4166666666667,677.45,660.85,668.0,671.15,669.8166666666667,663.4754666666668,659.5578666666667,676.1578666666667,680.0754666666668,636.6166666666667,703.0166666666668,,,0.0,0.0,0.0,11,30
2019-05-30 11:35:00,660.15,661.0,659.6,660.8,37188,2019-05-30,2019,662.1833333333334,653.2166666666667,678.7833333333334,686.4166666666667,677.45,660.85,668.0,671.15,669.8166666666667,663.4754666666668,659.5578666666667,676.1578666666667,680.0754666666668,636.6166666666667,703.0166666666668,,,0.0,0.0,0.0,11,35
2019-05-30 11:40:00,660.8,661.5,660.25,661.5,35999,2019-05-30,2019,662.1833333333334,653.2166666666667,678.7833333333334,686.4166666666667,677.45,660.85,668.0,671.15,669.8166666666667,663.4754666666668,659.5578666666667,676.1578666666667,680.0754666666668,636.6166666666667,703.0166666666668,,,0.0,0.0,0.0,11,40
2019-05-30 11:45:00,661.6,662.6,660.85,662.1,53406,2019-05-30,2019,662.1833333333334,653.2166666666667,678.7833333333334,686.4166666666667,677.45,660.85,668.0,671.15,669.8166666666667,663.4754666666668,659.5578666666667,676.1578666666667,680.0754666666668,636.6166666666667,703.0166666666668,,,0.0,0.0,0.0,11,45
2019-05-30 11:50:00,662.1,662.3,661.4,661.9,24059,2019-05-30,2019,662.1833333333334,653.2166666666667,678.7833333333334,686.4166666666667,677.45,660.85,668.0,671.15,669.8166666666667,663.4754666666668,659.5578666666667,676.1578666666667,680.0754666666668,636.6166666666667,703.0166666666668,,,0.0,0.0,0.0,11,50
2019-05-30 11:55:00,661.9,662.15,661.6,661.6,12483,2019-05-30,2019,662.1833333333334,653.2166666666667,678.7833333333334,686.4166666666667,677.45,660.85,668.0,671.15,669.8166666666667,663.4754666666668,659.5578666666667,676.1578666666667,680.0754666666668,636.6166666666667,703.0166666666668,,,0.0,0.0,0.0,11,55
2019-05-30 12:00:00,661.6,662.0,661.25,661.7,11092,2019-05-30,2019,662.1833333333334,653.2166666666667,678.7833333333334,686.4166666666667,677.45,660.85,668.0,671.15,669.8166666666667,663.4754666666668,659.5578666666667,676.1578666666667,680.0754666666668,636.6166666666667,703.0166666666668,,,0.0,0.0,0.0,12,0
2019-05-30 12:05:00,661.7,661.95,661.05,661.3,15176,2019-05-30,2019,662.1833333333334,653.2166666666667,678.7833333333334,686.4166666666667,677.45,660.85,668.0,671.15,669.8166666666667,663.4754666666668,659.5578666666667,676.1578666666667,680.0754666666668,636.6166666666667,703.0166666666668,,,0.0,0.0,0.0,12,5
2019-05-30 12:10:00,661.5,661.95,660.2,660.7,185015,2019-05-30,2019,662.1833333333334,653.2166666666667,678.7833333333334,686.4166666666667,677.45,660.85,668.0,671.15,669.8166666666667,663.4754666666668,659.5578666666667,676.1578666666667,680.0754666666668,636.6166666666667,703.0166666666668,,,0.0,0.0,0.0,12,10
2019-05-30 12:15:00,660.4,661.3,660.2,660.2,22813,2019-05-30,2019,662.1833333333334,653.2166666666667,678.7833333333334,686.4166666666667,677.45,660.85,668.0,671.15,669.8166666666667,663.4754666666668,659.5578666666667,676.1578666666667,680.0754666666668,636.6166666666667,703.0166666666668,,,0.0,0.0,0.0,12,15
2019-05-30 12:20:00,660.2,660.6,658.1,659.7,86289,2019-05-30,2019,662.1833333333334,653.2166666666667,678.7833333333334,686.4166666666667,677.45,660.85,668.0,671.15,669.8166666666667,663.4754666666668,659.5578666666667,676.1578666666667,680.0754666666668,636.6166666666667,703.0166666666668,,,0.0,0.0,0.0,12,20
2019-05-30 12:25:00,659.65,660.55,659.4,660.15,33964,2019-05-30,2019,662.1833333333334,653.2166666666667,678.7833333333334,686.4166666666667,677.45,660.85,668.0,671.15,669.8166666666667,663.4754666666668,659.5578666666667,676.1578666666667,680.0754666666668,636.6166666666667,703.0166666666668,,,0.0,0.0,0.0,12,25
2019-05-30 12:30:00,660.15,660.45,659.25,660.4,87123,2019-05-30,2019,662.1833333333334,653.2166666666667,678.7833333333334,686.4166666666667,677.45,660.85,668.0,671.15,669.8166666666667,663.4754666666668,659.5578666666667,676.1578666666667,680.0754666666668,636.6166666666667,703.0166666666668,,,0.0,0.0,0.0,12,30
2019-05-30 12:35:00,660.4,660.45,659.8,660.4,113298,2019-05-30,2019,662.1833333333334,653.2166666666667,678.7833333333334,686.4166666666667,677.45,660.85,668.0,671.15,669.8166666666667,663.4754666666668,659.5578666666667,676.1578666666667,680.0754666666668,636.6166666666667,703.0166666666668,,,0.0,0.0,0.0,12,35
2019-05-30 12:40:00,660.4,660.7,660.0,660.35,16971,2019-05-30,2019,662.1833333333334,653.2166666666667,678.7833333333334,686.4166666666667,677.45,660.85,668.0,671.15,669.8166666666667,663.4754666666668,659.5578666666667,676.1578666666667,680.0754666666668,636.6166666666667,703.0166666666668,,,0.0,0.0,0.0,12,40
2019-05-30 12:45:00,660.35,661.45,660.25,661.0,22348,2019-05-30,2019,662.1833333333334,653.2166666666667,678.7833333333334,686.4166666666667,677.45,660.85,668.0,671.15,669.8166666666667,663.4754666666668,659.5578666666667,676.1578666666667,680.0754666666668,636.6166666666667,703.0166666666668,,,0.0,0.0,0.0,12,45
2019-05-30 12:50:00,661.0,661.4,660.55,661.15,14337,2019-05-30,2019,662.1833333333334,653.2166666666667,678.7833333333334,686.4166666666667,677.45,660.85,668.0,671.15,669.8166666666667,663.4754666666668,659.5578666666667,676.1578666666667,680.0754666666668,636.6166666666667,703.0166666666668,,,0.0,0.0,0.0,12,50
2019-05-30 12:55:00,661.15,661.15,660.05,660.7,13053,2019-05-30,2019,662.1833333333334,653.2166666666667,678.7833333333334,686.4166666666667,677.45,660.85,668.0,671.15,669.8166666666667,663.4754666666668,659.5578666666667,676.1578666666667,680.0754666666668,636.6166666666667,703.0166666666668,,,0.0,0.0,0.0,12,55
2019-05-30 13:00:00,660.7,661.0,660.0,660.3,28197,2019-05-30,2019,662.1833333333334,653.2166666666667,678.7833333333334,686.4166666666667,677.45,660.85,668.0,671.15,669.8166666666667,663.4754666666668,659.5578666666667,676.1578666666667,680.0754666666668,636.6166666666667,703.0166666666668,,,0.0,0.0,0.0,13,0
2019-05-30 13:05:00,660.45,660.6,660.1,660.25,34021,2019-05-30,2019,662.1833333333334,653.2166666666667,678.7833333333334,686.4166666666667,677.45,660.85,668.0,671.15,669.8166666666667,663.4754666666668,659.5578666666667,676.1578666666667,680.0754666666668,636.6166666666667,703.0166666666668,,,0.0,0.0,0.0,13,5
2019-05-30 13:10:00,660.3,660.75,660.25,660.5,31098,2019-05-30,2019,662.1833333333334,653.2166666666667,678.7833333333334,686.4166666666667,677.45,660.85,668.0,671.15,669.8166666666667,663.4754666666668,659.5578666666667,676.1578666666667,680.0754666666668,636.6166666666667,703.0166666666668,,,0.0,0.0,0.0,13,10
2019-05-30 13:15:00,660.5,661.2,660.3,661.1,82380,2019-05-30,2019,662.1833333333334,653.2166666666667,678.7833333333334,686.4166666666667,677.45,660.85,668.0,671.15,669.8166666666667,663.4754666666668,659.5578666666667,676.1578666666667,680.0754666666668,636.6166666666667,703.0166666666668,,,0.0,0.0,0.0,13,15
2019-05-30 13:20:00,661.15,661.2,660.0,660.15,18891,2019-05-30,2019,662.1833333333334,653.2166666666667,678.7833333333334,686.4166666666667,677.45,660.85,668.0,671.15,669.8166666666667,663.4754666666668,659.5578666666667,676.1578666666667,680.0754666666668,636.6166666666667,703.0166666666668,,,0.0,0.0,0.0,13,20
2019-05-30 13:25:00,660.15,661.2,660.15,661.05,42620,2019-05-30,2019,662.1833333333334,653.2166666666667,678.7833333333334,686.4166666666667,677.45,660.85,668.0,671.15,669.8166666666667,663.4754666666668,659.5578666666667,676.1578666666667,680.0754666666668,636.6166666666667,703.0166666666668,,,0.0,0.0,0.0,13,25
2019-05-30 13:30:00,661.05,661.5,660.95,661.15,28785,2019-05-30,2019,662.1833333333334,653.2166666666667,678.7833333333334,686.4166666666667,677.45,660.85,668.0,671.15,669.8166666666667,663.4754666666668,659.5578666666667,676.1578666666667,680.0754666666668,636.6166666666667,703.0166666666668,,,0.0,0.0,0.0,13,30
2019-05-30 13:35:00,661.15,662.5,660.7,661.65,41031,2019-05-30,2019,662.1833333333334,653.2166666666667,678.7833333333334,686.4166666666667,677.45,660.85,668.0,671.15,669.8166666666667,663.4754666666668,659.5578666666667,676.1578666666667,680.0754666666668,636.6166666666667,703.0166666666668,,,0.0,0.0,0.0,13,35
2019-05-30 13:40:00,661.65,661.65,661.0,661.1,20612,2019-05-30,2019,662.1833333333334,653.2166666666667,678.7833333333334,686.4166666666667,677.45,660.85,668.0,671.15,669.8166666666667,663.4754666666668,659.5578666666667,676.1578666666667,680.0754666666668,636.6166666666667,703.0166666666668,,,0.0,0.0,0.0,13,40
2019-05-30 13:45:00,661.05,661.4,660.05,660.35,42601,2019-05-30,2019,662.1833333333334,653.2166666666667,678.7833333333334,686.4166666666667,677.45,660.85,668.0,671.15,669.8166666666667,663.4754666666668,659.5578666666667,676.1578666666667,680.0754666666668,636.6166666666667,703.0166666666668,,,0.0,0.0,0.0,13,45
2019-05-30 13:50:00,660.35,660.7,660.0,660.5,18381,2019-05-30,2019,662.1833333333334,653.2166666666667,678.7833333333334,686.4166666666667,677.45,660.85,668.0,671.15,669.8166666666667,663.4754666666668,659.5578666666667,676.1578666666667,680.0754666666668,636.6166666666667,703.0166666666668,,,0.0,0.0,0.0,13,50
2019-05-30 13:55:00,660.5,661.25,660.0,661.25,22870,2019-05-30,2019,662.1833333333334,653.2166666666667,678.7833333333334,686.4166666666667,677.45,660.85,668.0,671.15,669.8166666666667,663.4754666666668,659.5578666666667,676.1578666666667,680.0754666666668,636.6166666666667,703.0166666666668,,,0.0,0.0,0.0,13,55
2019-05-30 14:00:00,661.05,662.0,660.9,661.35,32435,2019-05-30,2019,662.1833333333334,653.2166666666667,678.7833333333334,686.4166666666667,677.45,660.85,668.0,671.15,669.8166666666667,663.4754666666668,659.5578666666667,676.1578666666667,680.0754666666668,636.6166666666667,703.0166666666668,,,0.0,0.0,0.0,14,0
2019-05-30 14:05:00,661.35,661.7,660.9,661.0,18545,2019-05-30,2019,662.1833333333334,653.2166666666667,678.7833333333334,686.4166666666667,677.45,660.85,668.0,671.15,669.8166666666667,663.4754666666668,659.5578666666667,676.1578666666667,680.0754666666668,636.6166666666667,703.0166666666668,,,0.0,0.0,0.0,14,5
2019-05-30 14:10:00,661.0,661.6,660.85,661.3,20610,2019-05-30,2019,662.1833333333334,653.2166666666667,678.7833333333334,686.4166666666667,677.45,660.85,668.0,671.15,669.8166666666667,663.4754666666668,659.5578666666667,676.1578666666667,680.0754666666668,636.6166666666667,703.0166666666668,,,0.0,0.0,0.0,14,10
2019-05-30 14:15:00,661.3,661.6,660.85,661.6,24198,2019-05-30,2019,662.1833333333334,653.2166666666667,678.7833333333334,686.4166666666667,677.45,660.85,668.0,671.15,669.8166666666667,663.4754666666668,659.5578666666667,676.1578666666667,680.0754666666668,636.6166666666667,703.0166666666668,,,0.0,0.0,0.0,14,15
2019-05-30 14:20:00,661.6,661.75,660.7,661.15,28909,2019-05-30,2019,662.1833333333334,653.2166666666667,678.7833333333334,686.4166666666667,677.45,660.85,668.0,671.15,669.8166666666667,663.4754666666668,659.5578666666667,676.1578666666667,680.0754666666668,636.6166666666667,703.0166666666668,,,0.0,0.0,0.0,14,20
2019-05-30 14:25:00,661.15,661.55,660.85,660.95,77676,2019-05-30,2019,662.1833333333334,653.2166666666667,678.7833333333334,686.4166666666667,677.45,660.85,668.0,671.15,669.8166666666667,663.4754666666668,659.5578666666667,676.1578666666667,680.0754666666668,636.6166666666667,703.0166666666668,,,0.0,0.0,0.0,14,25
2019-05-30 14:30:00,660.9,664.35,660.9,663.4,102576,2019-05-30,2019,662.1833333333334,653.2166666666667,678.7833333333334,686.4166666666667,677.45,660.85,668.0,671.15,669.8166666666667,663.4754666666668,659.5578666666667,676.1578666666667,680.0754666666668,636.6166666666667,703.0166666666668,,,0.0,0.0,0.0,14,30
2019-05-30 14:35:00,663.4,663.5,662.8,663.1,23339,2019-05-30,2019,662.1833333333334,653.2166666666667,678.7833333333334,686.4166666666667,677.45,660.85,668.0,671.15,669.8166666666667,663.4754666666668,659.5578666666667,676.1578666666667,680.0754666666668,636.6166666666667,703.0166666666668,,,0.0,0.0,0.0,14,35
2019-05-30 14:40:00,663.1,663.15,661.55,662.1,28880,2019-05-30,2019,662.1833333333334,653.2166666666667,678.7833333333334,686.4166666666667,677.45,660.85,668.0,671.15,669.8166666666667,663.4754666666668,659.5578666666667,676.1578666666667,680.0754666666668,636.6166666666667,703.0166666666668,,,0.0,0.0,0.0,14,40
2019-05-30 14:45:00,662.1,662.35,661.0,661.1,37391,2019-05-30,2019,662.1833333333334,653.2166666666667,678.7833333333334,686.4166666666667,677.45,660.85,668.0,671.15,669.8166666666667,663.4754666666668,659.5578666666667,676.1578666666667,680.0754666666668,636.6166666666667,703.0166666666668,,,0.0,0.0,0.0,14,45
2019-05-30 14:50:00,661.1,661.8,661.05,661.4,29461,2019-05-30,2019,662.1833333333334,653.2166666666667,678.7833333333334,686.4166666666667,677.45,660.85,668.0,671.15,669.8166666666667,663.4754666666668,659.5578666666667,676.1578666666667,680.0754666666668,636.6166666666667,703.0166666666668,,,0.0,0.0,0.0,14,50
2019-05-30 14:55:00,661.6,662.0,661.2,662.0,39872,2019-05-30,2019,662.1833333333334,653.2166666666667,678.7833333333334,686.4166666666667,677.45,660.85,668.0,671.15,669.8166666666667,663.4754666666668,659.5578666666667,676.1578666666667,680.0754666666668,636.6166666666667,703.0166666666668,,,0.0,0.0,0.0,14,55
2019-05-30 15:00:00,661.8,663.9,661.75,662.3,179882,2019-05-30,2019,662.1833333333334,653.2166666666667,678.7833333333334,686.4166666666667,677.45,660.85,668.0,671.15,669.8166666666667,663.4754666666668,659.5578666666667,676.1578666666667,680.0754666666668,636.6166666666667,703.0166666666668,,,0.0,0.0,0.0,15,0
2019-05-30 15:05:00,662.3,664.5,662.2,663.6,198709,2019-05-30,2019,662.1833333333334,653.2166666666667,678.7833333333334,686.4166666666667,677.45,660.85,668.0,671.15,669.8166666666667,663.4754666666668,659.5578666666667,676.1578666666667,680.0754666666668,636.6166666666667,703.0166666666668,,,0.0,0.0,0.0,15,5
2019-05-30 15:10:00,663.55,664.3,662.7,663.15,219875,2019-05-30,2019,662.1833333333334,653.2166666666667,678.7833333333334,686.4166666666667,677.45,660.85,668.0,671.15,669.8166666666667,663.4754666666668,659.5578666666667,676.1578666666667,680.0754666666668,636.6166666666667,703.0166666666668,,,0.0,0.0,0.0,15,10
2019-05-30 15:15:00,663.15,663.35,662.5,662.95,253803,2019-05-30,2019,662.1833333333334,653.2166666666667,678.7833333333334,686.4166666666667,677.45,660.85,668.0,671.15,669.8166666666667,663.4754666666668,659.5578666666667,676.1578666666667,680.0754666666668,636.6166666666667,703.0166666666668,,,0.0,0.0,0.0,15,15
2019-05-30 15:20:00,662.95,663.05,659.5,660.05,373051,2019-05-30,2019,662.1833333333334,653.2166666666667,678.7833333333334,686.4166666666667,677.45,660.85,668.0,671.15,669.8166666666667,663.4754666666668,659.5578666666667,676.1578666666667,680.0754666666668,636.6166666666667,703.0166666666668,Exit,Buy,660.05,0.0,0.0,15,20
2019-05-30 15:25:00,660.1,660.1,656.35,659.0,262401,2019-05-30,2019,662.1833333333334,653.2166666666667,678.7833333333334,686.4166666666667,677.45,660.85,668.0,671.15,669.8166666666667,663.4754666666668,659.5578666666667,676.1578666666667,680.0754666666668,636.6166666666667,703.0166666666668,,,0.0,0.0,0.0,15,25
2019-05-31 09:15:00,659.7,661.5,657.25,658.7,131276,2019-05-31,2019,654.3999999999999,649.8,665.5499999999998,672.0999999999999,667.5,656.35,660.0,659.0,660.9499999999999,656.6907,654.0592999999999,665.2092999999999,667.8407,638.65,683.2499999999999,,,0.0,0.0,0.0,9,15
2019-05-31 09:20:00,658.7,660.65,657.65,657.65,117738,2019-05-31,2019,654.3999999999999,649.8,665.5499999999998,672.0999999999999,667.5,656.35,660.0,659.0,660.9499999999999,656.6907,654.0592999999999,665.2092999999999,667.8407,638.65,683.2499999999999,,,0.0,0.0,0.0,9,20
2019-05-31 09:25:00,657.65,662.15,657.65,661.9,109967,2019-05-31,2019,654.3999999999999,649.8,665.5499999999998,672.0999999999999,667.5,656.35,660.0,659.0,660.9499999999999,656.6907,654.0592999999999,665.2092999999999,667.8407,638.65,683.2499999999999,Entry,Buy,661.9,665.5499999999998,657.25,9,25
2019-05-31 09:30:00,661.9,664.5,661.9,663.2,115268,2019-05-31,2019,654.3999999999999,649.8,665.5499999999998,672.0999999999999,667.5,656.35,660.0,659.0,660.9499999999999,656.6907,654.0592999999999,665.2092999999999,667.8407,638.65,683.2499999999999,,,0.0,0.0,0.0,9,30
2019-05-31 09:35:00,663.1,663.55,660.3,661.0,96458,2019-05-31,2019,654.3999999999999,649.8,665.5499999999998,672.0999999999999,667.5,656.35,660.0,659.0,660.9499999999999,656.6907,654.0592999999999,665.2092999999999,667.8407,638.65,683.2499999999999,,,0.0,0.0,0.0,9,35
2019-05-31 09:40:00,661.0,664.45,660.0,663.95,104217,2019-05-31,2019,654.3999999999999,649.8,665.5499999999998,672.0999999999999,667.5,656.35,660.0,659.0,660.9499999999999,656.6907,654.0592999999999,665.2092999999999,667.8407,638.65,683.2499999999999,,,0.0,0.0,0.0,9,40
2019-05-31 09:45:00,663.8,665.5,663.8,664.85,86371,2019-05-31,2019,654.3999999999999,649.8,665.5499999999998,672.0999999999999,667.5,656.35,660.0,659.0,660.9499999999999,656.6907,654.0592999999999,665.2092999999999,667.8407,638.65,683.2499999999999,,,0.0,0.0,0.0,9,45
2019-05-31 09:50:00,664.85,665.9,664.55,665.0,38024,2019-05-31,2019,654.3999999999999,649.8,665.5499999999998,672.0999999999999,667.5,656.35,660.0,659.0,660.9499999999999,656.6907,654.0592999999999,665.2092999999999,667.8407,638.65,683.2499999999999,Exit,Sell,665.5499999999998,0.0,0.0,9,50
2019-05-31 09:55:00,665.0,665.0,663.8,664.25,44377,2019-05-31,2019,654.3999999999999,649.8,665.5499999999998,672.0999999999999,667.5,656.35,660.0,659.0,660.9499999999999,656.6907,654.0592999999999,665.2092999999999,667.8407,638.65,683.2499999999999,,,0.0,0.0,0.0,9,55
2019-05-31 10:00:00,664.35,665.8,664.25,664.8,43035,2019-05-31,2019,654.3999999999999,649.8,665.5499999999998,672.0999999999999,667.5,656.35,660.0,659.0,660.9499999999999,656.6907,654.0592999999999,665.2092999999999,667.8407,638.65,683.2499999999999,,,0.0,0.0,0.0,10,0
2019-05-31 10:05:00,664.8,665.5,663.7,664.05,37864,2019-05-31,2019,654.3999999999999,649.8,665.5499999999998,672.0999999999999,667.5,656.35,660.0,659.0,660.9499999999999,656.6907,654.0592999999999,665.2092999999999,667.8407,638.65,683.2499999999999,,,0.0,0.0,0.0,10,5
2019-05-31 10:10:00,664.0,664.1,662.15,663.25,34561,2019-05-31,2019,654.3999999999999,649.8,665.5499999999998,672.0999999999999,667.5,656.35,660.0,659.0,660.9499999999999,656.6907,654.0592999999999,665.2092999999999,667.8407,638.65,683.2499999999999,,,0.0,0.0,0.0,10,10
2019-05-31 10:15:00,663.05,663.05,661.3,661.7,43676,2019-05-31,2019,654.3999999999999,649.8,665.5499999999998,672.0999999999999,667.5,656.35,660.0,659.0,660.9499999999999,656.6907,654.0592999999999,665.2092999999999,667.8407,638.65,683.2499999999999,,,0.0,0.0,0.0,10,15
2019-05-31 10:20:00,661.7,661.7,660.0,660.4,103968,2019-05-31,2019,654.3999999999999,649.8,665.5499999999998,672.0999999999999,667.5,656.35,660.0,659.0,660.9499999999999,656.6907,654.0592999999999,665.2092999999999,667.8407,638.65,683.2499999999999,,,0.0,0.0,0.0,10,20
2019-05-31 10:25:00,660.2,661.6,659.95,660.65,42076,2019-05-31,2019,654.3999999999999,649.8,665.5499999999998,672.0999999999999,667.5,656.35,660.0,659.0,660.9499999999999,656.6907,654.0592999999999,665.2092999999999,667.8407,638.65,683.2499999999999,,,0.0,0.0,0.0,10,25
2019-05-31 10:30:00,660.6,660.95,659.1,660.65,54046,2019-05-31,2019,654.3999999999999,649.8,665.5499999999998,672.0999999999999,667.5,656.35,660.0,659.0,660.9499999999999,656.6907,654.0592999999999,665.2092999999999,667.8407,638.65,683.2499999999999,,,0.0,0.0,0.0,10,30
2019-05-31 10:35:00,660.65,661.0,660.0,660.5,25194,2019-05-31,2019,654.3999999999999,649.8,665.5499999999998,672.0999999999999,667.5,656.35,660.0,659.0,660.9499999999999,656.6907,654.0592999999999,665.2092999999999,667.8407,638.65,683.2499999999999,,,0.0,0.0,0.0,10,35
2019-05-31 10:40:00,660.5,661.0,660.35,660.8,14839,2019-05-31,2019,654.3999999999999,649.8,665.5499999999998,672.0999999999999,667.5,656.35,660.0,659.0,660.9499999999999,656.6907,654.0592999999999,665.2092999999999,667.8407,638.65,683.2499999999999,,,0.0,0.0,0.0,10,40
2019-05-31 10:45:00,660.75,660.8,659.6,659.7,24111,2019-05-31,2019,654.3999999999999,649.8,665.5499999999998,672.0999999999999,667.5,656.35,660.0,659.0,660.9499999999999,656.6907,654.0592999999999,665.2092999999999,667.8407,638.65,683.2499999999999,,,0.0,0.0,0.0,10,45
2019-05-31 10:50:00,659.7,659.7,656.55,656.95,117023,2019-05-31,2019,654.3999999999999,649.8,665.5499999999998,672.0999999999999,667.5,656.35,660.0,659.0,660.9499999999999,656.6907,654.0592999999999,665.2092999999999,667.8407,638.65,683.2499999999999,Entry,Sell,657.25,650.0999999999999,665.9,10,50
2019-05-31 10:55:00,656.9,657.8,656.1,657.0,68099,2019-05-31,2019,654.3999999999999,649.8,665.5499999999998,672.0999999999999,667.5,656.35,660.0,659.0,660.9499999999999,656.6907,654.0592999999999,665.2092999999999,667.8407,638.65,683.2499999999999,,,0.0,0.0,0.0,10,55
2019-05-31 11:00:00,657.0,658.45,656.6,657.3,56577,2019-05-31,2019,654.3999999999999,649.8,665.5499999999998,672.0999999999999,667.5,656.35,660.0,659.0,660.9499999999999,656.6907,654.0592999999999,665.2092999999999,667.8407,638.65,683.2499999999999,,,0.0,0.0,0.0,11,0
2019-05-31 11:05:00,657.3,657.65,655.95,656.1,44377,2019-05-31,2019,654.3999999999999,649.8,665.5499999999998,672.0999999999999,667.5,656.35,660.0,659.0,660.9499999999999,656.6907,654.0592999999999,665.2092999999999,667.8407,638.65,683.2499999999999,,,0.0,0.0,0.0,11,5
2019-05-31 11:10:00,656.1,657.8,656.0,657.4,37819,2019-05-31,2019,654.3999999999999,649.8,665.5499999999998,672.0999999999999,667.5,656.35,660.0,659.0,660.9499999999999,656.6907,654.0592999999999,665.2092999999999,667.8407,638.65,683.2499999999999,,,0.0,0.0,0.0,11,10
2019-05-31 11:15:00,657.4,657.9,655.5,655.6,47896,2019-05-31,2019,654.3999999999999,649.8,665.5499999999998,672.0999999999999,667.5,656.35,660.0,659.0,660.9499999999999,656.6907,654.0592999999999,665.2092999999999,667.8407,638.65,683.2499999999999,,,0.0,0.0,0.0,11,15
2019-05-31 11:20:00,655.65,657.5,655.6,657.0,28035,2019-05-31,2019,654.3999999999999,649.8,665.5499999999998,672.0999999999999,667.5,656.35,660.0,659.0,660.9499999999999,656.6907,654.0592999999999,665.2092999999999,667.8407,638.65,683.2499999999999,,,0.0,0.0,0.0,11,20
2019-05-31 11:25:00,657.0,657.5,656.0,657.05,17329,2019-05-31,2019,654.3999999999999,649.8,665.5499999999998,672.0999999999999,667.5,656.35,660.0,659.0,660.9499999999999,656.6907,654.0592999999999,665.2092999999999,667.8407,638.65,683.2499999999999,,,0.0,0.0,0.0,11,25
2019-05-31 11:30:00,657.05,657.9,656.5,656.5,30108,2019-05-31,2019,654.3999999999999,649.8,665.5499999999998,672.0999999999999,667.5,656.35,660.0,659.0,660.9499999999999,656.6907,654.0592999999999,665.2092999999999,667.8407,638.65,683.2499999999999,,,0.0,0.0,0.0,11,30
2019-05-31 11:35:00,656.5,658.0,656.5,657.3,20777,2019-05-31,2019,654.3999999999999,649.8,665.5499999999998,672.0999999999999,667.5,656.35,660.0,659.0,660.9499999999999,656.6907,654.0592999999999,665.2092999999999,667.8407,638.65,683.2499999999999,,,0.0,0.0,0.0,11,35
2019-05-31 11:40:00,657.3,657.3,655.8,655.8,17423,2019-05-31,2019,654.3999999999999,649.8,665.5499999999998,672.0999999999999,667.5,656.35,660.0,659.0,660.9499999999999,656.6907,654.0592999999999,665.2092999999999,667.8407,638.65,683.2499999999999,,,0.0,0.0,0.0,11,40
2019-05-31 11:45:00,655.8,655.8,654.5,655.25,60231,2019-05-31,2019,654.3999999999999,649.8,665.5499999999998,672.0999999999999,667.5,656.35,660.0,659.0,660.9499999999999,656.6907,654.0592999999999,665.2092999999999,667.8407,638.65,683.2499999999999,,,0.0,0.0,0.0,11,45
2019-05-31 11:50:00,655.25,656.3,653.8,653.8,53319,2019-05-31,2019,654.3999999999999,649.8,665.5499999999998,672.0999999999999,667.5,656.35,660.0,659.0,660.9499999999999,656.6907,654.0592999999999,665.2092999999999,667.8407,638.65,683.2499999999999,,,0.0,0.0,0.0,11,50
2019-05-31 11:55:00,654.1,655.2,652.95,652.95,107398,2019-05-31,2019,654.3999999999999,649.8,665.5499999999998,672.0999999999999,667.5,656.35,660.0,659.0,660.9499999999999,656.6907,654.0592999999999,665.2092999999999,667.8407,638.65,683.2499999999999,Exit,Buy,654.621,658.3616999999999,653.8,11,55
2019-05-31 12:00:00,652.95,656.0,651.8,655.15,136565,2019-05-31,2019,654.3999999999999,649.8,665.5499999999998,672.0999999999999,667.5,656.35,660.0,659.0,660.9499999999999,656.6907,654.0592999999999,665.2092999999999,667.8407,638.65,683.2499999999999,Exit,Sell,653.8,648.4499999999999,665.9,12,0
2019-05-31 12:05:00,655.15,657.3,654.0,654.5,52728,2019-05-31,2019,654.3999999999999,649.8,665.5499999999998,672.0999999999999,667.5,656.35,660.0,659.0,660.9499999999999,656.6907,654.0592999999999,665.2092999999999,667.8407,638.65,683.2499999999999,,,0.0,0.0,0.0,12,5
2019-05-31 12:10:00,654.55,656.2,653.55,655.9,64542,2019-05-31,2019,654.3999999999999,649.8,665.5499999999998,672.0999999999999,667.5,656.35,660.0,659.0,660.9499999999999,656.6907,654.0592999999999,665.2092999999999,667.8407,638.65,683.2499999999999,,,0.0,0.0,0.0,12,10
2019-05-31 12:15:00,655.9,656.1,654.7,655.8,37417,2019-05-31,2019,654.3999999999999,649.8,665.5499999999998,672.0999999999999,667.5,656.35,660.0,659.0,660.9499999999999,656.6907,654.0592999999999,665.2092999999999,667.8407,638.65,683.2499999999999,,,0.0,0.0,0.0,12,15
2019-05-31 12:20:00,656.05,656.05,654.55,655.0,42558,2019-05-31,2019,654.3999999999999,649.8,665.5499999999998,672.0999999999999,667.5,656.35,660.0,659.0,660.9499999999999,656.6907,654.0592999999999,665.2092999999999,667.8407,638.65,683.2499999999999,,,0.0,0.0,0.0,12,20
2019-05-31 12:25:00,655.0,655.25,654.1,654.15,54134,2019-05-31,2019,654.3999999999999,649.8,665.5499999999998,672.0999999999999,667.5,656.35,660.0,659.0,660.9499999999999,656.6907,654.0592999999999,665.2092999999999,667.8407,638.65,683.2499999999999,,,0.0,0.0,0.0,12,25
2019-05-31 12:30:00,654.15,654.75,652.0,653.15,80487,2019-05-31,2019,654.3999999999999,649.8,665.5499999999998,672.0999999999999,667.5,656.35,660.0,659.0,660.9499999999999,656.6907,654.0592999999999,665.2092999999999,667.8407,638.65,683.2499999999999,,,0.0,0.0,0.0,12,30
2019-05-31 12:35:00,653.1,654.2,652.8,653.6,44032,2019-05-31,2019,654.3999999999999,649.8,665.5499999999998,672.0999999999999,667.5,656.35,660.0,659.0,660.9499999999999,656.6907,654.0592999999999,665.2092999999999,667.8407,638.65,683.2499999999999,,,0.0,0.0,0.0,12,35
2019-05-31 12:40:00,653.65,653.65,652.1,652.85,39240,2019-05-31,2019,654.3999999999999,649.8,665.5499999999998,672.0999999999999,667.5,656.35,660.0,659.0,660.9499999999999,656.6907,654.0592999999999,665.2092999999999,667.8407,638.65,683.2499999999999,,,0.0,0.0,0.0,12,40
2019-05-31 12:45:00,652.85,653.55,651.45,651.45,56230,2019-05-31,2019,654.3999999999999,649.8,665.5499999999998,672.0999999999999,667.5,656.35,660.0,659.0,660.9499999999999,656.6907,654.0592999999999,665.2092999999999,667.8407,638.65,683.2499999999999,,,0.0,0.0,0.0,12,45
2019-05-31 12:50:00,651.3,653.3,651.3,653.2,76554,2019-05-31,2019,654.3999999999999,649.8,665.5499999999998,672.0999999999999,667.5,656.35,660.0,659.0,660.9499999999999,656.6907,654.0592999999999,665.2092999999999,667.8407,638.65,683.2499999999999,,,0.0,0.0,0.0,12,50
2019-05-31 12:55:00,653.2,653.3,651.75,652.05,40681,2019-05-31,2019,654.3999999999999,649.8,665.5499999999998,672.0999999999999,667.5,656.35,660.0,659.0,660.9499999999999,656.6907,654.0592999999999,665.2092999999999,667.8407,638.65,683.2499999999999,,,0.0,0.0,0.0,12,55
2019-05-31 13:00:00,651.95,653.2,651.8,651.9,36951,2019-05-31,2019,654.3999999999999,649.8,665.5499999999998,672.0999999999999,667.5,656.35,660.0,659.0,660.9499999999999,656.6907,654.0592999999999,665.2092999999999,667.8407,638.65,683.2499999999999,,,0.0,0.0,0.0,13,0
2019-05-31 13:05:00,651.9,652.0,650.2,650.65,52952,2019-05-31,2019,654.3999999999999,649.8,665.5499999999998,672.0999999999999,667.5,656.35,660.0,659.0,660.9499999999999,656.6907,654.0592999999999,665.2092999999999,667.8407,638.65,683.2499999999999,,,0.0,0.0,0.0,13,5
2019-05-31 13:10:00,650.65,651.0,648.6,649.55,74024,2019-05-31,2019,654.3999999999999,649.8,665.5499999999998,672.0999999999999,667.5,656.35,660.0,659.0,660.9499999999999,656.6907,654.0592999999999,665.2092999999999,667.8407,638.65,683.2499999999999,,,0.0,0.0,0.0,13,10
2019-05-31 13:15:00,649.6,651.5,649.6,650.6,35722,2019-05-31,2019,654.3999999999999,649.8,665.5499999999998,672.0999999999999,667.5,656.35,660.0,659.0,660.9499999999999,656.6907,654.0592999999999,665.2092999999999,667.8407,638.65,683.2499999999999,Exit,Buy,651.1848,654.6440999999999,648.6,13,15
2019-05-31 13:20:00,650.5,651.0,647.5,648.3,75775,2019-05-31,2019,654.3999999999999,649.8,665.5499999999998,672.0999999999999,667.5,656.35,660.0,659.0,660.9499999999999,656.6907,654.0592999999999,665.2092999999999,667.8407,638.65,683.2499999999999,Exit,Sell,648.6,638.95,665.9,13,20
2019-05-31 13:25:00,648.25,648.3,647.05,647.45,40315,2019-05-31,2019,654.3999999999999,649.8,665.5499999999998,672.0999999999999,667.5,656.35,660.0,659.0,660.9499999999999,656.6907,654.0592999999999,665.2092999999999,667.8407,638.65,683.2499999999999,,,0.0,0.0,0.0,13,25
2019-05-31 13:30:00,647.65,649.0,647.45,648.6,30146,2019-05-31,2019,654.3999999999999,649.8,665.5499999999998,672.0999999999999,667.5,656.35,660.0,659.0,660.9499999999999,656.6907,654.0592999999999,665.2092999999999,667.8407,638.65,683.2499999999999,,,0.0,0.0,0.0,13,30
2019-05-31 13:35:00,648.75,649.0,647.85,649.0,17584,2019-05-31,2019,654.3999999999999,649.8,665.5499999999998,672.0999999999999,667.5,656.35,660.0,659.0,660.9499999999999,656.6907,654.0592999999999,665.2092999999999,667.8407,638.65,683.2499999999999,,,0.0,0.0,0.0,13,35
2019-05-31 13:40:00,648.95,649.5,648.3,649.25,18095,2019-05-31,2019,654.3999999999999,649.8,665.5499999999998,672.0999999999999,667.5,656.35,660.0,659.0,660.9499999999999,656.6907,654.0592999999999,665.2092999999999,667.8407,638.65,683.2499999999999,,,0.0,0.0,0.0,13,40
2019-05-31 13:45:00,649.25,649.8,648.8,649.35,19232,2019-05-31,2019,654.3999999999999,649.8,665.5499999999998,672.0999999999999,667.5,656.35,660.0,659.0,660.9499999999999,656.6907,654.0592999999999,665.2092999999999,667.8407,638.65,683.2499999999999,,,0.0,0.0,0.0,13,45
2019-05-31 13:50:00,649.35,651.3,649.25,650.55,24647,2019-05-31,2019,654.3999999999999,649.8,665.5499999999998,672.0999999999999,667.5,656.35,660.0,659.0,660.9499999999999,656.6907,654.0592999999999,665.2092999999999,667.8407,638.65,683.2499999999999,,,0.0,0.0,0.0,13,50
2019-05-31 13:55:00,650.55,650.7,649.5,650.1,21621,2019-05-31,2019,654.3999999999999,649.8,665.5499999999998,672.0999999999999,667.5,656.35,660.0,659.0,660.9499999999999,656.6907,654.0592999999999,665.2092999999999,667.8407,638.65,683.2499999999999,,,0.0,0.0,0.0,13,55
2019-05-31 14:00:00,650.15,650.6,649.55,650.2,18977,2019-05-31,2019,654.3999999999999,649.8,665.5499999999998,672.0999999999999,667.5,656.35,660.0,659.0,660.9499999999999,656.6907,654.0592999999999,665.2092999999999,667.8407,638.65,683.2499999999999,,,0.0,0.0,0.0,14,0
2019-05-31 14:05:00,650.2,651.9,650.05,651.4,27700,2019-05-31,2019,654.3999999999999,649.8,665.5499999999998,672.0999999999999,667.5,656.35,660.0,659.0,660.9499999999999,656.6907,654.0592999999999,665.2092999999999,667.8407,638.65,683.2499999999999,,,0.0,0.0,0.0,14,5
2019-05-31 14:10:00,651.15,651.25,649.0,649.0,40955,2019-05-31,2019,654.3999999999999,649.8,665.5499999999998,672.0999999999999,667.5,656.35,660.0,659.0,660.9499999999999,656.6907,654.0592999999999,665.2092999999999,667.8407,638.65,683.2499999999999,,,0.0,0.0,0.0,14,10
2019-05-31 14:15:00,649.05,649.05,647.75,648.3,36983,2019-05-31,2019,654.3999999999999,649.8,665.5499999999998,672.0999999999999,667.5,656.35,660.0,659.0,660.9499999999999,656.6907,654.0592999999999,665.2092999999999,667.8407,638.65,683.2499999999999,,,0.0,0.0,0.0,14,15
2019-05-31 14:20:00,648.25,648.3,647.15,647.7,35836,2019-05-31,2019,654.3999999999999,649.8,665.5499999999998,672.0999999999999,667.5,656.35,660.0,659.0,660.9499999999999,656.6907,654.0592999999999,665.2092999999999,667.8407,638.65,683.2499999999999,,,0.0,0.0,0.0,14,20
2019-05-31 14:25:00,647.6,648.0,647.1,647.35,25191,2019-05-31,2019,654.3999999999999,649.8,665.5499999999998,672.0999999999999,667.5,656.35,660.0,659.0,660.9499999999999,656.6907,654.0592999999999,665.2092999999999,667.8407,638.65,683.2499999999999,,,0.0,0.0,0.0,14,25
2019-05-31 14:30:00,647.65,648.0,646.35,646.5,35266,2019-05-31,2019,654.3999999999999,649.8,665.5499999999998,672.0999999999999,667.5,656.35,660.0,659.0,660.9499999999999,656.6907,654.0592999999999,665.2092999999999,667.8407,638.65,683.2499999999999,,,0.0,0.0,0.0,14,30
2019-05-31 14:35:00,646.5,648.3,646.35,647.5,27990,2019-05-31,2019,654.3999999999999,649.8,665.5499999999998,672.0999999999999,667.5,656.35,660.0,659.0,660.9499999999999,656.6907,654.0592999999999,665.2092999999999,667.8407,638.65,683.2499999999999,,,0.0,0.0,0.0,14,35
2019-05-31 14:40:00,647.75,648.4,647.3,647.5,27957,2019-05-31,2019,654.3999999999999,649.8,665.5499999999998,672.0999999999999,667.5,656.35,660.0,659.0,660.9499999999999,656.6907,654.0592999999999,665.2092999999999,667.8407,638.65,683.2499999999999,,,0.0,0.0,0.0,14,40
2019-05-31 14:45:00,647.55,647.95,646.65,646.8,27948,2019-05-31,2019,654.3999999999999,649.8,665.5499999999998,672.0999999999999,667.5,656.35,660.0,659.0,660.9499999999999,656.6907,654.0592999999999,665.2092999999999,667.8407,638.65,683.2499999999999,,,0.0,0.0,0.0,14,45
2019-05-31 14:50:00,646.8,646.95,645.7,645.7,51420,2019-05-31,2019,654.3999999999999,649.8,665.5499999999998,672.0999999999999,667.5,656.35,660.0,659.0,660.9499999999999,656.6907,654.0592999999999,665.2092999999999,667.8407,638.65,683.2499999999999,,,0.0,0.0,0.0,14,50
2019-05-31 14:55:00,645.7,646.95,645.5,646.3,35402,2019-05-31,2019,654.3999999999999,649.8,665.5499999999998,672.0999999999999,667.5,656.35,660.0,659.0,660.9499999999999,656.6907,654.0592999999999,665.2092999999999,667.8407,638.65,683.2499999999999,,,0.0,0.0,0.0,14,55
2019-05-31 15:00:00,646.35,647.4,646.25,647.4,78414,2019-05-31,2019,654.3999999999999,649.8,665.5499999999998,672.0999999999999,667.5,656.35,660.0,659.0,660.9499999999999,656.6907,654.0592999999999,665.2092999999999,667.8407,638.65,683.2499999999999,,,0.0,0.0,0.0,15,0
2019-05-31 15:05:00,647.35,648.0,647.2,647.7,94997,2019-05-31,2019,654.3999999999999,649.8,665.5499999999998,672.0999999999999,667.5,656.35,660.0,659.0,660.9499999999999,656.6907,654.0592999999999,665.2092999999999,667.8407,638.65,683.2499999999999,,,0.0,0.0,0.0,15,5
2019-05-31 15:10:00,647.7,647.9,646.5,646.65,106700,2019-05-31,2019,654.3999999999999,649.8,665.5499999999998,672.0999999999999,667.5,656.35,660.0,659.0,660.9499999999999,656.6907,654.0592999999999,665.2092999999999,667.8407,638.65,683.2499999999999,,,0.0,0.0,0.0,15,10
2019-05-31 15:15:00,646.65,646.7,645.5,645.8,116146,2019-05-31,2019,654.3999999999999,649.8,665.5499999999998,672.0999999999999,667.5,656.35,660.0,659.0,660.9499999999999,656.6907,654.0592999999999,665.2092999999999,667.8407,638.65,683.2499999999999,,,0.0,0.0,0.0,15,15
2019-05-31 15:20:00,645.8,645.85,645.1,645.3,100606,2019-05-31,2019,654.3999999999999,649.8,665.5499999999998,672.0999999999999,667.5,656.35,660.0,659.0,660.9499999999999,656.6907,654.0592999999999,665.2092999999999,667.8407,638.65,683.2499999999999,Exit,Buy,645.3,0.0,0.0,15,20
2019-05-31 15:25:00,645.3,651.7,645.1,648.0,151431,2019-05-31,2019,654.3999999999999,649.8,665.5499999999998,672.0999999999999,667.5,656.35,660.0,659.0,660.9499999999999,656.6907,654.0592999999999,665.2092999999999,667.8407,638.65,683.2499999999999,,,0.0,0.0,0.0,15,25
